Datetime,Open,High,Low,Close,Volume
2026-07-16 09:30:00,4041.800048828125,4043.10009765625,4037.10009765625,4042.0,276
2026-07-16 09:45:00,4041.89990234375,4041.89990234375,4037.0,4039.10009765625,349
2026-07-16 10:00:00,4039.300048828125,4040.300048828125,4037.0,4037.89990234375,273
2026-07-16 10:15:00,4037.39990234375,4040.5,4037.300048828125,4038.300048828125,192
2026-07-16 10:30:00,4038.199951171875,4038.89990234375,4034.39990234375,4034.800048828125,428
2026-07-16 10:45:00,4051.800048828125,4051.800048828125,4031.60009765625,4032.699951171875,661
2026-07-16 11:00:00,4032.60009765625,4038.5,4030.300048828125,4037.60009765625,900
2026-07-16 11:15:00,4037.800048828125,4038.10009765625,4030.89990234375,4032.199951171875,824
2026-07-16 11:30:00,4032.39990234375,4041.5,4032.39990234375,4037.199951171875,1106
2026-07-16 11:45:00,4037.5,4038.10009765625,4032.699951171875,4035.300048828125,850
2026-07-16 12:00:00,4035.10009765625,4035.699951171875,4027.699951171875,4032.10009765625,1412
2026-07-16 12:15:00,4031.800048828125,4036.60009765625,4031.39990234375,4035.800048828125,453
2026-07-16 12:30:00,4035.60009765625,4035.800048828125,4030.800048828125,4031.5,493
2026-07-16 12:45:00,4031.199951171875,4031.800048828125,4028.699951171875,4029.5,795
2026-07-16 13:00:00,4029.10009765625,4033.199951171875,4027.800048828125,4031.39990234375,893
2026-07-16 13:15:00,4031.39990234375,4037.10009765625,4031.10009765625,4036.10009765625,985
2026-07-16 13:30:00,4035.5,4039.300048828125,4030.10009765625,4030.89990234375,1026
2026-07-16 13:45:00,4030.800048828125,4038.39990234375,4030.0,4036.89990234375,826
2026-07-16 14:00:00,4037.0,4040.699951171875,4036.89990234375,4038.699951171875,798
2026-07-16 14:15:00,4039.300048828125,4041.699951171875,4038.300048828125,4040.300048828125,478
2026-07-16 14:30:00,4040.60009765625,4042.60009765625,4040.39990234375,4042.10009765625,423
2026-07-16 14:45:00,4042.300048828125,4043.199951171875,4036.0,4038.10009765625,839
2026-07-16 15:00:00,4038.39990234375,4040.699951171875,4035.699951171875,4039.699951171875,989
2026-07-16 15:15:00,4040.10009765625,4042.10009765625,4037.199951171875,4037.39990234375,794
2026-07-16 15:30:00,4037.199951171875,4038.300048828125,4035.0,4037.10009765625,513
2026-07-16 15:45:00,4037.39990234375,4040.10009765625,4036.89990234375,4038.699951171875,277
2026-07-16 16:00:00,4039.199951171875,4040.10009765625,4037.0,4038.60009765625,246
2026-07-16 16:15:00,4038.699951171875,4038.699951171875,4034.39990234375,4035.10009765625,481
2026-07-16 16:30:00,4035.199951171875,4035.800048828125,4031.39990234375,4033.300048828125,703
2026-07-16 16:45:00,4033.10009765625,4033.10009765625,4026.199951171875,4029.39990234375,1194
2026-07-16 17:00:00,4029.39990234375,4041.699951171875,4028.5,4040.60009765625,1179
2026-07-16 17:15:00,4040.89990234375,4048.39990234375,4032.800048828125,4044.10009765625,3027
2026-07-16 17:30:00,4044.39990234375,4048.699951171875,4032.699951171875,4036.89990234375,2935
2026-07-16 17:45:00,4036.800048828125,4037.39990234375,4017.39990234375,4030.199951171875,6720
2026-07-16 18:00:00,4030.300048828125,4034.5,4004.800048828125,4007.10009765625,5075
2026-07-16 18:15:00,4006.89990234375,4013.300048828125,3994.199951171875,3996.39990234375,6456
2026-07-16 18:30:00,3996.300048828125,4001.10009765625,3977.10009765625,3996.0,8269
2026-07-16 18:45:00,3996.300048828125,4010.5,3995.39990234375,4009.800048828125,3413
2026-07-16 19:00:00,4010.10009765625,4012.60009765625,3985.5,3990.300048828125,5412
2026-07-16 19:15:00,3990.10009765625,4001.10009765625,3990.0,3994.0,2155
2026-07-16 19:30:00,3993.89990234375,4001.60009765625,3991.199951171875,3992.800048828125,2305
2026-07-16 19:45:00,3993.10009765625,4005.0,3991.60009765625,4004.0,1788
2026-07-16 20:00:00,4003.300048828125,4009.39990234375,3999.800048828125,4009.199951171875,2319
2026-07-16 20:15:00,4009.39990234375,4011.0,3996.5,4002.0,2024
2026-07-16 20:30:00,4002.199951171875,4002.699951171875,3993.300048828125,3997.0,1799
2026-07-16 20:45:00,3996.800048828125,4021.800048828125,3996.800048828125,4015.5,3528
2026-07-16 21:00:00,4015.800048828125,4021.199951171875,4011.699951171875,4014.60009765625,2260
2026-07-16 21:15:00,4015.10009765625,4017.699951171875,4009.89990234375,4011.800048828125,1623
2026-07-16 21:30:00,4011.39990234375,4012.300048828125,3993.89990234375,3993.89990234375,2091
2026-07-16 21:45:00,3993.800048828125,3996.0,3986.5,3991.5,2813
2026-07-16 22:00:00,3992.0,3996.800048828125,3991.300048828125,3996.300048828125,1417
2026-07-16 22:15:00,3996.0,4001.39990234375,3993.5,3996.39990234375,1207
2026-07-16 22:30:00,3996.699951171875,3997.300048828125,3988.89990234375,3989.89990234375,1666
2026-07-16 22:45:00,3990.300048828125,3993.5,3987.199951171875,3992.300048828125,3101
2026-07-16 23:00:00,3992.10009765625,3993.300048828125,3983.89990234375,3985.89990234375,1709
2026-07-16 23:15:00,3986.10009765625,3992.199951171875,3985.300048828125,3989.5,594
2026-07-16 23:30:00,3989.699951171875,3994.10009765625,3988.300048828125,3990.0,923
2026-07-16 23:45:00,3989.800048828125,3995.199951171875,3988.89990234375,3991.39990234375,613
2026-07-17 00:00:00,3991.10009765625,3991.10009765625,3981.0,3987.699951171875,1689
2026-07-17 00:15:00,3987.5,3989.699951171875,3983.89990234375,3984.699951171875,617
2026-07-17 00:30:00,3984.89990234375,3990.800048828125,3983.300048828125,3985.10009765625,698
2026-07-17 00:45:00,3984.800048828125,3988.89990234375,3983.0,3983.60009765625,478
2026-07-17 01:00:00,3983.800048828125,3984.0,3973.39990234375,3980.199951171875,1886
2026-07-17 01:15:00,3979.699951171875,3986.89990234375,3977.199951171875,3984.60009765625,1135
2026-07-17 01:30:00,3984.800048828125,3984.800048828125,3978.699951171875,3979.300048828125,486
2026-07-17 01:45:00,3978.89990234375,3979.699951171875,3976.199951171875,3979.0,378
2026-07-17 02:00:00,3979.300048828125,3980.5,3977.60009765625,3978.5,151
2026-07-17 02:15:00,3978.5,3981.0,3978.199951171875,3979.89990234375,302
2026-07-17 03:30:00,3980.10009765625,3984.10009765625,3979.10009765625,3979.39990234375,234
2026-07-17 03:45:00,3980.10009765625,3981.199951171875,3978.199951171875,3979.89990234375,219
2026-07-17 04:00:00,3980.199951171875,3980.60009765625,3976.800048828125,3977.39990234375,217
2026-07-17 04:15:00,3977.10009765625,3982.199951171875,3976.89990234375,3982.10009765625,248
2026-07-17 04:30:00,3982.10009765625,3984.0,3978.60009765625,3983.60009765625,358
2026-07-17 04:45:00,3983.300048828125,3984.300048828125,3981.300048828125,3982.5,287
2026-07-17 05:00:00,3981.89990234375,3985.699951171875,3979.0,3984.89990234375,578
2026-07-17 05:15:00,3984.89990234375,3989.89990234375,3980.199951171875,3989.199951171875,366
2026-07-17 05:30:00,3989.5,3991.10009765625,3986.800048828125,3987.10009765625,377
2026-07-17 05:45:00,3987.800048828125,3994.300048828125,3987.199951171875,3988.199951171875,547
2026-07-17 06:00:00,3988.0,3988.39990234375,3983.800048828125,3985.5,520
2026-07-17 06:15:00,3985.699951171875,3995.89990234375,3985.300048828125,3995.89990234375,708
2026-07-17 06:30:00,3996.0,3999.0,3991.199951171875,3996.0,1173
2026-07-17 06:45:00,3995.800048828125,4000.10009765625,3991.5,3994.89990234375,997
2026-07-17 07:00:00,3993.699951171875,3999.10009765625,3992.0,3994.699951171875,723
2026-07-17 07:15:00,3994.699951171875,3996.10009765625,3982.699951171875,3986.5,1303
2026-07-17 07:30:00,3987.0,3991.10009765625,3983.300048828125,3984.5,509
2026-07-17 07:45:00,3984.199951171875,3987.89990234375,3984.10009765625,3986.60009765625,304
2026-07-17 08:00:00,3986.10009765625,3987.39990234375,3974.10009765625,3978.39990234375,893
2026-07-17 08:15:00,3978.0,3983.39990234375,3977.699951171875,3982.199951171875,640
2026-07-17 08:30:00,3982.5,3996.800048828125,3982.199951171875,3992.199951171875,1169
2026-07-17 08:45:00,3992.199951171875,4012.199951171875,3992.199951171875,4005.10009765625,2495
2026-07-17 09:00:00,4004.800048828125,4005.300048828125,3999.699951171875,4000.89990234375,763
2026-07-17 09:15:00,4001.300048828125,4002.199951171875,3994.0,3995.699951171875,699
2026-07-17 09:30:00,3995.0,3995.10009765625,3990.199951171875,3992.10009765625,435
2026-07-17 09:45:00,3992.199951171875,3993.39990234375,3988.300048828125,3989.5,880
2026-07-17 10:00:00,3989.60009765625,3991.60009765625,3983.10009765625,3984.800048828125,751
2026-07-17 10:15:00,3985.5,3987.89990234375,3983.5,3985.0,438
2026-07-17 10:30:00,3984.800048828125,3986.0,3980.199951171875,3983.0,673
2026-07-17 10:45:00,3982.5,3985.199951171875,3978.39990234375,3982.89990234375,1218
2026-07-17 11:00:00,3983.0,3994.0,3981.5,3990.5,1449
2026-07-17 11:15:00,3990.10009765625,3995.300048828125,3985.199951171875,3988.60009765625,988
2026-07-17 11:30:00,3988.60009765625,4004.5,3988.5,4003.60009765625,1125
2026-07-17 11:45:00,4003.60009765625,4009.699951171875,4001.39990234375,4007.5,1460
2026-07-17 12:00:00,4007.199951171875,4010.699951171875,3999.300048828125,4000.0,858
2026-07-17 12:15:00,3999.800048828125,4005.300048828125,3999.800048828125,4003.10009765625,574
2026-07-17 12:30:00,4003.10009765625,4006.60009765625,3997.10009765625,4000.300048828125,928
2026-07-17 12:45:00,4000.300048828125,4003.199951171875,3998.0,4000.0,480
2026-07-17 13:00:00,4000.39990234375,4002.5,3998.0,4002.5,482
2026-07-17 13:15:00,4002.5,4002.60009765625,3996.699951171875,3997.0,320
2026-07-17 13:30:00,3996.60009765625,4003.800048828125,3995.10009765625,3996.800048828125,643
2026-07-17 13:45:00,3996.800048828125,3999.199951171875,3992.0,3996.300048828125,1515
2026-07-17 14:00:00,3996.300048828125,3997.199951171875,3991.300048828125,3996.89990234375,325
2026-07-17 14:15:00,3996.800048828125,4003.39990234375,3995.60009765625,3998.39990234375,769
2026-07-17 14:30:00,3997.89990234375,4002.5,3996.800048828125,4002.10009765625,568
2026-07-17 14:45:00,4002.10009765625,4006.5,3999.800048828125,4002.89990234375,867
2026-07-17 15:00:00,4003.39990234375,4003.800048828125,3999.10009765625,3999.5,543
2026-07-17 15:15:00,3999.89990234375,4002.39990234375,3998.60009765625,4001.800048828125,475
2026-07-17 15:30:00,4001.699951171875,4002.39990234375,3998.800048828125,4000.800048828125,482
2026-07-17 15:45:00,4001.10009765625,4002.89990234375,3998.0,3999.60009765625,852
2026-07-17 16:00:00,3999.800048828125,4000.89990234375,3997.199951171875,4000.0,674
2026-07-17 16:15:00,3999.800048828125,4000.89990234375,3994.10009765625,3994.39990234375,630
2026-07-17 16:30:00,3994.5,3997.89990234375,3993.699951171875,3995.5,427
2026-07-17 16:45:00,3995.300048828125,4000.10009765625,3993.60009765625,3999.39990234375,664
2026-07-17 17:00:00,3999.800048828125,4000.300048828125,3995.10009765625,3995.800048828125,539
2026-07-17 17:15:00,3995.699951171875,4002.699951171875,3995.199951171875,3997.89990234375,1153
2026-07-17 17:30:00,3998.199951171875,3999.60009765625,3991.800048828125,3993.300048828125,1643
2026-07-17 17:45:00,3994.199951171875,3995.89990234375,3987.800048828125,3990.800048828125,1571
2026-07-17 18:00:00,3991.0,3991.800048828125,3968.60009765625,3973.300048828125,3597
2026-07-17 18:15:00,3973.0,3977.0,3967.699951171875,3969.5,3077
2026-07-17 18:30:00,3970.10009765625,3979.60009765625,3963.0,3974.199951171875,4464
2026-07-17 18:45:00,3973.5,3978.699951171875,3970.699951171875,3971.89990234375,1906
2026-07-17 19:00:00,3971.89990234375,4007.89990234375,3967.10009765625,3988.5,6794
2026-07-17 19:15:00,3989.0,4001.39990234375,3984.800048828125,4001.39990234375,3291
2026-07-17 19:30:00,4000.699951171875,4005.10009765625,3994.199951171875,3999.199951171875,3692
2026-07-17 19:45:00,3999.10009765625,4008.89990234375,3997.60009765625,4002.699951171875,2647
2026-07-17 20:00:00,4002.800048828125,4003.89990234375,3996.300048828125,4002.300048828125,1758
2026-07-17 20:15:00,4002.10009765625,4005.800048828125,3997.199951171875,4005.5,1586
2026-07-17 20:30:00,4005.5,4019.39990234375,4002.0,4009.699951171875,5664
2026-07-17 20:45:00,4010.300048828125,4018.10009765625,4009.0,4018.10009765625,1640
2026-07-17 21:00:00,4017.89990234375,4021.199951171875,4013.60009765625,4020.199951171875,2703
2026-07-17 21:15:00,4020.300048828125,4026.10009765625,4018.5,4024.10009765625,2574
2026-07-17 21:30:00,4024.39990234375,4025.199951171875,4016.0,4022.699951171875,3006
2026-07-17 21:45:00,4022.89990234375,4028.89990234375,4021.89990234375,4023.800048828125,2067
2026-07-17 22:00:00,4023.800048828125,4024.10009765625,4017.5,4022.300048828125,1611
2026-07-17 22:15:00,4022.10009765625,4025.39990234375,4019.39990234375,4019.60009765625,2161
2026-07-17 22:30:00,4020.0,4024.0,4018.10009765625,4018.39990234375,1120
2026-07-17 22:45:00,4018.10009765625,4020.800048828125,4017.0,4018.699951171875,1949
2026-07-17 23:00:00,4018.699951171875,4019.5,4014.699951171875,4016.0,815
2026-07-17 23:15:00,4015.699951171875,4018.300048828125,4012.89990234375,4014.800048828125,865
2026-07-17 23:30:00,4014.89990234375,4017.89990234375,4012.5,4015.5,773
2026-07-17 23:45:00,4015.300048828125,4021.10009765625,4014.10009765625,4020.699951171875,572
2026-07-18 00:00:00,4020.300048828125,4021.300048828125,4012.0,4013.0,845
2026-07-18 00:15:00,4013.10009765625,4017.199951171875,4011.60009765625,4016.10009765625,605
2026-07-18 00:30:00,4016.39990234375,4016.39990234375,4008.89990234375,4010.800048828125,731
2026-07-18 00:45:00,4010.5,4011.300048828125,4006.800048828125,4009.89990234375,683
2026-07-18 01:00:00,4009.89990234375,4014.800048828125,4009.60009765625,4014.699951171875,665
2026-07-18 01:15:00,4014.89990234375,4020.89990234375,4013.89990234375,4019.89990234375,823
2026-07-18 01:30:00,4019.89990234375,4020.300048828125,4016.300048828125,4016.800048828125,429
2026-07-18 01:45:00,4016.89990234375,4017.10009765625,4013.5,4015.39990234375,228
2026-07-18 02:00:00,4015.699951171875,4018.10009765625,4013.199951171875,4017.699951171875,230
2026-07-18 02:15:00,4017.699951171875,4023.0,4017.5,4018.800048828125,491
2026-07-20 03:30:00,4001.0,4001.800048828125,3999.699951171875,4000.300048828125,54
2026-07-20 03:45:00,4000.0,4004.39990234375,3998.300048828125,3998.800048828125,443
2026-07-20 04:00:00,3998.0,4002.800048828125,3996.89990234375,4000.60009765625,514
2026-07-20 04:15:00,4000.800048828125,4002.300048828125,3997.89990234375,3997.89990234375,258
2026-07-20 04:30:00,3999.300048828125,3999.300048828125,3994.300048828125,3994.5,369
2026-07-20 04:45:00,3995.0,3998.0,3993.800048828125,3996.699951171875,225
2026-07-20 05:00:00,3996.5,3998.0,3993.5,3996.0,314
2026-07-20 05:15:00,3996.5,4000.10009765625,3993.0,3999.199951171875,460
2026-07-20 05:30:00,3999.60009765625,4003.10009765625,3986.5,4000.0,2111
2026-07-20 05:45:00,4000.10009765625,4010.10009765625,3997.800048828125,4008.60009765625,980
2026-07-20 06:00:00,4008.39990234375,4011.800048828125,4002.39990234375,4002.89990234375,976
2026-07-20 06:15:00,4003.5,4014.5,4002.800048828125,4013.699951171875,761
2026-07-20 06:30:00,4013.5,4025.699951171875,4009.89990234375,4014.300048828125,2797
2026-07-20 06:45:00,4014.89990234375,4014.89990234375,4004.10009765625,4007.5,1337
2026-07-20 07:00:00,4007.300048828125,4010.39990234375,4000.10009765625,4001.5,624
2026-07-20 07:15:00,4001.60009765625,4008.800048828125,4001.60009765625,4007.0,490
2026-07-20 07:30:00,4007.300048828125,4014.699951171875,4006.0,4011.300048828125,780
2026-07-20 07:45:00,4011.5,4013.39990234375,4008.800048828125,4011.5,208
2026-07-20 08:00:00,4011.39990234375,4021.10009765625,4010.699951171875,4019.800048828125,698
2026-07-20 08:15:00,4019.60009765625,4034.199951171875,4019.0,4027.10009765625,2063
2026-07-20 08:30:00,4026.699951171875,4029.10009765625,4023.5,4029.0,521
2026-07-20 08:45:00,4028.800048828125,4031.699951171875,4026.699951171875,4027.5,482
2026-07-20 09:00:00,4027.60009765625,4032.699951171875,4023.89990234375,4031.60009765625,654
2026-07-20 09:15:00,4032.199951171875,4032.5,4027.800048828125,4027.800048828125,231
2026-07-20 09:30:00,4028.699951171875,4031.300048828125,4025.89990234375,4025.89990234375,286
2026-07-20 09:45:00,4025.89990234375,4029.89990234375,4025.89990234375,4029.800048828125,316
2026-07-20 10:00:00,4029.800048828125,4029.800048828125,4026.60009765625,4028.0,297
2026-07-20 10:15:00,4027.0,4027.10009765625,4022.60009765625,4022.800048828125,393
2026-07-20 10:30:00,4023.300048828125,4025.10009765625,4015.89990234375,4018.199951171875,859
2026-07-20 10:45:00,4018.5,4019.199951171875,4013.60009765625,4014.5,438
2026-07-20 11:00:00,4014.699951171875,4018.699951171875,4012.0,4015.0,635
2026-07-20 11:15:00,4013.0,4014.699951171875,4009.5,4012.300048828125,571
2026-07-20 11:30:00,4012.39990234375,4015.89990234375,4011.0,4011.699951171875,457
2026-07-20 11:45:00,4011.60009765625,4013.89990234375,4008.10009765625,4009.89990234375,489
2026-07-20 12:00:00,4009.10009765625,4011.0,4007.0,4009.0,661
2026-07-20 12:15:00,4009.10009765625,4011.89990234375,4007.5,4008.199951171875,296
2026-07-20 12:30:00,4008.0,4011.300048828125,4006.5,4008.5,598
2026-07-20 12:45:00,4008.699951171875,4013.199951171875,4006.60009765625,4011.300048828125,808
2026-07-20 13:00:00,4011.39990234375,4025.89990234375,4011.300048828125,4025.89990234375,2089
2026-07-20 13:15:00,4026.0,4026.699951171875,4020.699951171875,4022.0,1313
2026-07-20 13:30:00,4022.199951171875,4030.60009765625,4022.199951171875,4029.0,1049
2026-07-20 13:45:00,4029.0,4035.5,4026.800048828125,4027.10009765625,1456
2026-07-20 14:00:00,4026.699951171875,4029.5,4023.60009765625,4026.300048828125,1176
2026-07-20 14:15:00,4026.5,4027.10009765625,4021.800048828125,4023.300048828125,672
2026-07-20 14:30:00,4023.0,4025.300048828125,4019.199951171875,4023.39990234375,512
2026-07-20 14:45:00,4023.60009765625,4026.199951171875,4019.60009765625,4020.300048828125,414
2026-07-20 15:00:00,4020.300048828125,4025.39990234375,4018.699951171875,4023.699951171875,641
2026-07-20 15:15:00,4023.199951171875,4027.699951171875,4022.0,4025.300048828125,792
2026-07-20 15:30:00,4025.800048828125,4026.0,4022.39990234375,4025.199951171875,341
2026-07-20 15:45:00,4025.10009765625,4027.89990234375,4023.199951171875,4026.699951171875,452
2026-07-20 16:00:00,4026.300048828125,4029.0,4025.800048828125,4026.699951171875,334
2026-07-20 16:15:00,4026.60009765625,4030.39990234375,4025.60009765625,4029.0,475
2026-07-20 16:30:00,4029.0,4032.0,4024.39990234375,4027.0,770
2026-07-20 16:45:00,4027.0,4028.5,4024.5,4026.5,438
2026-07-20 17:00:00,4026.5,4046.0,4025.89990234375,4037.39990234375,4775
2026-07-20 17:15:00,4037.60009765625,4037.60009765625,4029.89990234375,4030.5,972
2026-07-20 17:30:00,4030.0,4030.199951171875,4015.800048828125,4017.0,2872
2026-07-20 17:45:00,4016.60009765625,4019.199951171875,4010.60009765625,4017.0,2873
2026-07-20 18:00:00,4017.10009765625,4018.699951171875,4010.10009765625,4014.300048828125,1853
2026-07-20 18:15:00,4013.800048828125,4019.800048828125,4011.89990234375,4012.0,2491
2026-07-20 18:30:00,4012.199951171875,4017.89990234375,4011.800048828125,4012.5,1409
2026-07-20 18:45:00,4012.699951171875,4016.699951171875,4010.800048828125,4012.39990234375,1128
2026-07-20 19:00:00,4013.10009765625,4021.60009765625,4012.199951171875,4017.199951171875,2141
2026-07-20 19:15:00,4017.300048828125,4017.60009765625,4009.39990234375,4009.5,2896
2026-07-20 19:30:00,4009.39990234375,4011.89990234375,4001.60009765625,4002.89990234375,4065
2026-07-20 19:45:00,4002.60009765625,4010.699951171875,4002.0,4010.60009765625,1858
2026-07-20 20:00:00,4010.800048828125,4015.199951171875,4009.89990234375,4011.699951171875,2555
2026-07-20 20:15:00,4011.800048828125,4018.60009765625,4009.10009765625,4010.5,2404
2026-07-20 20:30:00,4010.39990234375,4023.89990234375,4008.699951171875,4018.89990234375,3988
2026-07-20 20:45:00,4018.699951171875,4021.199951171875,4015.199951171875,4020.800048828125,1695
2026-07-20 21:00:00,4020.699951171875,4021.300048828125,4014.39990234375,4017.0,1373
2026-07-20 21:15:00,4017.199951171875,4020.89990234375,4016.199951171875,4016.199951171875,921
2026-07-20 21:30:00,4016.300048828125,4022.800048828125,4015.39990234375,4018.300048828125,1188
2026-07-20 21:45:00,4018.39990234375,4019.0,4015.199951171875,4017.0,616
2026-07-20 22:00:00,4016.800048828125,4017.0,4005.199951171875,4013.800048828125,2213
2026-07-20 22:15:00,4013.5,4014.60009765625,4010.39990234375,4013.89990234375,906
2026-07-20 22:30:00,4013.89990234375,4016.39990234375,4013.300048828125,4014.39990234375,662
2026-07-20 22:45:00,4013.89990234375,4017.0,4012.89990234375,4016.10009765625,3665
2026-07-20 23:00:00,4016.199951171875,4017.0,4011.60009765625,4012.0,636
2026-07-20 23:15:00,4011.89990234375,4011.89990234375,4007.800048828125,4009.199951171875,884
2026-07-20 23:30:00,4009.39990234375,4015.300048828125,4009.300048828125,4013.199951171875,940
2026-07-20 23:45:00,4013.39990234375,4016.39990234375,4007.699951171875,4011.0,1022
2026-07-21 00:00:00,4011.199951171875,4011.699951171875,4008.5,4011.0,444
2026-07-21 00:15:00,4010.699951171875,4013.0,4009.5,4012.10009765625,364
2026-07-21 00:30:00,4011.5,4012.60009765625,4008.699951171875,4009.5,198
2026-07-21 00:45:00,4008.800048828125,4017.5,4008.5,4017.39990234375,768
2026-07-21 01:00:00,4017.199951171875,4022.199951171875,4009.300048828125,4010.300048828125,1306
2026-07-21 01:15:00,4010.0,4014.39990234375,4009.300048828125,4010.699951171875,1075
2026-07-21 01:30:00,4011.10009765625,4013.300048828125,4009.800048828125,4011.60009765625,496
2026-07-21 01:45:00,4011.5,4013.5,4011.0,4012.10009765625,189
2026-07-21 02:00:00,4012.60009765625,4013.39990234375,4011.300048828125,4012.5,142
2026-07-21 02:15:00,4012.60009765625,4013.10009765625,4008.39990234375,4011.800048828125,530
2026-07-21 03:30:00,4013.39990234375,4014.699951171875,4009.300048828125,4010.199951171875,113
2026-07-21 03:45:00,4010.5,4014.10009765625,4008.300048828125,4013.10009765625,667
2026-07-21 04:00:00,4012.800048828125,4013.10009765625,4006.300048828125,4007.699951171875,1140
2026-07-21 04:15:00,4008.199951171875,4012.300048828125,4003.300048828125,4004.0,1039
2026-07-21 04:30:00,4004.199951171875,4013.39990234375,4003.300048828125,4007.0,972
2026-07-21 04:45:00,4007.300048828125,4011.39990234375,4007.300048828125,4007.89990234375,370
2026-07-21 05:00:00,4007.89990234375,4013.0,4007.89990234375,4012.0,443
2026-07-21 05:15:00,4011.699951171875,4015.10009765625,4008.39990234375,4014.39990234375,250
2026-07-21 05:30:00,4014.5,4017.5,4008.300048828125,4015.0,454
2026-07-21 05:45:00,4015.800048828125,4023.0,4012.5,4019.60009765625,610
2026-07-21 06:00:00,4018.800048828125,4029.0,4018.60009765625,4027.0,1041
2026-07-21 06:15:00,4027.5,4032.0,4026.300048828125,4029.60009765625,543
2026-07-21 06:30:00,4029.800048828125,4034.699951171875,4022.5,4033.5,1793
2026-07-21 06:45:00,4033.300048828125,4041.0,4030.699951171875,4032.89990234375,1932
2026-07-21 07:00:00,4033.39990234375,4035.39990234375,4027.199951171875,4028.5,1357
2026-07-21 07:15:00,4028.60009765625,4032.300048828125,4025.39990234375,4027.60009765625,832
2026-07-21 07:30:00,4027.5,4030.60009765625,4025.89990234375,4028.5,510
2026-07-21 07:45:00,4028.199951171875,4034.300048828125,4025.89990234375,4033.10009765625,553
2026-07-21 08:00:00,4033.5,4049.800048828125,4032.199951171875,4039.89990234375,2448
2026-07-21 08:15:00,4040.199951171875,4042.800048828125,4035.5,4042.699951171875,640
2026-07-21 08:30:00,4042.300048828125,4046.800048828125,4042.199951171875,4043.10009765625,855
2026-07-21 08:45:00,4042.300048828125,4057.199951171875,4041.300048828125,4052.0,1361
2026-07-21 09:00:00,4052.10009765625,4054.0,4046.699951171875,4046.800048828125,574
2026-07-21 09:15:00,4046.89990234375,4051.89990234375,4046.5,4050.89990234375,388
2026-07-21 09:30:00,4051.699951171875,4056.60009765625,4050.300048828125,4050.699951171875,862
2026-07-21 09:45:00,4050.800048828125,4051.39990234375,4048.39990234375,4049.5,362
2026-07-21 10:00:00,4049.5,4052.5,4049.0,4051.89990234375,255
2026-07-21 10:15:00,4051.699951171875,4054.60009765625,4050.199951171875,4054.300048828125,353
2026-07-21 10:30:00,4054.10009765625,4057.0,4051.10009765625,4056.300048828125,757
2026-07-21 10:45:00,4056.60009765625,4061.5,4052.800048828125,4058.89990234375,979
2026-07-21 11:00:00,4059.699951171875,4071.60009765625,4059.5,4070.89990234375,3051
2026-07-21 11:15:00,4071.0,4072.800048828125,4065.60009765625,4066.0,1565
2026-07-21 11:30:00,4066.0,4077.10009765625,4066.0,4075.699951171875,1709
2026-07-21 11:45:00,4076.0,4079.0,4072.60009765625,4076.89990234375,1160
2026-07-21 12:00:00,4077.10009765625,4085.10009765625,4076.199951171875,4081.60009765625,3787
2026-07-21 12:15:00,4082.0,4088.39990234375,4082.0,4083.0,1191
2026-07-21 12:30:00,4083.300048828125,4084.800048828125,4076.0,4076.39990234375,1652
2026-07-21 12:45:00,4076.60009765625,4078.0,4072.60009765625,4074.10009765625,1226
2026-07-21 13:00:00,4073.89990234375,4079.89990234375,4072.10009765625,4075.800048828125,1015
2026-07-21 13:15:00,4076.10009765625,4076.89990234375,4074.199951171875,4075.699951171875,1531
2026-07-21 13:30:00,4075.60009765625,4076.89990234375,4070.10009765625,4072.5,1144
2026-07-21 13:45:00,4072.39990234375,4073.300048828125,4067.300048828125,4067.89990234375,864
2026-07-21 14:00:00,4067.699951171875,4069.699951171875,4065.39990234375,4066.699951171875,863
2026-07-21 14:15:00,4066.800048828125,4068.0,4063.60009765625,4067.39990234375,2191
2026-07-21 14:30:00,4067.699951171875,4071.5,4067.699951171875,4069.699951171875,1768
2026-07-21 14:45:00,4069.699951171875,4072.800048828125,4066.699951171875,4067.300048828125,990
2026-07-21 15:00:00,4067.39990234375,4070.0,4065.39990234375,4067.0,1460
2026-07-21 15:15:00,4066.800048828125,4074.39990234375,4066.5,4070.199951171875,1459
2026-07-21 15:30:00,4070.5,4073.0,4065.10009765625,4070.89990234375,1084
2026-07-21 15:45:00,4071.0,4074.0,4069.199951171875,4071.699951171875,729
2026-07-21 16:00:00,4071.60009765625,4074.800048828125,4070.800048828125,4071.699951171875,394
2026-07-21 16:15:00,4071.60009765625,4073.199951171875,4067.0,4067.300048828125,2064
2026-07-21 16:30:00,4067.699951171875,4068.300048828125,4059.89990234375,4063.199951171875,1451
2026-07-21 16:45:00,4062.800048828125,4064.699951171875,4060.699951171875,4062.60009765625,558
2026-07-21 17:00:00,4062.800048828125,4066.300048828125,4060.199951171875,4060.60009765625,746
2026-07-21 17:15:00,4060.60009765625,4063.5,4058.89990234375,4060.60009765625,652
2026-07-21 17:30:00,4060.5,4065.699951171875,4060.300048828125,4063.800048828125,843
2026-07-21 17:45:00,4064.0,4070.39990234375,4060.5,4066.0,1990
2026-07-21 18:00:00,4066.300048828125,4068.199951171875,4055.0,4058.0,2590
2026-07-21 18:15:00,4057.89990234375,4066.199951171875,4057.10009765625,4058.0,1818
2026-07-21 18:30:00,4058.300048828125,4064.800048828125,4058.300048828125,4063.60009765625,1756
2026-07-21 18:45:00,4063.699951171875,4066.10009765625,4054.300048828125,4055.199951171875,1886
2026-07-21 19:00:00,4055.5,4061.699951171875,4048.60009765625,4050.39990234375,3825
2026-07-21 19:15:00,4050.199951171875,4057.699951171875,4048.39990234375,4057.199951171875,1819
2026-07-21 19:30:00,4057.5,4070.800048828125,4055.39990234375,4070.300048828125,3643
2026-07-21 19:45:00,4070.5,4074.10009765625,4065.699951171875,4074.10009765625,3069
2026-07-21 20:00:00,4074.0,4079.10009765625,4066.800048828125,4072.0,3257
2026-07-21 20:15:00,4072.300048828125,4075.300048828125,4070.699951171875,4072.89990234375,2731
2026-07-21 20:30:00,4072.5,4078.300048828125,4069.800048828125,4077.800048828125,1797
2026-07-21 20:45:00,4077.89990234375,4083.800048828125,4077.89990234375,4081.39990234375,3025
2026-07-21 21:00:00,4080.89990234375,4088.0,4079.699951171875,4080.199951171875,2440
2026-07-21 21:15:00,4080.39990234375,4082.5,4075.800048828125,4078.60009765625,2168
2026-07-21 21:30:00,4078.5,4083.5,4077.39990234375,4082.5,931
2026-07-21 21:45:00,4082.60009765625,4082.800048828125,4078.10009765625,4080.0,1388
2026-07-21 22:00:00,4079.800048828125,4080.5,4075.300048828125,4076.199951171875,1285
2026-07-21 22:15:00,4076.300048828125,4077.5,4074.10009765625,4075.89990234375,772
2026-07-21 22:30:00,4076.0,4076.89990234375,4073.60009765625,4074.800048828125,764
2026-07-21 22:45:00,4074.699951171875,4077.199951171875,4073.300048828125,4076.699951171875,1386
2026-07-21 23:00:00,4076.699951171875,4076.699951171875,4071.199951171875,4072.60009765625,1081
2026-07-21 23:15:00,4072.39990234375,4073.0,4071.0,4073.0,357
2026-07-21 23:30:00,4072.89990234375,4076.5,4071.89990234375,4075.800048828125,459
2026-07-21 23:45:00,4075.5,4092.5,4075.39990234375,4088.699951171875,2892
2026-07-22 00:00:00,4088.60009765625,4090.39990234375,4085.800048828125,4087.300048828125,1036
2026-07-22 00:15:00,4086.89990234375,4087.89990234375,4083.89990234375,4087.0,761
2026-07-22 00:30:00,4087.0,4090.300048828125,4084.699951171875,4085.300048828125,566
2026-07-22 00:45:00,4086.0,4089.699951171875,4085.800048828125,4088.60009765625,474
2026-07-22 01:00:00,4088.800048828125,4089.60009765625,4086.199951171875,4087.5,591
2026-07-22 01:15:00,4087.199951171875,4089.60009765625,4086.89990234375,4088.60009765625,998
2026-07-22 01:30:00,4088.60009765625,4090.89990234375,4087.5,4088.800048828125,620
2026-07-22 01:45:00,4088.699951171875,4088.89990234375,4085.89990234375,4086.89990234375,373
2026-07-22 02:00:00,4087.10009765625,4089.800048828125,4084.0,4085.39990234375,492
2026-07-22 02:15:00,4085.10009765625,4085.39990234375,4080.89990234375,4082.199951171875,512
2026-07-22 03:30:00,4084.699951171875,4085.89990234375,4081.0,4083.199951171875,143
2026-07-22 03:45:00,4083.0,4087.39990234375,4082.39990234375,4086.699951171875,336
2026-07-22 04:00:00,4086.60009765625,4089.0,4086.300048828125,4087.89990234375,589
2026-07-22 04:15:00,4088.10009765625,4088.300048828125,4082.0,4084.60009765625,600
2026-07-22 04:30:00,4084.39990234375,4086.199951171875,4083.300048828125,4085.39990234375,266
2026-07-22 04:45:00,4085.699951171875,4086.800048828125,4085.0,4085.199951171875,82
2026-07-22 05:00:00,4085.300048828125,4086.699951171875,4083.39990234375,4084.89990234375,222
2026-07-22 05:15:00,4084.699951171875,4087.39990234375,4083.39990234375,4085.199951171875,186
2026-07-22 05:30:00,4085.5,4097.2998046875,4081.10009765625,4096.2998046875,1471
2026-07-22 05:45:00,4097.2001953125,4103.60009765625,4097.10009765625,4103.0,1412
2026-07-22 06:00:00,4103.0,4107.5,4094.199951171875,4097.2998046875,1814
2026-07-22 06:15:00,4097.5,4104.2998046875,4096.0,4101.60009765625,748
2026-07-22 06:30:00,4102.2998046875,4126.10009765625,4100.7998046875,4125.5,4014
2026-07-22 06:45:00,4125.7001953125,4126.5,4116.0,4120.2998046875,1322
2026-07-22 07:00:00,4119.39990234375,4127.39990234375,4117.2998046875,4125.89990234375,1226
2026-07-22 07:15:00,4126.2998046875,4128.39990234375,4121.7998046875,4126.0,868
2026-07-22 07:30:00,4126.39990234375,4128.10009765625,4123.10009765625,4126.2998046875,570
2026-07-22 07:45:00,4126.2998046875,4130.5,4124.0,4128.7998046875,631
2026-07-22 08:00:00,4128.7998046875,4134.7998046875,4126.60009765625,4133.0,1705
2026-07-22 08:15:00,4132.7001953125,4135.2998046875,4130.7001953125,4134.7001953125,885
2026-07-22 08:30:00,4134.7998046875,4145.0,4133.60009765625,4141.7998046875,2552
2026-07-22 08:45:00,4141.60009765625,4146.0,4141.2001953125,4142.7998046875,1501
2026-07-22 09:00:00,4142.39990234375,4142.39990234375,4136.7998046875,4138.10009765625,887
2026-07-22 09:15:00,4138.10009765625,4138.7001953125,4134.60009765625,4135.5,480
2026-07-22 09:30:00,4135.10009765625,4135.60009765625,4131.0,4131.7001953125,962
2026-07-22 09:45:00,4131.7998046875,4134.2998046875,4131.7998046875,4133.60009765625,423
2026-07-22 10:00:00,4133.7001953125,4133.7998046875,4129.39990234375,4131.89990234375,676
2026-07-22 10:15:00,4131.7001953125,4132.0,4129.7998046875,4131.7998046875,292
2026-07-22 10:30:00,4131.60009765625,4134.7001953125,4130.60009765625,4133.2001953125,483
2026-07-22 10:45:00,4133.5,4133.5,4127.60009765625,4128.2998046875,975
2026-07-22 11:00:00,4127.7998046875,4138.60009765625,4127.5,4136.89990234375,1219
2026-07-22 11:15:00,4136.7001953125,4137.89990234375,4132.39990234375,4135.5,654
2026-07-22 11:30:00,4135.39990234375,4140.0,4133.7001953125,4134.0,950
2026-07-22 11:45:00,4134.2001953125,4136.5,4118.2001953125,4121.7001953125,2048
2026-07-22 12:00:00,4122.2001953125,4124.7001953125,4118.89990234375,4122.89990234375,945
2026-07-22 12:15:00,4122.7998046875,4124.89990234375,4117.7998046875,4121.0,2658
2026-07-22 12:30:00,4120.7998046875,4121.60009765625,4116.10009765625,4120.5,1625
2026-07-22 12:45:00,4120.39990234375,4126.89990234375,4120.2998046875,4124.0,1133
2026-07-22 13:00:00,4124.2001953125,4127.39990234375,4115.39990234375,4116.5,1042
2026-07-22 13:15:00,4116.60009765625,4118.39990234375,4113.2998046875,4114.60009765625,1009
2026-07-22 13:30:00,4115.0,4120.7998046875,4114.7998046875,4118.89990234375,795
2026-07-22 13:45:00,4119.2001953125,4122.2998046875,4117.7998046875,4121.7998046875,620
2026-07-22 14:00:00,4121.7998046875,4123.7998046875,4118.5,4118.7998046875,730
2026-07-22 14:15:00,4119.10009765625,4124.39990234375,4117.7001953125,4122.2998046875,603
2026-07-22 14:30:00,4122.60009765625,4126.5,4122.10009765625,4125.7998046875,786
2026-07-22 14:45:00,4126.10009765625,4126.60009765625,4121.7001953125,4122.60009765625,1125
2026-07-22 15:00:00,4122.89990234375,4125.7998046875,4118.39990234375,4120.5,1171
2026-07-22 15:15:00,4120.39990234375,4122.2001953125,4117.5,4118.7998046875,633
2026-07-22 15:30:00,4119.2001953125,4124.7998046875,4119.2001953125,4121.7998046875,677
2026-07-22 15:45:00,4122.0,4126.10009765625,4120.60009765625,4123.5,491
2026-07-22 16:00:00,4123.5,4124.10009765625,4119.89990234375,4121.2001953125,644
2026-07-22 16:15:00,4120.39990234375,4124.5,4120.39990234375,4121.2001953125,521
2026-07-22 16:30:00,4121.7998046875,4125.7998046875,4119.2998046875,4123.39990234375,859
2026-07-22 16:45:00,4123.39990234375,4127.5,4122.2001953125,4123.2001953125,2437
2026-07-22 17:00:00,4123.2998046875,4125.7001953125,4117.2001953125,4119.7998046875,1404
2026-07-22 17:15:00,4119.5,4127.89990234375,4119.5,4127.39990234375,1143
2026-07-22 17:30:00,4127.5,4132.5,4126.2998046875,4132.0,1683
2026-07-22 17:45:00,4132.5,4138.0,4129.7998046875,4137.5,2163
2026-07-22 18:00:00,4137.7998046875,4139.5,4129.60009765625,4132.2001953125,3341
2026-07-22 18:15:00,4132.0,4132.2998046875,4110.39990234375,4117.0,4086
2026-07-22 18:30:00,4117.10009765625,4130.10009765625,4117.0,4130.0,1676
2026-07-22 18:45:00,4129.7998046875,4139.7998046875,4129.0,4136.5,2478
2026-07-22 19:00:00,4136.7998046875,4152.10009765625,4136.7998046875,4147.39990234375,7158
2026-07-22 19:15:00,4148.0,4161.5,4147.89990234375,4160.0,4521
2026-07-22 19:30:00,4159.7998046875,4168.7998046875,4158.60009765625,4161.7001953125,6016
2026-07-22 19:45:00,4161.7998046875,4161.7998046875,4149.10009765625,4151.10009765625,3613
2026-07-22 20:00:00,4151.2001953125,4158.2001953125,4150.89990234375,4155.7001953125,2019
2026-07-22 20:15:00,4156.0,4157.7998046875,4148.60009765625,4153.39990234375,1418
2026-07-22 20:30:00,4153.5,4163.5,4153.39990234375,4162.5,2106
2026-07-22 20:45:00,4162.39990234375,4166.60009765625,4158.10009765625,4162.2001953125,2641
2026-07-22 21:00:00,4162.2998046875,4166.10009765625,4160.7001953125,4165.2001953125,1569
2026-07-22 21:15:00,4165.10009765625,4171.39990234375,4163.2001953125,4164.10009765625,2383
2026-07-22 21:30:00,4164.39990234375,4164.5,4158.2001953125,4159.5,1521
2026-07-22 21:45:00,4159.60009765625,4160.7001953125,4153.10009765625,4154.5,2556
2026-07-22 22:00:00,4154.60009765625,4157.2998046875,4150.10009765625,4152.60009765625,2530
2026-07-22 22:15:00,4153.10009765625,4154.89990234375,4150.10009765625,4152.7998046875,1103
2026-07-22 22:30:00,4152.7998046875,4153.60009765625,4148.7998046875,4151.0,1559
2026-07-22 22:45:00,4151.0,4152.89990234375,4148.5,4151.60009765625,2042
2026-07-22 23:00:00,4151.60009765625,4153.10009765625,4143.7998046875,4146.2998046875,2090
2026-07-22 23:15:00,4146.39990234375,4149.60009765625,4145.89990234375,4148.10009765625,585
2026-07-22 23:30:00,4147.89990234375,4148.39990234375,4142.5,4143.60009765625,1356
2026-07-22 23:45:00,4143.39990234375,4145.2001953125,4140.2001953125,4140.39990234375,865
2026-07-23 00:00:00,4140.89990234375,4141.7001953125,4137.5,4141.39990234375,990
2026-07-23 00:15:00,4141.10009765625,4144.2998046875,4140.60009765625,4141.7998046875,618
2026-07-23 00:30:00,4141.39990234375,4142.5,4138.2001953125,4139.60009765625,499
2026-07-23 00:45:00,4139.60009765625,4141.0,4137.10009765625,4140.0,515
2026-07-23 01:00:00,4139.60009765625,4141.60009765625,4138.0,4139.10009765625,623
2026-07-23 01:15:00,4139.2001953125,4140.60009765625,4133.89990234375,4136.39990234375,1746
2026-07-23 01:30:00,4136.39990234375,4140.2001953125,4135.10009765625,4139.60009765625,1099
2026-07-23 01:45:00,4139.39990234375,4142.7998046875,4138.89990234375,4141.7001953125,302
2026-07-23 02:00:00,4141.0,4142.39990234375,4135.7001953125,4135.7998046875,440
2026-07-23 02:15:00,4135.7001953125,4136.10009765625,4133.2001953125,4135.0,323
2026-07-23 03:30:00,4126.0,4129.7001953125,4074.60009765625,4126.89990234375,365
2026-07-23 03:45:00,4127.0,4132.2001953125,4123.2001953125,4131.2998046875,1095
2026-07-23 04:00:00,4131.7998046875,4133.0,4122.7001953125,4124.39990234375,1219
2026-07-23 04:15:00,4124.2001953125,4129.89990234375,4123.2001953125,4124.7001953125,1555
2026-07-23 04:30:00,4125.10009765625,4127.39990234375,4118.89990234375,4126.60009765625,2024
2026-07-23 04:45:00,4126.2998046875,4126.60009765625,4121.7001953125,4122.7001953125,558
2026-07-23 05:00:00,4122.2998046875,4127.0,4121.60009765625,4126.2001953125,319
2026-07-23 05:15:00,4126.10009765625,4137.10009765625,4125.39990234375,4135.7998046875,1116
2026-07-23 05:30:00,4136.7998046875,4137.2001953125,4129.0,4129.89990234375,743
2026-07-23 05:45:00,4131.0,4138.0,4129.89990234375,4132.0,428
2026-07-23 06:00:00,4132.0,4135.2001953125,4130.0,4130.7998046875,411
2026-07-23 06:15:00,4130.7001953125,4136.89990234375,4128.39990234375,4135.2998046875,467
2026-07-23 06:30:00,4135.2001953125,4142.7001953125,4133.2001953125,4137.39990234375,1519
2026-07-23 06:45:00,4137.2001953125,4144.0,4136.7998046875,4140.2001953125,1093
2026-07-23 07:00:00,4140.5,4141.89990234375,4124.2001953125,4124.2001953125,2064
2026-07-23 07:15:00,4124.2001953125,4126.0,4116.7001953125,4120.5,1428
2026-07-23 07:30:00,4120.10009765625,4121.39990234375,4114.7001953125,4119.7998046875,961
2026-07-23 07:45:00,4120.10009765625,4120.60009765625,4115.60009765625,4118.39990234375,827
2026-07-23 08:00:00,4118.2998046875,4124.89990234375,4116.10009765625,4124.60009765625,740
2026-07-23 08:15:00,4124.7998046875,4131.2998046875,4124.0,4130.7998046875,679
2026-07-23 08:30:00,4130.89990234375,4131.7001953125,4126.60009765625,4129.7001953125,674
2026-07-23 08:45:00,4129.89990234375,4135.60009765625,4129.2001953125,4132.2001953125,606
2026-07-23 09:00:00,4132.7998046875,4133.7998046875,4128.7001953125,4131.39990234375,538
2026-07-23 09:15:00,4131.10009765625,4131.10009765625,4127.2001953125,4127.60009765625,211
2026-07-23 09:30:00,4127.7001953125,4130.0,4124.7998046875,4129.89990234375,330
2026-07-23 09:45:00,4130.60009765625,4132.5,4127.60009765625,4132.5,315
2026-07-23 10:00:00,4132.2998046875,4132.89990234375,4125.5,4125.7998046875,379
2026-07-23 10:15:00,4125.5,4126.60009765625,4122.5,4123.7998046875,198
2026-07-23 10:30:00,4124.0,4127.5,4121.60009765625,4127.10009765625,425
2026-07-23 10:45:00,4126.89990234375,4128.0,4122.39990234375,4128.0,355
2026-07-23 11:00:00,4128.2998046875,4131.2998046875,4126.0,4130.2998046875,829
2026-07-23 11:15:00,4130.39990234375,4133.39990234375,4123.2998046875,4126.89990234375,1051
2026-07-23 11:30:00,4127.10009765625,4131.0,4124.0,4126.2998046875,587
2026-07-23 11:45:00,4126.10009765625,4130.5,4124.0,4124.89990234375,386
2026-07-23 12:00:00,4124.7998046875,4126.7001953125,4119.5,4122.5,610
2026-07-23 12:15:00,4122.39990234375,4125.10009765625,4120.5,4121.60009765625,566
2026-07-23 12:30:00,4121.2998046875,4122.2001953125,4104.89990234375,4109.60009765625,2063
2026-07-23 12:45:00,4109.39990234375,4114.89990234375,4108.10009765625,4111.2001953125,1660
2026-07-23 13:00:00,4111.39990234375,4111.5,4094.300048828125,4098.5,2126
2026-07-23 13:15:00,4098.60009765625,4100.0,4093.0,4098.2998046875,1627
2026-07-23 13:30:00,4098.5,4100.7001953125,4092.89990234375,4094.10009765625,1479
2026-07-23 13:45:00,4094.5,4095.39990234375,4091.10009765625,4094.39990234375,738
2026-07-23 14:00:00,4094.10009765625,4096.7001953125,4091.0,4095.300048828125,1102
2026-07-23 14:15:00,4095.10009765625,4097.39990234375,4089.699951171875,4096.0,936
2026-07-23 14:30:00,4095.89990234375,4102.39990234375,4095.300048828125,4097.7001953125,977
2026-07-23 14:45:00,4097.5,4099.7001953125,4092.199951171875,4093.89990234375,1351
2026-07-23 15:00:00,4094.199951171875,4096.5,4091.300048828125,4095.0,1252
2026-07-23 15:15:00,4095.300048828125,4097.5,4091.5,4093.199951171875,1027
2026-07-23 15:30:00,4093.199951171875,4094.699951171875,4091.0,4093.800048828125,854
2026-07-23 15:45:00,4094.10009765625,4096.0,4088.699951171875,4093.300048828125,748
2026-07-23 16:00:00,4092.89990234375,4096.0,4089.800048828125,4092.5,951
2026-07-23 16:15:00,4092.39990234375,4098.60009765625,4090.39990234375,4096.7001953125,795
2026-07-23 16:30:00,4096.60009765625,4097.39990234375,4090.10009765625,4090.699951171875,947
2026-07-23 16:45:00,4091.10009765625,4092.199951171875,4083.800048828125,4087.10009765625,1690
2026-07-23 17:00:00,4087.10009765625,4087.10009765625,4075.699951171875,4081.39990234375,2341
2026-07-23 17:15:00,4081.39990234375,4092.5,4080.60009765625,4088.89990234375,1824
2026-07-23 17:30:00,4088.39990234375,4089.0,4083.699951171875,4084.39990234375,1048
2026-07-23 17:45:00,4084.39990234375,4085.89990234375,4072.800048828125,4077.60009765625,4067
2026-07-23 18:00:00,4076.800048828125,4077.89990234375,4066.5,4071.5,3804
2026-07-23 18:15:00,4071.60009765625,4072.0,4063.60009765625,4064.60009765625,2442
2026-07-23 18:30:00,4064.199951171875,4066.39990234375,4042.60009765625,4043.0,8937
2026-07-23 18:45:00,4042.89990234375,4061.39990234375,4042.60009765625,4061.10009765625,4255
2026-07-23 19:00:00,4060.89990234375,4070.10009765625,4058.5,4059.300048828125,6148
2026-07-23 19:15:00,4059.5,4061.800048828125,4045.300048828125,4045.800048828125,4730
2026-07-23 19:30:00,4046.10009765625,4054.300048828125,4042.5,4051.0,6013
2026-07-23 19:45:00,4050.60009765625,4060.199951171875,4045.5,4059.60009765625,6116
2026-07-23 20:00:00,4059.60009765625,4064.10009765625,4054.39990234375,4060.10009765625,2974
2026-07-23 20:15:00,4060.0,4064.699951171875,4059.0,4061.10009765625,1339
2026-07-23 20:30:00,4061.5,4062.60009765625,4052.300048828125,4054.699951171875,2781
2026-07-23 20:45:00,4054.0,4059.39990234375,4048.0,4049.699951171875,3863
2026-07-23 21:00:00,4049.5,4056.0,4045.0,4050.89990234375,5767
2026-07-23 21:15:00,4050.60009765625,4053.800048828125,4049.300048828125,4051.199951171875,2077
2026-07-23 21:30:00,4051.5,4053.800048828125,4050.0,4053.10009765625,4378
2026-07-23 21:45:00,4052.800048828125,4054.60009765625,4048.60009765625,4053.199951171875,2518
2026-07-23 22:00:00,4053.0,4054.10009765625,4049.800048828125,4052.60009765625,2297
2026-07-23 22:15:00,4052.699951171875,4054.60009765625,4051.0,4054.300048828125,2217
2026-07-23 22:30:00,4054.5,4057.5,4049.60009765625,4050.0,3198
2026-07-23 22:45:00,4050.199951171875,4053.39990234375,4048.800048828125,4049.699951171875,5375
2026-07-23 23:00:00,4049.89990234375,4051.800048828125,4044.300048828125,4045.39990234375,2100
2026-07-23 23:15:00,4045.300048828125,4046.800048828125,4043.89990234375,4043.89990234375,1121
2026-07-23 23:30:00,4044.39990234375,4046.800048828125,4042.5,4044.10009765625,1583
2026-07-23 23:45:00,4044.0,4047.60009765625,4042.60009765625,4047.199951171875,1305
2026-07-24 00:00:00,4046.800048828125,4050.60009765625,4046.800048828125,4048.89990234375,743
2026-07-24 00:15:00,4049.0,4050.800048828125,4047.10009765625,4048.800048828125,501
2026-07-24 00:30:00,4049.199951171875,4051.39990234375,4045.300048828125,4045.60009765625,576
2026-07-24 00:45:00,4045.5,4051.5,4045.5,4050.10009765625,605
2026-07-24 01:00:00,4050.39990234375,4053.10009765625,4047.800048828125,4048.10009765625,644
2026-07-24 01:15:00,4048.10009765625,4053.300048828125,4047.0,4052.10009765625,1109
2026-07-24 01:30:00,4051.89990234375,4053.60009765625,4050.60009765625,4051.800048828125,949
2026-07-24 01:45:00,4051.800048828125,4053.39990234375,4049.800048828125,4052.60009765625,369
2026-07-24 02:00:00,4052.89990234375,4053.199951171875,4051.300048828125,4052.199951171875,208
2026-07-24 02:15:00,4052.10009765625,4052.5,4049.89990234375,4052.300048828125,250
2026-07-24 03:30:00,4053.39990234375,4053.5,4050.199951171875,4051.0,199
2026-07-24 03:45:00,4051.39990234375,4052.800048828125,4051.199951171875,4052.300048828125,187
2026-07-24 04:00:00,4051.89990234375,4052.89990234375,4051.10009765625,4051.60009765625,208
2026-07-24 04:15:00,4051.699951171875,4052.800048828125,4050.800048828125,4052.0,252
2026-07-24 04:30:00,4052.199951171875,4052.39990234375,4049.60009765625,4051.10009765625,171
2026-07-24 04:45:00,4051.0,4052.300048828125,4049.5,4051.699951171875,395
2026-07-24 05:00:00,4051.699951171875,4053.800048828125,4049.60009765625,4051.0,541
2026-07-24 05:15:00,4050.60009765625,4052.199951171875,4048.800048828125,4049.39990234375,325
2026-07-24 05:30:00,4049.800048828125,4052.300048828125,4043.199951171875,4043.5,713
2026-07-24 05:45:00,4044.0,4050.300048828125,4043.5,4048.300048828125,675
2026-07-24 06:00:00,4049.39990234375,4052.699951171875,4047.199951171875,4052.199951171875,514
2026-07-24 06:15:00,4051.89990234375,4054.10009765625,4050.800048828125,4052.39990234375,599
2026-07-24 06:30:00,4052.89990234375,4053.10009765625,4041.89990234375,4044.699951171875,1656
2026-07-24 06:45:00,4044.800048828125,4048.300048828125,4043.699951171875,4045.0,621
2026-07-24 07:00:00,4044.89990234375,4053.300048828125,4043.699951171875,4052.60009765625,806
2026-07-24 07:15:00,4052.5,4052.89990234375,4043.60009765625,4046.0,647
2026-07-24 07:30:00,4045.89990234375,4048.10009765625,4043.300048828125,4047.699951171875,459
2026-07-24 07:45:00,4047.699951171875,4051.0,4044.800048828125,4048.800048828125,387
2026-07-24 08:00:00,4049.199951171875,4050.5,4043.0,4043.60009765625,590
2026-07-24 08:15:00,4043.39990234375,4043.60009765625,4025.300048828125,4026.699951171875,4171
2026-07-24 08:30:00,4027.10009765625,4034.800048828125,4025.39990234375,4034.60009765625,813
2026-07-24 08:45:00,4034.10009765625,4036.10009765625,4030.800048828125,4032.5,515
2026-07-24 09:00:00,4033.300048828125,4035.39990234375,4033.0,4034.10009765625,263
2026-07-24 09:15:00,4033.60009765625,4034.5,4030.39990234375,4031.10009765625,215
2026-07-24 09:30:00,4031.300048828125,4032.5,4029.5,4030.5,641
2026-07-24 09:45:00,4030.5,4032.699951171875,4029.800048828125,4032.10009765625,328
2026-07-24 10:00:00,4032.300048828125,4032.89990234375,4028.199951171875,4029.0,271
2026-07-24 10:15:00,4029.300048828125,4031.10009765625,4027.800048828125,4029.800048828125,386
2026-07-24 10:30:00,4029.800048828125,4034.60009765625,4027.5,4030.0,1146
2026-07-24 10:45:00,4029.699951171875,4031.800048828125,4024.5,4028.300048828125,798
2026-07-24 11:00:00,4028.300048828125,4033.60009765625,4025.89990234375,4026.699951171875,1097
2026-07-24 11:15:00,4026.699951171875,4031.0,4024.0,4025.0,811
2026-07-24 11:30:00,4025.199951171875,4033.5,4025.0,4033.10009765625,860
2026-07-24 11:45:00,4033.39990234375,4041.39990234375,4031.199951171875,4038.800048828125,892
2026-07-24 12:00:00,4038.699951171875,4039.39990234375,4035.10009765625,4035.89990234375,549
2026-07-24 12:15:00,4035.89990234375,4041.39990234375,4034.0,4038.39990234375,944
2026-07-24 12:30:00,4038.199951171875,4050.0,4037.5,4047.699951171875,2070
2026-07-24 12:45:00,4048.199951171875,4053.39990234375,4046.5,4051.10009765625,948
2026-07-24 13:00:00,4051.699951171875,4056.300048828125,4048.199951171875,4050.800048828125,1243
2026-07-24 13:15:00,4050.800048828125,4052.199951171875,4048.5,4051.10009765625,490
2026-07-24 13:30:00,4051.199951171875,4051.5,4047.60009765625,4049.5,459
2026-07-24 13:45:00,4049.10009765625,4055.300048828125,4047.5,4054.89990234375,717
2026-07-24 14:00:00,4054.800048828125,4058.0,4051.39990234375,4057.199951171875,917
2026-07-24 14:15:00,4057.300048828125,4061.5,4054.89990234375,4060.0,877
2026-07-24 14:30:00,4060.39990234375,4064.0,4055.89990234375,4056.89990234375,1913
2026-07-24 14:45:00,4056.699951171875,4059.89990234375,4055.0,4055.60009765625,927
2026-07-24 15:00:00,4055.39990234375,4059.199951171875,4054.199951171875,4058.5,1100
2026-07-24 15:15:00,4058.5,4062.60009765625,4057.39990234375,4062.60009765625,580
2026-07-24 15:30:00,4062.60009765625,4064.5,4060.5,4061.10009765625,660
2026-07-24 15:45:00,4061.199951171875,4066.60009765625,4060.39990234375,4064.5,746
2026-07-24 16:00:00,4064.39990234375,4067.0,4060.699951171875,4061.10009765625,890
2026-07-24 16:15:00,4061.199951171875,4062.5,4059.39990234375,4062.199951171875,564
2026-07-24 16:30:00,4062.5,4065.89990234375,4060.800048828125,4063.5,432
2026-07-24 16:45:00,4063.800048828125,4064.10009765625,4061.5,4061.60009765625,1268
2026-07-24 17:00:00,4061.199951171875,4062.60009765625,4057.5,4057.5,1436
2026-07-24 17:15:00,4058.0,4063.89990234375,4053.5,4060.199951171875,1353
2026-07-24 17:30:00,4060.60009765625,4061.10009765625,4054.5,4059.300048828125,1484
2026-07-24 17:45:00,4059.10009765625,4062.89990234375,4057.39990234375,4062.10009765625,1062
2026-07-24 18:00:00,4061.89990234375,4062.10009765625,4054.300048828125,4057.60009765625,1126
2026-07-24 18:15:00,4057.5,4058.89990234375,4054.199951171875,4058.5,915
2026-07-24 18:30:00,4058.800048828125,4061.0,4047.10009765625,4050.60009765625,2516
2026-07-24 18:45:00,4050.39990234375,4052.10009765625,4046.89990234375,4048.800048828125,1532
2026-07-24 19:00:00,4048.5,4059.5,4047.0,4054.39990234375,2884
2026-07-24 19:15:00,4054.199951171875,4071.5,4050.300048828125,4070.0,3509
2026-07-24 19:30:00,4069.89990234375,4073.0,4060.300048828125,4061.699951171875,5146
2026-07-24 19:45:00,4061.39990234375,4072.300048828125,4061.0,4068.89990234375,2788
2026-07-24 20:00:00,4069.0,4071.10009765625,4062.0,4063.10009765625,1786
2026-07-24 20:15:00,4063.5,4069.39990234375,4061.39990234375,4066.199951171875,1835
2026-07-24 20:30:00,4066.10009765625,4080.0,4064.699951171875,4077.89990234375,3377
2026-07-24 20:45:00,4077.699951171875,4085.199951171875,4075.0,4077.89990234375,8242
2026-07-24 21:00:00,4078.199951171875,4082.5,4073.800048828125,4075.10009765625,2828
2026-07-24 21:15:00,4075.10009765625,4080.800048828125,4073.5,4079.89990234375,3073
2026-07-24 21:30:00,4080.300048828125,4080.300048828125,4077.0,4077.5,950
2026-07-24 21:45:00,4077.60009765625,4080.89990234375,4076.10009765625,4076.60009765625,1257
2026-07-24 22:00:00,4076.60009765625,4076.60009765625,4069.199951171875,4070.10009765625,1792
2026-07-24 22:15:00,4070.10009765625,4070.300048828125,4066.5,4069.5,1255
2026-07-24 22:30:00,4069.699951171875,4070.89990234375,4065.300048828125,4066.5,1425
2026-07-24 22:45:00,4066.89990234375,4072.800048828125,4066.10009765625,4071.300048828125,4850
2026-07-24 23:00:00,4071.199951171875,4072.699951171875,4068.89990234375,4069.300048828125,1559
2026-07-24 23:15:00,4068.699951171875,4070.0,4065.300048828125,4065.800048828125,756
2026-07-24 23:30:00,4066.0,4067.300048828125,4063.60009765625,4064.0,794
2026-07-24 23:45:00,4064.199951171875,4065.39990234375,4057.199951171875,4057.699951171875,2420
2026-07-25 00:00:00,4057.800048828125,4059.39990234375,4053.5,4054.5,1491
2026-07-25 00:15:00,4054.60009765625,4058.300048828125,4054.0,4056.699951171875,500
2026-07-25 00:30:00,4056.89990234375,4058.699951171875,4054.10009765625,4054.5,579
2026-07-25 00:45:00,4054.5,4054.5,4051.300048828125,4053.800048828125,772
2026-07-25 01:00:00,4053.699951171875,4060.199951171875,4053.199951171875,4059.199951171875,893
2026-07-25 01:15:00,4059.5,4059.699951171875,4055.0,4056.10009765625,708
2026-07-25 01:30:00,4055.89990234375,4057.800048828125,4054.39990234375,4054.89990234375,576
2026-07-25 01:45:00,4054.800048828125,4057.10009765625,4054.10009765625,4055.89990234375,385
2026-07-25 02:00:00,4056.10009765625,4058.39990234375,4053.89990234375,4057.89990234375,338
2026-07-25 02:15:00,4057.699951171875,4070.800048828125,4054.5,4070.800048828125,668
2026-07-27 03:30:00,4091.5,4092.800048828125,4089.300048828125,4091.0,179
2026-07-27 03:45:00,4091.199951171875,4093.199951171875,4086.89990234375,4089.89990234375,708
2026-07-27 04:00:00,4089.39990234375,4095.89990234375,4088.800048828125,4094.0,768
2026-07-27 04:15:00,4094.0,4096.5,4091.39990234375,4092.199951171875,693
2026-07-27 04:30:00,4092.89990234375,4094.10009765625,4086.800048828125,4087.5,421
2026-07-27 04:45:00,4087.699951171875,4089.0,4085.800048828125,4086.699951171875,245
2026-07-27 05:00:00,4087.300048828125,4091.800048828125,4087.300048828125,4091.800048828125,165
2026-07-27 05:15:00,4090.699951171875,4099.0,4090.699951171875,4096.89990234375,720
2026-07-27 05:30:00,4097.2001953125,4119.2998046875,4096.60009765625,4118.5,2761
2026-07-27 05:45:00,4118.2998046875,4118.39990234375,4093.199951171875,4097.5,2135
2026-07-27 06:00:00,4097.2998046875,4104.89990234375,4096.39990234375,4102.7998046875,1000
2026-07-27 06:15:00,4102.2998046875,4111.60009765625,4101.2998046875,4102.60009765625,974
2026-07-27 06:30:00,4103.10009765625,4114.7998046875,4103.10009765625,4109.2998046875,1483
2026-07-27 06:45:00,4109.7001953125,4111.2998046875,4098.89990234375,4101.7998046875,1156
2026-07-27 07:00:00,4102.5,4106.2998046875,4099.7998046875,4104.7001953125,637
2026-07-27 07:15:00,4104.89990234375,4112.0,4104.60009765625,4112.0,582
2026-07-27 07:30:00,4112.2001953125,4112.89990234375,4105.5,4107.60009765625,675
2026-07-27 07:45:00,4107.7998046875,4107.7998046875,4103.7001953125,4105.2001953125,376
2026-07-27 08:00:00,4104.60009765625,4105.0,4097.5,4098.5,527
2026-07-27 08:15:00,4098.7998046875,4099.5,4095.60009765625,4095.699951171875,518
2026-07-27 08:30:00,4095.5,4097.7998046875,4091.0,4093.89990234375,804
2026-07-27 08:45:00,4093.89990234375,4095.39990234375,4087.300048828125,4087.300048828125,609
2026-07-27 09:00:00,4087.39990234375,4093.0,4087.0,4091.60009765625,660
2026-07-27 09:15:00,4091.39990234375,4093.199951171875,4090.5,4092.5,205
2026-07-27 09:30:00,4093.0,4095.0,4090.699951171875,4092.0,407
2026-07-27 09:45:00,4092.10009765625,4092.39990234375,4088.89990234375,4091.199951171875,283
2026-07-27 10:00:00,4091.0,4094.300048828125,4091.0,4091.89990234375,228
2026-07-27 10:15:00,4092.199951171875,4093.0,4091.199951171875,4091.699951171875,144
2026-07-27 10:30:00,4092.5,4097.0,4090.60009765625,4096.7001953125,299
2026-07-27 10:45:00,4096.39990234375,4096.39990234375,4088.199951171875,4089.0,400
2026-07-27 11:00:00,4088.800048828125,4092.300048828125,4087.60009765625,4089.5,596
2026-07-27 11:15:00,4090.300048828125,4095.699951171875,4086.5,4095.300048828125,506
2026-07-27 11:30:00,4094.89990234375,4098.39990234375,4093.60009765625,4096.60009765625,720
2026-07-27 11:45:00,4096.2998046875,4098.60009765625,4093.300048828125,4097.7001953125,782
2026-07-27 12:00:00,4098.10009765625,4101.39990234375,4096.5,4100.5,483
2026-07-27 12:15:00,4101.0,4101.39990234375,4096.89990234375,4098.39990234375,793
2026-07-27 12:30:00,4098.2001953125,4104.0,4098.0,4104.0,1330
2026-07-27 12:45:00,4103.60009765625,4108.2998046875,4101.7001953125,4105.39990234375,1111
2026-07-27 13:00:00,4105.39990234375,4105.7998046875,4097.7998046875,4099.10009765625,699
2026-07-27 13:15:00,4099.39990234375,4100.7998046875,4090.5,4090.699951171875,1277
2026-07-27 13:30:00,4090.89990234375,4094.800048828125,4088.800048828125,4093.300048828125,879
2026-07-27 13:45:00,4092.89990234375,4094.5,4090.699951171875,4093.0,1778
2026-07-27 14:00:00,4092.5,4094.699951171875,4089.0,4092.800048828125,628
2026-07-27 14:15:00,4093.300048828125,4098.7001953125,4092.60009765625,4097.7001953125,437
2026-07-27 14:30:00,4096.7998046875,4100.2998046875,4095.10009765625,4095.89990234375,1120
2026-07-27 14:45:00,4096.2001953125,4097.7001953125,4092.800048828125,4093.5,941
2026-07-27 15:00:00,4093.300048828125,4097.0,4091.800048828125,4096.60009765625,1817
2026-07-27 15:15:00,4096.10009765625,4102.7001953125,4096.0,4098.89990234375,1758
2026-07-27 15:30:00,4098.7998046875,4098.7998046875,4088.39990234375,4092.5,1148
2026-07-27 15:45:00,4092.60009765625,4096.2001953125,4091.0,4095.10009765625,380
2026-07-27 16:00:00,4095.60009765625,4104.0,4095.0,4102.7998046875,1900
2026-07-27 16:15:00,4102.89990234375,4104.60009765625,4100.89990234375,4102.10009765625,1600
2026-07-27 16:30:00,4102.2001953125,4107.0,4099.2001953125,4104.10009765625,1159
2026-07-27 16:45:00,4104.2001953125,4105.2998046875,4098.7998046875,4098.7998046875,662
2026-07-27 17:00:00,4098.89990234375,4102.2001953125,4096.60009765625,4098.2001953125,820
2026-07-27 17:15:00,4098.2001953125,4099.2998046875,4095.60009765625,4095.89990234375,1271
2026-07-27 17:30:00,4096.10009765625,4099.7998046875,4088.10009765625,4089.300048828125,1940
2026-07-27 17:45:00,4089.300048828125,4091.0,4083.10009765625,4088.10009765625,2997
2026-07-27 18:00:00,4088.89990234375,4090.5,4085.0,4088.5,1525
2026-07-27 18:15:00,4088.199951171875,4091.10009765625,4082.39990234375,4085.199951171875,4651
2026-07-27 18:30:00,4085.800048828125,4090.800048828125,4082.699951171875,4086.60009765625,4823
2026-07-27 18:45:00,4086.60009765625,4089.199951171875,4077.699951171875,4077.800048828125,3179
2026-07-27 19:00:00,4078.0,4091.39990234375,4077.39990234375,4088.89990234375,5338
2026-07-27 19:15:00,4088.89990234375,4091.800048828125,4071.60009765625,4075.800048828125,4211
2026-07-27 19:30:00,4075.89990234375,4081.0,4072.699951171875,4078.800048828125,6325
2026-07-27 19:45:00,4078.800048828125,4080.60009765625,4068.60009765625,4069.800048828125,4050
2026-07-27 20:00:00,4070.39990234375,4072.800048828125,4067.10009765625,4070.5,3809
2026-07-27 20:15:00,4070.5,4079.60009765625,4070.5,4078.39990234375,2202
2026-07-27 20:30:00,4078.300048828125,4078.60009765625,4073.89990234375,4078.300048828125,5807
2026-07-27 20:45:00,4077.89990234375,4081.800048828125,4076.699951171875,4078.89990234375,1777
2026-07-27 21:00:00,4078.60009765625,4080.5,4074.800048828125,4078.10009765625,1768
2026-07-27 21:15:00,4078.5,4082.199951171875,4076.89990234375,4080.60009765625,1742
2026-07-27 21:30:00,4080.800048828125,4087.0,4079.89990234375,4083.10009765625,1301
2026-07-27 21:45:00,4083.300048828125,4090.89990234375,4081.60009765625,4087.10009765625,2460
2026-07-27 22:00:00,4087.0,4095.699951171875,4087.0,4090.10009765625,2041
2026-07-27 22:15:00,4090.300048828125,4090.39990234375,4082.5,4084.10009765625,1511
2026-07-27 22:30:00,4084.0,4084.10009765625,4072.199951171875,4075.300048828125,4385
2026-07-27 22:45:00,4075.39990234375,4078.699951171875,4074.10009765625,4076.39990234375,3761
2026-07-27 23:00:00,4076.5,4077.800048828125,4073.89990234375,4076.300048828125,607
2026-07-27 23:15:00,4076.0,4079.0,4075.0,4078.199951171875,733
2026-07-27 23:30:00,4078.199951171875,4081.0,4077.800048828125,4078.39990234375,644
2026-07-27 23:45:00,4078.5,4078.800048828125,4075.89990234375,4078.60009765625,803
2026-07-28 00:00:00,4078.39990234375,4081.199951171875,4074.5,4078.0,1801
2026-07-28 00:15:00,4077.60009765625,4081.199951171875,4076.10009765625,4079.800048828125,640
2026-07-28 00:30:00,4079.89990234375,4083.699951171875,4078.0,4082.39990234375,892
2026-07-28 00:45:00,4082.39990234375,4090.89990234375,4081.199951171875,4087.800048828125,1481
2026-07-28 01:00:00,4088.0,4089.5,4085.89990234375,4089.199951171875,670
2026-07-28 01:15:00,4089.300048828125,4091.800048828125,4084.5,4085.5,1082
2026-07-28 01:30:00,4085.39990234375,4086.39990234375,4083.60009765625,4084.39990234375,908
2026-07-28 01:45:00,4084.199951171875,4084.39990234375,4079.800048828125,4081.0,338
2026-07-28 02:00:00,4081.10009765625,4081.60009765625,4077.60009765625,4079.0,418
2026-07-28 02:15:00,4079.10009765625,4079.800048828125,4077.60009765625,4078.60009765625,434
2026-07-28 03:30:00,4083.0,4085.699951171875,4076.39990234375,4079.10009765625,220
2026-07-28 03:45:00,4078.89990234375,4079.10009765625,4072.300048828125,4073.89990234375,491
2026-07-28 04:00:00,4073.699951171875,4076.39990234375,4073.699951171875,4076.300048828125,141
2026-07-28 04:15:00,4076.300048828125,4076.39990234375,4074.89990234375,4075.10009765625,197
2026-07-28 04:30:00,4075.39990234375,4076.10009765625,4073.199951171875,4075.5,213
2026-07-28 04:45:00,4075.300048828125,4075.800048828125,4073.10009765625,4074.5,150
2026-07-28 05:00:00,4074.199951171875,4074.89990234375,4073.0,4073.199951171875,103
2026-07-28 05:15:00,4073.5,4074.39990234375,4071.0,4074.39990234375,169
2026-07-28 05:30:00,4074.39990234375,4075.5,4063.0,4067.60009765625,1162
2026-07-28 05:45:00,4068.10009765625,4068.199951171875,4059.60009765625,4062.89990234375,1276
2026-07-28 06:00:00,4063.300048828125,4066.89990234375,4061.300048828125,4066.0,597
2026-07-28 06:15:00,4065.800048828125,4065.800048828125,4058.10009765625,4058.5,749
2026-07-28 06:30:00,4058.300048828125,4061.199951171875,4054.199951171875,4058.300048828125,1824
2026-07-28 06:45:00,4058.699951171875,4059.60009765625,4046.199951171875,4048.199951171875,1813
2026-07-28 07:00:00,4047.10009765625,4051.199951171875,4046.699951171875,4049.699951171875,860
2026-07-28 07:15:00,4049.39990234375,4049.39990234375,4042.89990234375,4045.699951171875,538
2026-07-28 07:30:00,4045.89990234375,4048.10009765625,4042.800048828125,4046.89990234375,757
2026-07-28 07:45:00,4046.800048828125,4049.699951171875,4045.699951171875,4046.60009765625,521
2026-07-28 08:00:00,4046.10009765625,4048.199951171875,4041.800048828125,4044.800048828125,724
2026-07-28 08:15:00,4044.60009765625,4045.89990234375,4041.10009765625,4042.300048828125,592
2026-07-28 08:30:00,4042.300048828125,4047.89990234375,4040.699951171875,4046.5,582
2026-07-28 08:45:00,4046.39990234375,4049.800048828125,4045.699951171875,4048.10009765625,610
2026-07-28 09:00:00,4047.699951171875,4051.5,4047.699951171875,4048.300048828125,501
2026-07-28 09:15:00,4049.10009765625,4051.10009765625,4048.199951171875,4049.60009765625,247
2026-07-28 09:30:00,4049.0,4049.699951171875,4043.199951171875,4044.300048828125,564
2026-07-28 09:45:00,4043.800048828125,4048.0,4043.5,4045.60009765625,363
2026-07-28 10:00:00,4045.800048828125,4047.800048828125,4044.0,4047.60009765625,271
2026-07-28 10:15:00,4047.89990234375,4048.0,4041.199951171875,4042.10009765625,491
2026-07-28 10:30:00,4041.89990234375,4043.800048828125,4039.60009765625,4042.699951171875,723
2026-07-28 10:45:00,4042.5,4043.800048828125,4040.699951171875,4043.300048828125,368
2026-07-28 11:00:00,4042.699951171875,4045.5,4034.60009765625,4041.89990234375,1275
2026-07-28 11:15:00,4041.89990234375,4046.89990234375,4039.39990234375,4045.199951171875,465
2026-07-28 11:30:00,4045.5,4048.0,4042.89990234375,4044.699951171875,500
2026-07-28 11:45:00,4044.5,4050.0,4044.300048828125,4048.10009765625,545
2026-07-28 12:00:00,4047.800048828125,4052.800048828125,4047.10009765625,4050.199951171875,1734
2026-07-28 12:15:00,4050.0,4052.0,4048.300048828125,4048.699951171875,1259
2026-07-28 12:30:00,4048.300048828125,4051.39990234375,4047.699951171875,4049.39990234375,1060
2026-07-28 12:45:00,4049.10009765625,4052.89990234375,4048.800048828125,4050.39990234375,6045
2026-07-28 13:00:00,4050.60009765625,4051.300048828125,4048.5,4049.699951171875,3555
2026-07-28 13:15:00,4050.0,4050.0,4045.800048828125,4047.300048828125,1057
2026-07-28 13:30:00,4047.300048828125,4055.60009765625,4043.10009765625,4044.5,1236
2026-07-28 13:45:00,4044.60009765625,4051.5,4044.60009765625,4049.89990234375,755
2026-07-28 14:00:00,4050.10009765625,4050.10009765625,4042.199951171875,4043.60009765625,1051
2026-07-28 14:15:00,4043.60009765625,4046.300048828125,4041.89990234375,4045.699951171875,947
2026-07-28 14:30:00,4045.5,4046.10009765625,4040.89990234375,4040.89990234375,868
2026-07-28 14:45:00,4041.300048828125,4044.300048828125,4039.199951171875,4040.10009765625,811
2026-07-28 15:00:00,4040.0,4040.39990234375,4029.300048828125,4033.10009765625,3560
2026-07-28 15:15:00,4033.0,4034.199951171875,4018.10009765625,4023.300048828125,4375
2026-07-28 15:30:00,4023.10009765625,4027.199951171875,4020.199951171875,4024.199951171875,4829
2026-07-28 15:45:00,4023.699951171875,4025.699951171875,4016.5,4016.800048828125,1619
2026-07-28 16:00:00,4016.800048828125,4023.199951171875,4016.60009765625,4022.0,3225
2026-07-28 16:15:00,4022.0,4028.199951171875,4021.5,4025.60009765625,1746
2026-07-28 16:30:00,4026.0,4028.5,4022.5,4023.5,955
2026-07-28 16:45:00,4023.60009765625,4031.89990234375,4023.60009765625,4027.199951171875,1536
2026-07-28 17:00:00,4026.800048828125,4031.10009765625,4025.800048828125,4026.60009765625,1485
2026-07-28 17:15:00,4026.800048828125,4028.0,4023.199951171875,4027.800048828125,1205
2026-07-28 17:30:00,4027.300048828125,4028.199951171875,4022.199951171875,4027.199951171875,2832
2026-07-28 17:45:00,4027.5,4034.60009765625,4025.60009765625,4034.10009765625,2380
2026-07-28 18:00:00,4034.10009765625,4034.60009765625,4024.800048828125,4033.300048828125,4071
2026-07-28 18:15:00,4033.300048828125,4037.89990234375,4027.800048828125,4029.39990234375,2490
2026-07-28 18:30:00,4029.39990234375,4035.60009765625,4029.0,4032.699951171875,2819
2026-07-28 18:45:00,4032.60009765625,4036.10009765625,4028.5,4028.699951171875,1412
2026-07-28 19:00:00,4028.699951171875,4032.800048828125,4019.300048828125,4024.89990234375,7588
2026-07-28 19:15:00,4024.699951171875,4028.5,4021.300048828125,4021.39990234375,4046
2026-07-28 19:30:00,4021.89990234375,4034.10009765625,4021.39990234375,4025.60009765625,5955
2026-07-28 19:45:00,4026.199951171875,4027.0,4011.10009765625,4022.0,5154
2026-07-28 20:00:00,4021.89990234375,4025.300048828125,4018.5,4022.60009765625,2715
2026-07-28 20:15:00,4022.60009765625,4029.39990234375,4021.0,4023.800048828125,2450
2026-07-28 20:30:00,4024.60009765625,4036.199951171875,4021.89990234375,4033.699951171875,4617
2026-07-28 20:45:00,4033.89990234375,4041.300048828125,4031.699951171875,4035.60009765625,3655
2026-07-28 21:00:00,4035.699951171875,4042.60009765625,4032.300048828125,4041.699951171875,4122
2026-07-28 21:15:00,4041.89990234375,4047.39990234375,4041.5,4046.5,3123
2026-07-28 21:30:00,4046.699951171875,4046.800048828125,4042.5,4044.800048828125,1507
2026-07-28 21:45:00,4045.199951171875,4046.10009765625,4042.10009765625,4042.300048828125,4102
2026-07-28 22:00:00,4042.5,4044.10009765625,4040.39990234375,4041.0,3138
2026-07-28 22:15:00,4040.699951171875,4041.699951171875,4036.60009765625,4037.60009765625,3636
2026-07-28 22:30:00,4037.89990234375,4041.5,4035.60009765625,4037.39990234375,2501
2026-07-28 22:45:00,4037.300048828125,4041.89990234375,4035.300048828125,4037.89990234375,9957
2026-07-28 23:00:00,4038.10009765625,4038.10009765625,4027.5,4028.39990234375,3827
2026-07-28 23:15:00,4028.699951171875,4029.800048828125,4025.300048828125,4028.0,1773
2026-07-28 23:30:00,4028.10009765625,4030.5,4027.39990234375,4028.39990234375,853
2026-07-28 23:45:00,4028.300048828125,4030.10009765625,4026.0,4027.199951171875,874
2026-07-29 00:00:00,4027.39990234375,4027.699951171875,4023.0,4023.60009765625,764
2026-07-29 00:15:00,4023.10009765625,4025.89990234375,4021.39990234375,4023.10009765625,543
2026-07-29 00:30:00,4022.800048828125,4025.60009765625,4022.300048828125,4023.699951171875,998
2026-07-29 00:45:00,4023.60009765625,4024.699951171875,4021.5,4022.60009765625,1408
2026-07-29 01:00:00,4023.10009765625,4027.60009765625,4022.300048828125,4025.60009765625,725
2026-07-29 01:15:00,4038.699951171875,4038.699951171875,4025.5,4025.89990234375,1543
2026-07-29 01:30:00,4025.800048828125,4025.800048828125,4022.199951171875,4023.39990234375,713
2026-07-29 01:45:00,4023.39990234375,4027.5,4023.39990234375,4027.10009765625,565
2026-07-29 02:00:00,4027.10009765625,4030.10009765625,4027.0,4030.0,372
2026-07-29 02:15:00,4029.89990234375,4030.60009765625,4026.5,4028.800048828125,442
2026-07-29 03:30:00,4020.89990234375,4034.0,4020.89990234375,4024.199951171875,122
2026-07-29 03:45:00,4024.199951171875,4024.39990234375,4016.10009765625,4020.39990234375,377
2026-07-29 04:00:00,4020.10009765625,4020.5,4013.199951171875,4017.699951171875,422
2026-07-29 04:15:00,4017.300048828125,4019.199951171875,4014.300048828125,4017.89990234375,141
2026-07-29 04:30:00,4017.39990234375,4022.39990234375,4015.5,4022.10009765625,170
2026-07-29 04:45:00,4021.5,4021.5,4015.0,4017.39990234375,178
2026-07-29 05:00:00,4018.699951171875,4022.60009765625,4017.10009765625,4022.39990234375,251
2026-07-29 05:15:00,4021.800048828125,4026.0,4019.10009765625,4024.300048828125,176
2026-07-29 05:30:00,4025.0,4025.5,4017.10009765625,4019.800048828125,274
2026-07-29 05:45:00,4022.699951171875,4030.699951171875,4021.5,4022.39990234375,332
2026-07-29 06:00:00,4022.89990234375,4027.699951171875,4021.0,4026.10009765625,144
2026-07-29 06:15:00,4025.300048828125,4025.699951171875,4020.0,4021.300048828125,135
2026-07-29 06:30:00,4021.0,4021.0,4009.300048828125,4012.199951171875,592
2026-07-29 06:45:00,4011.699951171875,4019.0,4011.199951171875,4017.699951171875,209
2026-07-29 07:00:00,4016.0,4030.0,4014.39990234375,4025.699951171875,310
2026-07-29 07:15:00,4026.89990234375,4027.10009765625,4021.0,4025.0,154
2026-07-29 07:30:00,4025.0,4028.199951171875,4022.300048828125,4026.89990234375,131
2026-07-29 07:45:00,4027.10009765625,4034.300048828125,4025.0,4032.0,327
2026-07-29 08:00:00,4032.300048828125,4036.800048828125,4030.0,4034.300048828125,167
2026-07-29 08:15:00,4033.5,4034.199951171875,4028.300048828125,4028.300048828125,166
2026-07-29 08:30:00,4028.199951171875,4031.39990234375,4026.199951171875,4026.89990234375,101
2026-07-29 08:45:00,4026.699951171875,4027.5,4024.699951171875,4025.10009765625,101
2026-07-29 09:00:00,4024.89990234375,4027.800048828125,4022.89990234375,4024.300048828125,180
2026-07-29 09:15:00,4024.39990234375,4025.39990234375,4021.5,4021.5,157
2026-07-29 09:30:00,4022.0,4023.10009765625,4019.800048828125,4020.0,184
2026-07-29 09:45:00,4019.5,4023.699951171875,4019.300048828125,4021.300048828125,126
2026-07-29 10:00:00,4021.699951171875,4025.5,4021.699951171875,4025.199951171875,147
2026-07-29 10:15:00,4026.0,4026.0,4021.89990234375,4025.39990234375,233
2026-07-29 10:30:00,4025.89990234375,4029.89990234375,4025.300048828125,4028.300048828125,232
2026-07-29 10:45:00,4027.89990234375,4029.199951171875,4025.89990234375,4028.60009765625,204
2026-07-29 11:00:00,4028.800048828125,4037.89990234375,4028.300048828125,4037.699951171875,339
2026-07-29 11:15:00,4037.800048828125,4038.199951171875,4030.0,4031.300048828125,458
2026-07-29 11:30:00,4032.199951171875,4036.5,4032.199951171875,4036.5,299
2026-07-29 11:45:00,4036.5,4040.800048828125,4034.10009765625,4039.0,255
2026-07-29 12:00:00,4039.199951171875,4043.199951171875,4039.199951171875,4041.39990234375,1008
2026-07-29 12:15:00,4040.699951171875,4040.800048828125,4038.39990234375,4039.800048828125,945
2026-07-29 12:30:00,4039.89990234375,4045.300048828125,4039.89990234375,4044.39990234375,740
2026-07-29 12:45:00,4043.39990234375,4046.699951171875,4043.10009765625,4045.10009765625,378
2026-07-29 13:00:00,4045.10009765625,4106.7001953125,4044.60009765625,4105.2001953125,10652
2026-07-29 13:15:00,4105.10009765625,4106.10009765625,4101.5,4102.60009765625,837
2026-07-29 13:30:00,4103.0,4103.5,4098.10009765625,4098.10009765625,1481
2026-07-29 13:45:00,4099.5,4099.5,4094.60009765625,4096.2998046875,951
2026-07-29 14:00:00,4096.2998046875,4097.7998046875,4094.699951171875,4097.10009765625,822
2026-07-29 14:15:00,4097.10009765625,4099.39990234375,4096.0,4096.5,977
2026-07-29 14:30:00,4096.7998046875,4097.60009765625,4094.60009765625,4095.199951171875,995
2026-07-29 14:45:00,4095.300048828125,4096.7998046875,4092.5,4092.60009765625,708
2026-07-29 15:00:00,4093.0,4094.300048828125,4090.39990234375,4093.5,1358
2026-07-29 15:15:00,4093.300048828125,4095.5,4091.199951171875,4091.89990234375,551
2026-07-29 15:30:00,4091.5,4093.10009765625,4089.89990234375,4090.800048828125,911
2026-07-29 15:45:00,4090.800048828125,4092.5,4089.199951171875,4092.300048828125,822
2026-07-29 16:00:00,4092.0,4093.699951171875,4085.39990234375,4087.0,1619
2026-07-29 16:15:00,4086.60009765625,4087.699951171875,4085.10009765625,4086.10009765625,976
2026-07-29 16:30:00,4086.800048828125,4088.800048828125,4084.0,4088.60009765625,809
2026-07-29 16:45:00,4089.0,4092.699951171875,4087.60009765625,4091.699951171875,583
2026-07-29 17:00:00,4092.0,4092.0,4089.60009765625,4090.39990234375,1960
2026-07-29 17:15:00,4090.10009765625,4095.39990234375,4089.800048828125,4091.5,1748
2026-07-29 17:30:00,4091.699951171875,4092.5,4084.800048828125,4085.89990234375,1294
2026-07-29 17:45:00,4086.199951171875,4086.39990234375,4070.800048828125,4072.0,5722
2026-07-29 18:00:00,4071.199951171875,4080.699951171875,4067.39990234375,4079.199951171875,2556
2026-07-29 18:15:00,4079.199951171875,4082.300048828125,4077.39990234375,4080.89990234375,2960
2026-07-29 18:30:00,4081.300048828125,4084.800048828125,4073.5,4074.199951171875,2276
2026-07-29 18:45:00,4073.800048828125,4081.699951171875,4071.89990234375,4072.5,5546
2026-07-29 19:00:00,4072.800048828125,4075.699951171875,4068.0,4071.699951171875,3570
2026-07-29 19:15:00,4071.10009765625,4073.89990234375,4060.300048828125,4064.800048828125,5848
2026-07-29 19:30:00,4065.10009765625,4066.39990234375,4053.89990234375,4057.300048828125,8220
2026-07-29 19:45:00,4057.10009765625,4068.39990234375,4056.800048828125,4063.89990234375,5700
2026-07-29 20:00:00,4063.60009765625,4067.800048828125,4057.5,4059.5,4130
2026-07-29 20:15:00,4059.300048828125,4064.0,4056.39990234375,4063.199951171875,1626
2026-07-29 20:30:00,4063.60009765625,4068.5,4061.699951171875,4065.800048828125,2118
2026-07-29 20:45:00,4065.800048828125,4069.89990234375,4062.39990234375,4069.10009765625,1928
2026-07-29 21:00:00,4069.199951171875,4072.10009765625,4065.39990234375,4068.89990234375,1575
2026-07-29 21:15:00,4069.0,4072.199951171875,4066.5,4068.5,2297
2026-07-29 21:30:00,4068.5,4074.60009765625,4066.300048828125,4068.5,3045
2026-07-29 21:45:00,4068.300048828125,4076.39990234375,4066.300048828125,4075.10009765625,1660
2026-07-29 22:00:00,4075.0,4077.60009765625,4073.39990234375,4075.199951171875,1851
2026-07-29 22:15:00,4075.5,4091.699951171875,4073.5,4086.10009765625,2614
2026-07-29 22:30:00,4086.199951171875,4109.2998046875,4086.10009765625,4100.7001953125,4794
2026-07-29 22:45:00,4100.39990234375,4109.0,4095.199951171875,4097.2001953125,6485
2026-07-29 23:00:00,4097.10009765625,4105.0,4094.10009765625,4104.0,3541
2026-07-29 23:15:00,4104.0,4106.39990234375,4099.39990234375,4102.89990234375,2938
2026-07-29 23:30:00,4103.10009765625,4149.39990234375,4101.2998046875,4140.5,12797
2026-07-29 23:45:00,4140.60009765625,4143.7001953125,4123.0,4127.0,3047
2026-07-30 00:00:00,4126.60009765625,4146.89990234375,4111.10009765625,4143.2001953125,5729
2026-07-30 00:15:00,4143.2001953125,4170.2998046875,4141.2001953125,4166.7998046875,8805
2026-07-30 00:30:00,4167.10009765625,4176.7998046875,4149.7998046875,4159.2001953125,5676
2026-07-30 00:45:00,4159.60009765625,4164.39990234375,4140.10009765625,4143.60009765625,3406
2026-07-30 01:00:00,4143.7001953125,4147.7998046875,4124.5,4128.2998046875,4428
2026-07-30 01:15:00,4128.39990234375,4131.39990234375,4103.7998046875,4104.7001953125,4530
2026-07-30 01:30:00,4104.2001953125,4115.0,4101.7001953125,4110.7998046875,2342
2026-07-30 01:45:00,4110.39990234375,4116.2001953125,4102.60009765625,4114.2001953125,1088
2026-07-30 02:00:00,4114.2001953125,4127.7001953125,4112.7001953125,4125.7001953125,1456
2026-07-30 02:15:00,4125.39990234375,4128.89990234375,4122.10009765625,4126.0,1012
2026-07-30 03:30:00,4126.7001953125,4135.39990234375,4121.10009765625,4134.2998046875,668
2026-07-30 03:45:00,4133.89990234375,4135.5,4130.2998046875,4132.7001953125,469
2026-07-30 04:00:00,4132.5,4139.10009765625,4130.5,4138.5,614
2026-07-30 04:15:00,4139.2998046875,4148.2001953125,4137.5,4146.2998046875,1018
2026-07-30 04:30:00,4146.5,4158.0,4146.2001953125,4148.60009765625,861
2026-07-30 04:45:00,4149.39990234375,4152.5,4148.2001953125,4151.10009765625,599
2026-07-30 05:00:00,4151.60009765625,4152.5,4147.2998046875,4147.60009765625,440
2026-07-30 05:15:00,4148.0,4150.7001953125,4142.0,4142.0,502
2026-07-30 05:30:00,4142.5,4144.2998046875,4136.7001953125,4139.2001953125,875
2026-07-30 05:45:00,4138.60009765625,4141.0,4130.10009765625,4132.60009765625,867
2026-07-30 06:00:00,4133.7998046875,4134.2998046875,4122.2998046875,4123.60009765625,891
2026-07-30 06:15:00,4124.10009765625,4130.5,4122.5,4129.7001953125,1214
2026-07-30 06:30:00,4130.0,4151.5,4127.7998046875,4133.39990234375,2899
2026-07-30 06:45:00,4133.2001953125,4142.60009765625,4131.10009765625,4139.0,1174
2026-07-30 07:00:00,4138.7998046875,4147.5,4138.2001953125,4144.2998046875,860
2026-07-30 07:15:00,4144.0,4149.0,4141.39990234375,4142.39990234375,758
2026-07-30 07:30:00,4142.10009765625,4148.0,4139.89990234375,4140.5,558
2026-07-30 07:45:00,4140.0,4141.0,4137.5,4140.5,383
2026-07-30 08:00:00,4140.2001953125,4140.2001953125,4131.0,4134.2998046875,816
2026-07-30 08:15:00,4134.2001953125,4134.7998046875,4120.7001953125,4121.39990234375,956
2026-07-30 08:30:00,4121.10009765625,4127.5,4117.7998046875,4120.0,725
2026-07-30 08:45:00,4120.39990234375,4121.39990234375,4109.89990234375,4111.10009765625,1268
2026-07-30 09:00:00,4111.2998046875,4113.2001953125,4107.60009765625,4109.2001953125,829
2026-07-30 09:15:00,4109.10009765625,4116.89990234375,4109.10009765625,4114.10009765625,799
2026-07-30 09:30:00,4115.89990234375,4117.10009765625,4108.89990234375,4110.10009765625,640
2026-07-30 09:45:00,4110.39990234375,4111.89990234375,4107.60009765625,4110.7001953125,378
2026-07-30 10:00:00,4110.89990234375,4110.89990234375,4104.10009765625,4105.60009765625,812
2026-07-30 10:15:00,4105.2998046875,4108.7001953125,4100.2998046875,4102.5,936
2026-07-30 10:30:00,4102.2001953125,4102.2001953125,4098.2001953125,4101.89990234375,786
2026-07-30 10:45:00,4102.2998046875,4104.0,4093.89990234375,4103.5,881
2026-07-30 11:00:00,4103.2001953125,4108.0,4085.0,4090.39990234375,2242
2026-07-30 11:15:00,4089.89990234375,4095.199951171875,4087.0,4090.39990234375,948
2026-07-30 11:30:00,4090.800048828125,4096.39990234375,4088.199951171875,4089.300048828125,1082
2026-07-30 11:45:00,4089.0,4096.2998046875,4086.300048828125,4090.5,907
2026-07-30 12:00:00,4090.10009765625,4095.699951171875,4088.300048828125,4093.0,727
2026-07-30 12:15:00,4092.89990234375,4098.10009765625,4091.60009765625,4093.800048828125,1606
2026-07-30 12:30:00,4093.800048828125,4105.0,4092.699951171875,4103.7998046875,1712
2026-07-30 12:45:00,4104.0,4108.5,4100.60009765625,4103.2001953125,1776
2026-07-30 13:00:00,4103.0,4104.7001953125,4093.0,4103.2001953125,2516
2026-07-30 13:15:00,4103.10009765625,4103.7998046875,4095.10009765625,4096.10009765625,827
2026-07-30 13:30:00,4096.10009765625,4113.7998046875,4093.89990234375,4110.89990234375,1758
2026-07-30 13:45:00,4110.5,4126.39990234375,4109.7998046875,4122.0,1662
2026-07-30 14:00:00,4122.10009765625,4130.89990234375,4121.10009765625,4123.7998046875,2616
2026-07-30 14:15:00,4123.7998046875,4128.7001953125,4117.2001953125,4119.2001953125,1044
2026-07-30 14:30:00,4119.39990234375,4127.0,4118.2998046875,4123.89990234375,1183
2026-07-30 14:45:00,4124.10009765625,4130.2998046875,4122.60009765625,4125.60009765625,1529
2026-07-30 15:00:00,4125.5,4127.60009765625,4118.39990234375,4123.7998046875,1976
2026-07-30 15:15:00,4124.0,4131.5,4120.5,4121.5,1318
2026-07-30 15:30:00,4121.7998046875,4133.2998046875,4121.2001953125,4127.0,2041
2026-07-30 15:45:00,4126.7998046875,4136.2998046875,4126.0,4134.7998046875,1639
2026-07-30 16:00:00,4134.7998046875,4141.2001953125,4133.5,4139.60009765625,1527
2026-07-30 16:15:00,4139.7001953125,4142.2001953125,4136.2998046875,4136.39990234375,1022
2026-07-30 16:30:00,4136.5,4141.5,4136.0,4138.0,905
2026-07-30 16:45:00,4137.7001953125,4140.39990234375,4134.89990234375,4136.60009765625,523
2026-07-30 17:00:00,4136.7001953125,4137.7001953125,4134.7001953125,4135.5,634
2026-07-30 17:15:00,4135.7001953125,4138.89990234375,4133.60009765625,4136.0,1043
2026-07-30 17:30:00,4136.0,4141.0,4132.7001953125,4137.10009765625,1584
2026-07-30 17:45:00,4137.0,4139.7998046875,4129.7998046875,4135.39990234375,1489
2026-07-30 18:00:00,4139.0,4145.39990234375,4129.7998046875,4135.7998046875,2805
2026-07-30 18:15:00,4136.2001953125,4137.60009765625,4125.39990234375,4127.39990234375,1656
2026-07-30 18:30:00,4127.2998046875,4135.2001953125,4123.2001953125,4135.10009765625,2128
2026-07-30 18:45:00,4134.7998046875,4142.2001953125,4130.7001953125,4138.60009765625,2196
2026-07-30 19:00:00,4138.60009765625,4157.7001953125,4133.2001953125,4148.10009765625,6707
2026-07-30 19:15:00,4148.10009765625,4172.5,4144.5,4172.0,6813
2026-07-30 19:30:00,4172.10009765625,4180.2001953125,4153.39990234375,4157.2998046875,12188
2026-07-30 19:45:00,4157.60009765625,4159.60009765625,4145.60009765625,4155.2001953125,5048
2026-07-30 20:00:00,4155.2998046875,4170.7001953125,4154.0,4170.2001953125,3099
2026-07-30 20:15:00,4170.39990234375,4172.7001953125,4155.7001953125,4159.10009765625,2592
2026-07-30 20:30:00,4159.39990234375,4159.39990234375,4141.89990234375,4144.60009765625,4276
2026-07-30 20:45:00,4144.39990234375,4156.2001953125,4143.7001953125,4155.10009765625,1626
2026-07-30 21:00:00,4155.0,4165.7998046875,4151.7998046875,4164.39990234375,1897
2026-07-30 21:15:00,4164.39990234375,4169.2001953125,4162.39990234375,4167.0,1571
2026-07-30 21:30:00,4166.7998046875,4175.0,4166.7998046875,4173.2001953125,2363
2026-07-30 21:45:00,4173.10009765625,4178.2998046875,4172.39990234375,4175.39990234375,1425
2026-07-30 22:00:00,4175.39990234375,4175.5,4167.2998046875,4167.60009765625,1360
2026-07-30 22:15:00,4167.89990234375,4169.7998046875,4165.60009765625,4169.7998046875,984
2026-07-30 22:30:00,4169.7998046875,4170.2001953125,4163.7998046875,4163.7998046875,1275
2026-07-30 22:45:00,4163.7998046875,4167.2998046875,4157.10009765625,4160.7998046875,2875
2026-07-30 23:00:00,4160.5,4167.39990234375,4158.89990234375,4165.0,1647
2026-07-30 23:15:00,4164.7998046875,4167.39990234375,4159.89990234375,4161.5,954
2026-07-30 23:30:00,4161.5,4165.7998046875,4161.5,4165.5,633
2026-07-30 23:45:00,4165.60009765625,4165.60009765625,4159.89990234375,4162.2998046875,1026
2026-07-31 00:00:00,4162.89990234375,4166.7998046875,4162.0,4163.5,734
2026-07-31 00:15:00,4163.7001953125,4164.10009765625,4157.7001953125,4158.7998046875,733
2026-07-31 00:30:00,4158.7001953125,4164.7998046875,4158.0,4163.89990234375,882
2026-07-31 00:45:00,4163.60009765625,4174.10009765625,4162.0,4172.0,1417
2026-07-31 01:00:00,4171.5,4174.5,4170.2998046875,4171.2998046875,643
2026-07-31 01:15:00,4171.39990234375,4172.2998046875,4168.2001953125,4171.2001953125,834
2026-07-31 01:30:00,4171.2998046875,4176.7001953125,4169.2998046875,4173.2001953125,1201
2026-07-31 01:45:00,4173.2001953125,4174.2001953125,4170.7001953125,4171.2998046875,617
2026-07-31 02:00:00,4171.39990234375,4171.7998046875,4161.2998046875,4162.39990234375,612
2026-07-31 02:15:00,4161.89990234375,4163.10009765625,4158.0,4162.7998046875,820
2026-07-31 03:30:00,4163.89990234375,4166.2998046875,4158.0,4165.2001953125,282
2026-07-31 03:45:00,4165.5,4166.7998046875,4164.7998046875,4165.7998046875,238
2026-07-31 04:00:00,4165.7998046875,4169.0,4165.39990234375,4168.7998046875,268
2026-07-31 04:15:00,4168.89990234375,4169.7998046875,4167.39990234375,4167.39990234375,380
2026-07-31 04:30:00,4168.10009765625,4170.7001953125,4164.7998046875,4166.10009765625,321
2026-07-31 04:45:00,4165.60009765625,4166.10009765625,4161.7998046875,4162.7998046875,363
2026-07-31 05:00:00,4162.7998046875,4166.89990234375,4160.7998046875,4164.2998046875,445
2026-07-31 05:15:00,4165.10009765625,4168.7998046875,4164.2998046875,4164.39990234375,271
2026-07-31 05:30:00,4164.7998046875,4165.39990234375,4159.2001953125,4159.89990234375,419
2026-07-31 05:45:00,4159.7998046875,4162.39990234375,4154.5,4154.89990234375,535
2026-07-31 06:00:00,4155.10009765625,4156.2998046875,4149.0,4151.5,416
2026-07-31 06:15:00,4151.0,4155.0,4149.0,4153.5,456
2026-07-31 06:30:00,4153.5,4160.0,4146.7998046875,4147.2998046875,1281
2026-07-31 06:45:00,4147.5,4153.2001953125,4144.5,4150.2998046875,925
2026-07-31 07:00:00,4150.2998046875,4150.2998046875,4142.0,4144.10009765625,915
2026-07-31 07:15:00,4143.7001953125,4147.39990234375,4140.0,4142.5,780
2026-07-31 07:30:00,4142.7001953125,4148.7998046875,4139.7998046875,4143.89990234375,736
2026-07-31 07:45:00,4143.7001953125,4143.7001953125,4139.89990234375,4140.2998046875,554
2026-07-31 08:00:00,4140.0,4142.5,4133.39990234375,4133.39990234375,693
2026-07-31 08:15:00,4133.89990234375,4136.60009765625,4132.5,4134.10009765625,888
2026-07-31 08:30:00,4134.0,4134.2998046875,4129.7001953125,4131.39990234375,588
2026-07-31 08:45:00,4131.10009765625,4133.7998046875,4130.0,4133.2001953125,403
2026-07-31 09:00:00,4133.2998046875,4137.39990234375,4132.89990234375,4134.5,624
2026-07-31 09:15:00,4134.89990234375,4135.5,4132.0,4133.10009765625,195
2026-07-31 09:30:00,4132.60009765625,4135.0,4131.0,4134.89990234375,431
2026-07-31 09:45:00,4134.7998046875,4138.10009765625,4132.2998046875,4138.0,792
2026-07-31 10:00:00,4137.89990234375,4139.5,4137.10009765625,4137.10009765625,458
2026-07-31 10:15:00,4137.0,4138.0,4132.5,4137.60009765625,548
2026-07-31 10:30:00,4138.0,4141.2998046875,4137.5,4137.7998046875,353
2026-07-31 10:45:00,4137.7001953125,4140.89990234375,4137.5,4138.89990234375,371
2026-07-31 11:00:00,4139.0,4139.7001953125,4133.7001953125,4134.2998046875,691
2026-07-31 11:15:00,4134.2001953125,4134.2001953125,4131.0,4132.10009765625,592
2026-07-31 11:30:00,4132.39990234375,4140.60009765625,4130.5,4140.2998046875,651
2026-07-31 11:45:00,4139.89990234375,4145.2998046875,4138.7998046875,4143.2001953125,803
2026-07-31 12:00:00,4142.7001953125,4142.7001953125,4134.89990234375,4135.7998046875,493
2026-07-31 12:15:00,4135.5,4139.39990234375,4134.2001953125,4135.39990234375,626
2026-07-31 12:30:00,4135.0,4136.7998046875,4133.0,4135.2001953125,702
2026-07-31 12:45:00,4135.10009765625,4136.7998046875,4129.5,4130.5,779
2026-07-31 13:00:00,4130.2001953125,4131.39990234375,4125.5,4129.5,1202
2026-07-31 13:15:00,4129.7998046875,4132.0,4124.7001953125,4125.10009765625,1218
2026-07-31 13:30:00,4125.39990234375,4125.39990234375,4118.39990234375,4119.39990234375,1221
2026-07-31 13:45:00,4119.39990234375,4124.60009765625,4114.89990234375,4115.7001953125,1579
2026-07-31 14:00:00,4115.7001953125,4118.39990234375,4110.7998046875,4116.10009765625,1629
2026-07-31 14:15:00,4115.89990234375,4121.2998046875,4114.60009765625,4117.60009765625,1184
2026-07-31 14:30:00,4117.2998046875,4120.7998046875,4111.60009765625,4113.39990234375,1421
2026-07-31 14:45:00,4113.39990234375,4114.2001953125,4107.7998046875,4108.7001953125,1097
2026-07-31 15:00:00,4108.39990234375,4111.0,4106.5,4109.39990234375,952
2026-07-31 15:15:00,4109.2998046875,4113.60009765625,4108.39990234375,4111.2998046875,730
2026-07-31 15:30:00,4111.2001953125,4114.7001953125,4109.5,4112.2001953125,690
2026-07-31 15:45:00,4112.2998046875,4112.39990234375,4108.39990234375,4109.60009765625,438
2026-07-31 16:00:00,4109.2001953125,4112.7998046875,4109.2001953125,4111.10009765625,444
2026-07-31 16:15:00,4111.0,4113.5,4110.2001953125,4110.7998046875,439
2026-07-31 16:30:00,4110.7001953125,4116.0,4108.2001953125,4113.7998046875,801
2026-07-31 16:45:00,4113.60009765625,4117.39990234375,4110.39990234375,4115.0,627
2026-07-31 17:00:00,4114.89990234375,4115.0,4106.7001953125,4108.39990234375,1035
2026-07-31 17:15:00,4108.2998046875,4111.60009765625,4107.2998046875,4110.0,622
2026-07-31 17:30:00,4110.2998046875,4115.7001953125,4108.7998046875,4115.39990234375,965
2026-07-31 17:45:00,4115.60009765625,4115.7001953125,4103.10009765625,4103.5,1836
2026-07-31 18:00:00,4103.39990234375,4107.7998046875,4098.5,4100.89990234375,3869
2026-07-31 18:15:00,4100.5,4102.39990234375,4096.39990234375,4096.7998046875,2610
2026-07-31 18:30:00,4096.60009765625,4098.89990234375,4090.5,4092.300048828125,3373
2026-07-31 18:45:00,4092.300048828125,4103.39990234375,4091.5,4098.89990234375,3324
2026-07-31 19:00:00,4098.5,4100.2001953125,4078.300048828125,4081.0,7051
2026-07-31 19:15:00,4081.10009765625,4088.300048828125,4077.60009765625,4081.5,3443
2026-07-31 19:30:00,4080.800048828125,4088.699951171875,4076.39990234375,4088.199951171875,3930
2026-07-31 19:45:00,4088.300048828125,4096.5,4086.0,4095.10009765625,3117
2026-07-31 20:00:00,4094.89990234375,4099.2998046875,4092.800048828125,4097.60009765625,1650
2026-07-31 20:15:00,4097.7001953125,4106.89990234375,4097.10009765625,4105.60009765625,2533
2026-07-31 20:30:00,4105.7998046875,4107.2001953125,4099.2001953125,4103.60009765625,3816
2026-07-31 20:45:00,4103.2998046875,4109.10009765625,4096.60009765625,4097.2998046875,2661
2026-07-31 21:00:00,4097.2998046875,4099.7001953125,4093.0,4098.39990234375,1595
2026-07-31 21:15:00,4098.2998046875,4103.0,4096.10009765625,4101.7998046875,1501
2026-07-31 21:30:00,4101.7998046875,4103.0,4097.60009765625,4101.89990234375,742
2026-07-31 21:45:00,4102.7998046875,4104.60009765625,4099.10009765625,4103.60009765625,1187
2026-07-31 22:00:00,4103.7001953125,4106.0,4097.2001953125,4098.7998046875,1286
2026-07-31 22:15:00,4098.7001953125,4101.2001953125,4098.10009765625,4099.2998046875,687
2026-07-31 22:30:00,4099.2001953125,4102.39990234375,4097.2998046875,4101.60009765625,1074
2026-07-31 22:45:00,4101.60009765625,4109.7998046875,4100.89990234375,4106.60009765625,3245
2026-07-31 23:00:00,4106.7998046875,4109.7998046875,4103.7998046875,4108.0,1964
2026-07-31 23:15:00,4108.0,4111.0,4106.2998046875,4109.7998046875,1164
2026-07-31 23:30:00,4110.0,4111.2998046875,4102.89990234375,4104.10009765625,1097
2026-07-31 23:45:00,4103.89990234375,4107.89990234375,4103.60009765625,4107.10009765625,679
2026-08-01 00:00:00,4107.0,4107.7998046875,4103.89990234375,4105.60009765625,646
2026-08-01 00:15:00,4105.39990234375,4107.5,4104.10009765625,4106.60009765625,470
2026-08-01 00:30:00,4106.7998046875,4109.0,4102.60009765625,4104.2001953125,738
2026-08-01 00:45:00,4104.2001953125,4106.60009765625,4103.2001953125,4106.39990234375,590
2026-08-01 01:00:00,4106.39990234375,4110.7001953125,4104.89990234375,4109.89990234375,763
2026-08-01 01:15:00,4109.89990234375,4111.89990234375,4106.39990234375,4107.7001953125,1324
2026-08-01 01:30:00,4107.60009765625,4108.39990234375,4101.89990234375,4104.39990234375,690
2026-08-01 01:45:00,4104.39990234375,4105.2998046875,4103.0,4104.39990234375,258
2026-08-01 02:00:00,4104.2998046875,4109.2001953125,4103.60009765625,4107.2998046875,381
2026-08-01 02:15:00,4107.7001953125,4108.60009765625,4097.39990234375,4107.0,1184
2026-08-03 03:30:00,4131.10009765625,4135.7998046875,4130.7001953125,4133.2998046875,411
2026-08-03 03:45:00,4133.0,4134.2001953125,4120.39990234375,4122.7001953125,1004
2026-08-03 04:00:00,4122.7001953125,4124.89990234375,4120.5,4123.10009765625,623
2026-08-03 04:15:00,4123.39990234375,4123.60009765625,4119.5,4119.89990234375,494
2026-08-03 04:30:00,4120.0,4123.39990234375,4119.0,4122.39990234375,435
2026-08-03 04:45:00,4122.2998046875,4128.39990234375,4122.10009765625,4127.89990234375,397
2026-08-03 05:00:00,4127.7998046875,4128.2001953125,4123.7001953125,4125.39990234375,146
2026-08-03 05:15:00,4125.39990234375,4130.5,4123.7998046875,4130.39990234375,659
2026-08-03 05:30:00,4130.5,4134.7001953125,4125.60009765625,4127.89990234375,719
2026-08-03 05:45:00,4127.89990234375,4128.5,4117.0,4119.60009765625,814
2026-08-03 06:00:00,4119.7998046875,4125.39990234375,4112.39990234375,4113.7001953125,1094
2026-08-03 06:15:00,4113.7998046875,4116.39990234375,4111.10009765625,4112.7998046875,691
2026-08-03 06:30:00,4112.89990234375,4119.0,4106.2998046875,4107.7998046875,1433
2026-08-03 06:45:00,4108.39990234375,4110.39990234375,4102.7001953125,4108.2001953125,895
2026-08-03 07:00:00,4108.39990234375,4112.7998046875,4103.0,4106.7998046875,880
2026-08-03 07:15:00,4106.89990234375,4113.39990234375,4105.7001953125,4112.7001953125,794
2026-08-03 07:30:00,4112.7001953125,4116.7001953125,4109.0,4111.60009765625,572
2026-08-03 07:45:00,4111.2001953125,4116.5,4107.7998046875,4113.60009765625,637
2026-08-03 08:00:00,4113.89990234375,4116.2001953125,4108.0,4115.5,749
2026-08-03 08:15:00,4115.2001953125,4122.2998046875,4114.10009765625,4117.7998046875,776
2026-08-03 08:30:00,4117.60009765625,4120.89990234375,4116.2001953125,4119.5,360
2026-08-03 08:45:00,4119.5,4123.2001953125,4116.89990234375,4119.0,859
2026-08-03 09:00:00,4119.2998046875,4120.2998046875,4115.5,4115.7001953125,293
2026-08-03 09:15:00,4115.89990234375,4122.10009765625,4114.2001953125,4120.0,324
2026-08-03 09:30:00,4120.39990234375,4123.39990234375,4119.39990234375,4121.60009765625,421
2026-08-03 09:45:00,4121.7001953125,4126.2001953125,4121.2001953125,4123.60009765625,665
2026-08-03 10:00:00,4123.5,4126.5,4123.5,4125.7998046875,243
2026-08-03 10:15:00,4126.0,4127.2001953125,4119.2001953125,4119.2001953125,374
2026-08-03 10:30:00,4119.0,4120.39990234375,4111.7998046875,4112.7001953125,623
2026-08-03 10:45:00,4112.2998046875,4117.89990234375,4109.10009765625,4115.5,528
2026-08-03 11:00:00,4115.2998046875,4119.7001953125,4110.2998046875,4118.5,855
2026-08-03 11:15:00,4118.5,4125.2001953125,4113.89990234375,4124.2001953125,824
2026-08-03 11:30:00,4124.2998046875,4126.39990234375,4121.2001953125,4121.2001953125,984
2026-08-03 11:45:00,4121.5,4127.2998046875,4120.89990234375,4123.60009765625,813
2026-08-03 12:00:00,4123.5,4124.10009765625,4115.7001953125,4120.89990234375,1037
2026-08-03 12:15:00,4120.5,4122.2001953125,4117.7998046875,4118.89990234375,608
2026-08-03 12:30:00,4119.0,4120.5,4114.7998046875,4116.89990234375,667
2026-08-03 12:45:00,4116.5,4117.2998046875,4107.2998046875,4114.2001953125,1594
2026-08-03 13:00:00,4113.89990234375,4116.7998046875,4112.0,4115.10009765625,494
2026-08-03 13:15:00,4115.10009765625,4119.0,4113.60009765625,4117.10009765625,652
2026-08-03 13:30:00,4117.0,4117.7001953125,4114.2001953125,4117.5,418
2026-08-03 13:45:00,4117.39990234375,4118.0,4110.0,4111.2998046875,539
2026-08-03 14:00:00,4111.2998046875,4116.10009765625,4110.39990234375,4114.0,733
2026-08-03 14:15:00,4113.7998046875,4116.7001953125,4113.39990234375,4115.0,402
2026-08-03 14:30:00,4115.2998046875,4117.7001953125,4112.7998046875,4117.2998046875,425
2026-08-03 14:45:00,4116.89990234375,4116.89990234375,4108.0,4108.39990234375,751
2026-08-03 15:00:00,4108.5,4111.0,4102.2998046875,4109.7001953125,2582
2026-08-03 15:15:00,4109.60009765625,4114.39990234375,4109.60009765625,4111.60009765625,848
2026-08-03 15:30:00,4111.60009765625,4113.5,4109.39990234375,4112.39990234375,412
2026-08-03 15:45:00,4112.5,4113.60009765625,4108.2998046875,4110.0,386
2026-08-03 16:00:00,4110.0,4110.10009765625,4105.10009765625,4105.5,621
2026-08-03 16:15:00,4105.2998046875,4107.39990234375,4101.89990234375,4105.39990234375,574
2026-08-03 16:30:00,4105.7001953125,4109.2001953125,4103.2001953125,4106.10009765625,611
2026-08-03 16:45:00,4106.0,4106.39990234375,4101.7001953125,4104.7001953125,388
2026-08-03 17:00:00,4104.5,4111.2998046875,4104.0,4110.0,684
2026-08-03 17:15:00,4110.10009765625,4119.39990234375,4108.89990234375,4118.89990234375,1296
2026-08-03 17:30:00,4119.0,4121.10009765625,4110.7998046875,4112.2001953125,1106
2026-08-03 17:45:00,4112.10009765625,4112.5,4104.60009765625,4107.0,1566
2026-08-03 18:00:00,4107.2001953125,4109.0,4098.10009765625,4100.7998046875,1654
2026-08-03 18:15:00,4100.7998046875,4104.7001953125,4099.0,4103.39990234375,873
2026-08-03 18:30:00,4103.60009765625,4109.7998046875,4093.60009765625,4094.0,2690
2026-08-03 18:45:00,4094.0,4095.89990234375,4086.5,4089.5,3549
2026-08-03 19:00:00,4089.60009765625,4091.0,4074.0,4086.89990234375,5756
2026-08-03 19:15:00,4087.199951171875,4090.39990234375,4083.300048828125,4087.199951171875,2511
2026-08-03 19:30:00,4086.60009765625,4091.39990234375,4081.60009765625,4088.39990234375,3425
2026-08-03 19:45:00,4088.10009765625,4091.39990234375,4085.0,4087.60009765625,1798
2026-08-03 20:00:00,4087.60009765625,4093.39990234375,4087.10009765625,4091.699951171875,1586
2026-08-03 20:15:00,4091.800048828125,4094.89990234375,4089.0,4091.60009765625,1624
2026-08-03 20:30:00,4091.699951171875,4092.39990234375,4085.5,4088.300048828125,1401
2026-08-03 20:45:00,4088.5,4093.60009765625,4085.800048828125,4087.89990234375,1625
2026-08-03 21:00:00,4088.0,4094.60009765625,4086.10009765625,4092.10009765625,1359
2026-08-03 21:15:00,4092.300048828125,4096.39990234375,4091.0,4091.60009765625,1269
2026-08-03 21:30:00,4091.60009765625,4092.89990234375,4089.89990234375,4091.800048828125,709
2026-08-03 21:45:00,4091.39990234375,4094.10009765625,4090.300048828125,4092.5,774
2026-08-03 22:00:00,4092.5,4094.800048828125,4091.199951171875,4094.300048828125,694
2026-08-03 22:15:00,4094.5,4094.5,4091.300048828125,4092.39990234375,572
2026-08-03 22:30:00,4092.699951171875,4093.199951171875,4088.699951171875,4089.800048828125,585
2026-08-03 22:45:00,4089.699951171875,4093.5,4089.39990234375,4090.0,1731
2026-08-03 23:00:00,4090.10009765625,4092.699951171875,4089.699951171875,4091.89990234375,714
2026-08-03 23:15:00,4091.800048828125,4092.300048828125,4085.89990234375,4086.39990234375,734
2026-08-03 23:30:00,4086.39990234375,4094.300048828125,4085.39990234375,4090.699951171875,1082
2026-08-03 23:45:00,4090.800048828125,4094.89990234375,4090.60009765625,4093.89990234375,1022
2026-08-04 00:00:00,4093.699951171875,4097.39990234375,4092.39990234375,4097.39990234375,548
2026-08-04 00:15:00,4097.2001953125,4101.0,4096.2998046875,4099.60009765625,913
2026-08-04 00:30:00,4099.5,4105.5,4099.5,4101.89990234375,1298
2026-08-04 00:45:00,4102.2001953125,4110.2001953125,4102.10009765625,4108.7998046875,1079
2026-08-04 01:00:00,4108.89990234375,4111.5,4107.7001953125,4110.0,849
2026-08-04 01:15:00,4109.89990234375,4112.0,4107.7001953125,4108.2001953125,1127
2026-08-04 01:30:00,4108.2998046875,4108.89990234375,4106.2001953125,4108.7998046875,395
2026-08-04 01:45:00,4108.39990234375,4111.89990234375,4107.2998046875,4110.2001953125,303
2026-08-04 02:00:00,4110.60009765625,4115.0,4110.0,4112.39990234375,379
2026-08-04 02:15:00,4112.5,4113.5,4110.60009765625,4110.89990234375,670
2026-08-04 03:30:00,4109.60009765625,4110.2998046875,4104.60009765625,4107.0,248
2026-08-04 03:45:00,4106.7998046875,4108.2001953125,4106.2998046875,4107.5,115
2026-08-04 04:00:00,4107.7998046875,4109.2001953125,4107.0,4108.39990234375,125
2026-08-04 04:15:00,4108.60009765625,4109.60009765625,4106.7998046875,4108.60009765625,211
2026-08-04 04:30:00,4108.60009765625,4110.7998046875,4105.5,4107.10009765625,680
2026-08-04 04:45:00,4107.0,4110.60009765625,4106.2001953125,4107.2998046875,663
2026-08-04 05:00:00,4107.39990234375,4108.5,4106.60009765625,4108.10009765625,70
2026-08-04 05:15:00,4108.2001953125,4109.60009765625,4107.0,4109.2998046875,459
2026-08-04 05:30:00,4109.2001953125,4125.10009765625,4108.7001953125,4119.2001953125,1584
2026-08-04 05:45:00,4119.10009765625,4120.2998046875,4113.7001953125,4114.60009765625,381
2026-08-04 06:00:00,4114.89990234375,4116.2998046875,4110.89990234375,4111.60009765625,408
2026-08-04 06:15:00,4112.39990234375,4113.7998046875,4104.10009765625,4104.89990234375,1100
2026-08-04 06:30:00,4104.7998046875,4106.2001953125,4098.2001953125,4102.7001953125,1422
2026-08-04 06:45:00,4103.60009765625,4108.0,4103.2998046875,4104.7001953125,614
2026-08-04 07:00:00,4105.0,4116.0,4104.0,4114.60009765625,951
2026-08-04 07:15:00,4114.7001953125,4117.60009765625,4112.60009765625,4114.7998046875,603
2026-08-04 07:30:00,4114.7998046875,4116.7998046875,4111.10009765625,4113.89990234375,443
2026-08-04 07:45:00,4113.60009765625,4115.39990234375,4111.2998046875,4112.2001953125,431
2026-08-04 08:00:00,4112.2001953125,4120.60009765625,4111.10009765625,4117.89990234375,784
2026-08-04 08:15:00,4117.89990234375,4118.2001953125,4113.7001953125,4114.60009765625,360
2026-08-04 08:30:00,4114.2998046875,4116.2998046875,4112.0,4113.7001953125,294
2026-08-04 08:45:00,4113.7001953125,4117.5,4113.39990234375,4113.7001953125,430
2026-08-04 09:00:00,4113.5,4114.2001953125,4107.7001953125,4107.89990234375,653
2026-08-04 09:15:00,4108.2998046875,4110.7998046875,4107.60009765625,4108.2001953125,374
2026-08-04 09:30:00,4107.39990234375,4112.2998046875,4106.39990234375,4111.89990234375,592
2026-08-04 09:45:00,4112.10009765625,4117.0,4111.2998046875,4116.7001953125,1005
2026-08-04 10:00:00,4116.7998046875,4119.7001953125,4116.0,4118.10009765625,685
2026-08-04 10:15:00,4118.0,4121.89990234375,4117.89990234375,4119.2998046875,690
2026-08-04 10:30:00,4119.2001953125,4120.39990234375,4112.7001953125,4113.5,566
2026-08-04 10:45:00,4113.5,4119.7001953125,4113.0,4119.2998046875,480
2026-08-04 11:00:00,4119.5,4123.7001953125,4115.0,4118.60009765625,1185
2026-08-04 11:15:00,4118.39990234375,4120.10009765625,4114.10009765625,4117.2998046875,896
2026-08-04 11:30:00,4117.89990234375,4122.10009765625,4117.7998046875,4120.39990234375,659
2026-08-04 11:45:00,4120.10009765625,4120.7998046875,4115.2001953125,4115.60009765625,474
2026-08-04 12:00:00,4115.60009765625,4115.7001953125,4111.39990234375,4115.60009765625,702
2026-08-04 12:15:00,4115.7001953125,4119.7001953125,4114.7001953125,4119.2998046875,641
2026-08-04 12:30:00,4119.5,4121.7998046875,4116.60009765625,4116.60009765625,902
2026-08-04 12:45:00,4116.89990234375,4121.7998046875,4116.7001953125,4119.0,722
2026-08-04 13:00:00,4119.0,4122.89990234375,4117.5,4119.2001953125,866
2026-08-04 13:15:00,4118.89990234375,4122.39990234375,4118.2001953125,4121.7998046875,436
2026-08-04 13:30:00,4121.89990234375,4129.60009765625,4120.7001953125,4124.2001953125,2141
2026-08-04 13:45:00,4124.2998046875,4124.89990234375,4116.2998046875,4119.5,697
2026-08-04 14:00:00,4119.2001953125,4120.5,4114.39990234375,4115.2001953125,788
2026-08-04 14:15:00,4115.10009765625,4115.2998046875,4110.10009765625,4110.7998046875,567
2026-08-04 14:30:00,4110.5,4111.2001953125,4104.10009765625,4106.5,880
2026-08-04 14:45:00,4106.2001953125,4107.7998046875,4104.7001953125,4105.89990234375,837
2026-08-04 15:00:00,4106.2001953125,4107.2001953125,4102.0,4106.10009765625,1049
2026-08-04 15:15:00,4106.0,4106.89990234375,4103.0,4105.10009765625,539
2026-08-04 15:30:00,4105.7001953125,4106.0,4102.7001953125,4105.0,323
2026-08-04 15:45:00,4104.60009765625,4105.60009765625,4101.39990234375,4104.60009765625,491
2026-08-04 16:00:00,4105.0,4109.89990234375,4102.0,4108.39990234375,848
2026-08-04 16:15:00,4108.2001953125,4116.39990234375,4108.10009765625,4109.7998046875,1518
2026-08-04 16:30:00,4109.39990234375,4114.89990234375,4108.10009765625,4112.60009765625,639
2026-08-04 16:45:00,4112.7001953125,4117.2001953125,4111.39990234375,4117.10009765625,544
2026-08-04 17:00:00,4117.2001953125,4127.39990234375,4116.10009765625,4126.5,2361
2026-08-04 17:15:00,4126.7998046875,4141.7998046875,4123.89990234375,4132.10009765625,5538
2026-08-04 17:30:00,4132.2998046875,4133.2001953125,4117.60009765625,4118.7001953125,2569
2026-08-04 17:45:00,4118.7998046875,4126.89990234375,4117.60009765625,4124.7998046875,1812
2026-08-04 18:00:00,4125.0,4141.5,4125.0,4135.10009765625,3567
2026-08-04 18:15:00,4135.2001953125,4136.10009765625,4126.39990234375,4127.7998046875,1850
2026-08-04 18:30:00,4128.10009765625,4128.7001953125,4117.2001953125,4120.7998046875,2761
2026-08-04 18:45:00,4120.39990234375,4147.89990234375,4119.39990234375,4135.39990234375,5980
2026-08-04 19:00:00,4135.60009765625,4148.89990234375,4132.7998046875,4140.39990234375,5451
2026-08-04 19:15:00,4140.5,4151.5,4138.60009765625,4140.7001953125,3859
2026-08-04 19:30:00,4140.7001953125,4148.7998046875,4140.2001953125,4147.2001953125,2451
2026-08-04 19:45:00,4147.39990234375,4149.2998046875,4137.2998046875,4140.39990234375,2376
2026-08-04 20:00:00,4140.60009765625,4143.7001953125,4131.2998046875,4137.0,3906
2026-08-04 20:15:00,4136.5,4141.89990234375,4134.7998046875,4140.39990234375,1771
2026-08-04 20:30:00,4140.5,4142.39990234375,4136.5,4140.60009765625,1028
2026-08-04 20:45:00,4141.10009765625,4141.2001953125,4131.0,4135.0,1727
2026-08-04 21:00:00,4134.39990234375,4144.2998046875,4133.0,4141.2001953125,2095
2026-08-04 21:15:00,4140.60009765625,4145.7998046875,4139.7001953125,4144.2001953125,1588
2026-08-04 21:30:00,4144.39990234375,4145.7001953125,4141.2001953125,4141.89990234375,1667
2026-08-04 21:45:00,4142.0,4147.0,4139.7001953125,4144.7001953125,1219
2026-08-04 22:00:00,4144.60009765625,4146.2998046875,4141.60009765625,4146.0,1070
2026-08-04 22:15:00,4145.89990234375,4150.7001953125,4145.60009765625,4150.39990234375,1693
2026-08-04 22:30:00,4150.2001953125,4163.7998046875,4149.39990234375,4157.10009765625,3886
2026-08-04 22:45:00,4157.2998046875,4158.5,4151.10009765625,4151.89990234375,2919
2026-08-04 23:00:00,4151.7998046875,4153.2998046875,4148.7998046875,4152.60009765625,982
2026-08-04 23:15:00,4152.7001953125,4153.5,4143.0,4143.10009765625,1610
2026-08-04 23:30:00,4142.7998046875,4145.7998046875,4141.7001953125,4145.2001953125,973
2026-08-04 23:45:00,4145.10009765625,4146.0,4141.2001953125,4141.39990234375,773
2026-08-05 00:00:00,4141.60009765625,4142.7001953125,4133.2001953125,4133.5,1571
2026-08-05 00:15:00,4133.5,4138.10009765625,4132.10009765625,4136.7998046875,859
2026-08-05 00:30:00,4136.60009765625,4141.2998046875,4135.7001953125,4138.7001953125,1251
2026-08-05 00:45:00,4138.89990234375,4141.89990234375,4136.0,4137.2998046875,892
2026-08-05 01:00:00,4137.2001953125,4139.60009765625,4136.0,4138.2001953125,307
2026-08-05 01:15:00,4138.2001953125,4139.10009765625,4133.2998046875,4135.2998046875,648
2026-08-05 01:30:00,4135.60009765625,4137.2998046875,4135.10009765625,4136.10009765625,362
2026-08-05 01:45:00,4135.7998046875,4135.7998046875,4131.39990234375,4132.2001953125,306
2026-08-05 02:00:00,4132.10009765625,4135.7001953125,4132.0,4134.60009765625,166
2026-08-05 02:15:00,4134.2998046875,4135.2001953125,4132.7001953125,4134.2001953125,215
2026-08-05 03:30:00,4133.7998046875,4135.5,4132.7001953125,4133.39990234375,149
2026-08-05 03:45:00,4133.2001953125,4136.10009765625,4132.10009765625,4135.60009765625,848
2026-08-05 04:00:00,4136.0,4142.10009765625,4135.2998046875,4140.60009765625,933
2026-08-05 04:15:00,4140.7998046875,4140.7998046875,4132.39990234375,4132.5,928
2026-08-05 04:30:00,4132.7998046875,4134.0,4125.5,4130.0,1523
2026-08-05 04:45:00,4129.89990234375,4131.39990234375,4121.60009765625,4123.7001953125,976
2026-08-05 05:00:00,4123.2001953125,4126.2001953125,4122.10009765625,4125.2998046875,333
2026-08-05 05:15:00,4125.2001953125,4129.5,4125.2001953125,4128.7001953125,366
2026-08-05 05:30:00,4128.60009765625,4130.10009765625,4126.2998046875,4127.89990234375,312
2026-08-05 05:45:00,4127.7998046875,4134.89990234375,4127.39990234375,4134.60009765625,415
2026-08-05 06:00:00,4134.89990234375,4139.10009765625,4133.89990234375,4133.89990234375,582
2026-08-05 06:15:00,4134.2001953125,4139.2998046875,4133.5,4138.2001953125,285
2026-08-05 06:30:00,4138.5,4142.7001953125,4133.39990234375,4141.89990234375,1020
2026-08-05 06:45:00,4141.89990234375,4144.7001953125,4138.2001953125,4139.7998046875,669
2026-08-05 07:00:00,4140.5,4148.89990234375,4135.7001953125,4148.7001953125,704
2026-08-05 07:15:00,4148.39990234375,4158.5,4148.39990234375,4157.2001953125,948
2026-08-05 07:30:00,4157.2001953125,4158.89990234375,4152.2001953125,4156.2001953125,1068
2026-08-05 07:45:00,4156.10009765625,4165.0,4151.7998046875,4160.10009765625,1845
2026-08-05 08:00:00,4160.5,4186.10009765625,4158.2001953125,4185.5,4335
2026-08-05 08:15:00,4185.7001953125,4192.60009765625,4181.2001953125,4186.2001953125,3348
2026-08-05 08:30:00,4186.5,4193.5,4184.2998046875,4192.7998046875,1484
2026-08-05 08:45:00,4193.2998046875,4193.7998046875,4187.10009765625,4187.7001953125,988
2026-08-05 09:00:00,4187.7998046875,4188.2998046875,4185.0,4185.89990234375,765
2026-08-05 09:15:00,4186.10009765625,4187.7998046875,4185.0,4186.60009765625,460
2026-08-05 09:30:00,4186.10009765625,4199.5,4186.0,4196.39990234375,2280
2026-08-05 09:45:00,4196.2998046875,4198.7001953125,4195.5,4196.5,996
2026-08-05 10:00:00,4196.5,4196.5,4191.0,4192.39990234375,848
2026-08-05 10:15:00,4192.2998046875,4194.0,4189.89990234375,4193.39990234375,1046
2026-08-05 10:30:00,4193.2998046875,4196.2001953125,4192.7001953125,4195.39990234375,794
2026-08-05 10:45:00,4195.2998046875,4200.39990234375,4193.5,4197.89990234375,1249
2026-08-05 11:00:00,4198.0,4219.7998046875,4197.89990234375,4218.2001953125,6211
2026-08-05 11:15:00,4217.7001953125,4233.0,4217.39990234375,4222.2001953125,6573
2026-08-05 11:30:00,4222.39990234375,4234.2998046875,4220.2001953125,4233.0,2943
2026-08-05 11:45:00,4232.7998046875,4233.39990234375,4221.2001953125,4228.39990234375,2546
2026-08-05 12:00:00,4228.2998046875,4237.7998046875,4226.7001953125,4234.89990234375,2417
2026-08-05 12:15:00,4235.0,4237.39990234375,4231.5,4237.10009765625,1929
2026-08-05 12:30:00,4236.7001953125,4238.5,4225.0,4225.2998046875,2335
2026-08-05 12:45:00,4225.39990234375,4228.39990234375,4221.7998046875,4223.2998046875,1602
2026-08-05 13:00:00,4223.5,4225.89990234375,4220.89990234375,4225.5,1194
2026-08-05 13:15:00,4225.7001953125,4231.0,4223.2998046875,4229.89990234375,1277
2026-08-05 13:30:00,4229.89990234375,4231.5,4223.2998046875,4224.2001953125,1218
2026-08-05 13:45:00,4224.7001953125,4226.89990234375,4221.0,4223.7998046875,1248
2026-08-05 14:00:00,4223.89990234375,4227.10009765625,4220.89990234375,4225.7001953125,1827
2026-08-05 14:15:00,4225.7001953125,4226.10009765625,4218.39990234375,4219.7001953125,1671
2026-08-05 14:30:00,4220.0,4226.89990234375,4219.7998046875,4222.7001953125,1283
2026-08-05 14:45:00,4222.39990234375,4222.39990234375,4214.60009765625,4216.60009765625,1688
2026-08-05 15:00:00,4216.60009765625,4218.7001953125,4213.0,4217.2998046875,1849
2026-08-05 15:15:00,4217.2001953125,4218.39990234375,4211.7998046875,4216.89990234375,1439
2026-08-05 15:30:00,4216.7998046875,4217.0,4209.2998046875,4210.0,885
2026-08-05 15:45:00,4209.89990234375,4217.2998046875,4209.10009765625,4215.7998046875,1352
2026-08-05 16:00:00,4216.10009765625,4216.7998046875,4212.7001953125,4213.89990234375,813
2026-08-05 16:15:00,4214.2001953125,4220.7001953125,4213.0,4220.39990234375,1254
2026-08-05 16:30:00,4220.60009765625,4230.39990234375,4219.7998046875,4229.60009765625,1766
2026-08-05 16:45:00,4230.39990234375,4240.39990234375,4228.7001953125,4235.5,3306
2026-08-05 17:00:00,4235.60009765625,4248.7998046875,4233.39990234375,4244.60009765625,6212
2026-08-05 17:15:00,4244.89990234375,4252.2001953125,4242.7998046875,4248.5,2505
2026-08-05 17:30:00,4248.5,4259.7001953125,4248.5,4258.2998046875,4815
2026-08-05 17:45:00,4258.39990234375,4273.60009765625,4258.39990234375,4265.10009765625,6200
2026-08-05 18:00:00,4265.2998046875,4268.89990234375,4253.0,4254.60009765625,4070
2026-08-05 18:15:00,4255.0,4255.7001953125,4243.10009765625,4244.10009765625,2945
2026-08-05 18:30:00,4243.89990234375,4257.2001953125,4243.7998046875,4247.60009765625,5025
2026-08-05 18:45:00,4247.7998046875,4258.2998046875,4245.2998046875,4257.39990234375,3148
2026-08-05 19:00:00,4257.39990234375,4264.7998046875,4252.7998046875,4257.60009765625,5143
2026-08-05 19:15:00,4257.89990234375,4266.7001953125,4248.7001953125,4265.7998046875,3628
2026-08-05 19:30:00,4265.10009765625,4295.0,4263.10009765625,4289.60009765625,9029
2026-08-05 19:45:00,4289.7998046875,4300.60009765625,4286.60009765625,4297.10009765625,4929
2026-08-05 20:00:00,4296.7001953125,4303.5,4288.7001953125,4303.39990234375,5426
2026-08-05 20:15:00,4303.39990234375,4307.7998046875,4293.2001953125,4304.2998046875,4702
2026-08-05 20:30:00,4303.89990234375,4321.5,4302.39990234375,4318.2001953125,6296
2026-08-05 20:45:00,4318.0,4325.5,4310.2998046875,4317.7001953125,4393
2026-08-05 21:00:00,4317.5,4319.89990234375,4312.39990234375,4316.0,2217
2026-08-05 21:15:00,4315.7001953125,4315.7001953125,4292.7001953125,4293.0,5899
2026-08-05 21:30:00,4293.60009765625,4296.5,4285.0,4294.60009765625,4238
2026-08-05 21:45:00,4294.60009765625,4302.60009765625,4292.89990234375,4301.60009765625,2418
2026-08-05 22:00:00,4301.89990234375,4307.39990234375,4299.2998046875,4304.89990234375,1981
2026-08-05 22:15:00,4305.2001953125,4308.10009765625,4298.60009765625,4302.7998046875,2209
2026-08-05 22:30:00,4302.89990234375,4304.89990234375,4299.7001953125,4302.39990234375,2322
2026-08-05 22:45:00,4302.2998046875,4307.0,4296.2001953125,4305.0,4084
2026-08-05 23:00:00,4304.89990234375,4311.5,4301.10009765625,4308.5,1620
2026-08-05 23:15:00,4308.7001953125,4313.0,4307.89990234375,4311.0,1567
2026-08-05 23:30:00,4310.7001953125,4318.39990234375,4309.60009765625,4314.0,1780
2026-08-05 23:45:00,4313.7998046875,4328.2001953125,4313.7001953125,4323.7998046875,2472
2026-08-06 00:00:00,4323.2001953125,4324.5,4314.60009765625,4319.5,1582
2026-08-06 00:15:00,4319.7001953125,4324.0,4318.2998046875,4321.2001953125,837
2026-08-06 00:30:00,4321.0,4322.7001953125,4316.60009765625,4318.89990234375,753
2026-08-06 00:45:00,4318.7998046875,4318.7998046875,4311.2001953125,4314.0,1320
2026-08-06 01:00:00,4313.7001953125,4314.89990234375,4308.7998046875,4313.7001953125,1129
2026-08-06 01:15:00,4313.2998046875,4313.89990234375,4307.0,4307.60009765625,1463
2026-08-06 01:30:00,4307.89990234375,4310.39990234375,4307.39990234375,4310.10009765625,464
2026-08-06 01:45:00,4310.10009765625,4310.39990234375,4306.2001953125,4306.60009765625,317
2026-08-06 02:00:00,4306.7998046875,4310.2998046875,4305.7998046875,4306.2998046875,328
2026-08-06 02:15:00,4306.2001953125,4308.2001953125,4303.5,4308.0,649
2026-08-06 03:30:00,4307.0,4315.2001953125,4304.89990234375,4307.0,287
2026-08-06 03:45:00,4307.89990234375,4308.7001953125,4306.7998046875,4308.2001953125,297
2026-08-06 04:00:00,4307.60009765625,4310.2001953125,4307.2001953125,4307.2001953125,338
2026-08-06 04:15:00,4307.5,4309.5,4307.0,4309.5,252
2026-08-06 04:30:00,4309.39990234375,4317.5,4308.2998046875,4315.0,722
2026-08-06 04:45:00,4315.39990234375,4323.2001953125,4315.39990234375,4322.2001953125,808
2026-08-06 05:00:00,4322.5,4341.10009765625,4319.7998046875,4339.60009765625,2460
2026-08-06 05:15:00,4339.7998046875,4339.7998046875,4331.0,4337.2998046875,1190
2026-08-06 05:30:00,4337.2001953125,4337.2001953125,4323.5,4329.5,2150
2026-08-06 05:45:00,4330.39990234375,4344.2001953125,4330.2998046875,4334.0,2147
2026-08-06 06:00:00,4333.60009765625,4350.2998046875,4333.60009765625,4345.39990234375,2263
2026-08-06 06:15:00,4345.89990234375,4360.0,4345.7001953125,4354.7001953125,2864
2026-08-06 06:30:00,4354.60009765625,4362.7001953125,4339.2998046875,4343.60009765625,4279
2026-08-06 06:45:00,4344.0,4347.5,4332.5,4335.7998046875,3310
2026-08-06 07:00:00,4335.5,4357.10009765625,4335.2998046875,4347.89990234375,2887
2026-08-06 07:15:00,4348.2001953125,4357.7998046875,4343.2998046875,4346.89990234375,2408
2026-08-06 07:30:00,4346.7001953125,4363.7001953125,4344.0,4354.5,2755
2026-08-06 07:45:00,4354.7998046875,4359.2001953125,4350.7998046875,4351.10009765625,826
2026-08-06 08:00:00,4350.89990234375,4351.5,4339.7998046875,4344.7001953125,1515
2026-08-06 08:15:00,4344.39990234375,4346.10009765625,4334.0,4337.7998046875,1180
2026-08-06 08:30:00,4337.2001953125,4340.0,4332.89990234375,4332.89990234375,1030
2026-08-06 08:45:00,4332.7998046875,4333.2001953125,4320.2001953125,4325.5,2157
2026-08-06 09:00:00,4325.2001953125,4326.5,4321.0,4321.89990234375,689
2026-08-06 09:15:00,4322.39990234375,4324.89990234375,4319.60009765625,4324.89990234375,516
2026-08-06 09:30:00,4324.5,4326.10009765625,4321.10009765625,4322.2001953125,968
2026-08-06 09:45:00,4322.5,4322.89990234375,4312.2001953125,4315.0,983
2026-08-06 10:00:00,4315.10009765625,4320.7998046875,4315.10009765625,4318.2998046875,571
2026-08-06 10:15:00,4318.0,4322.10009765625,4318.0,4321.39990234375,495
2026-08-06 10:30:00,4321.2998046875,4324.5,4315.7998046875,4319.10009765625,810
2026-08-06 10:45:00,4318.7001953125,4318.7998046875,4312.10009765625,4312.89990234375,607
2026-08-06 11:00:00,4312.7001953125,4325.10009765625,4306.2001953125,4322.7998046875,1938
2026-08-06 11:15:00,4322.10009765625,4327.5,4321.2001953125,4326.0,994
2026-08-06 11:30:00,4325.7998046875,4327.5,4315.7001953125,4319.2998046875,1467
2026-08-06 11:45:00,4319.60009765625,4320.10009765625,4313.39990234375,4316.2998046875,1242
2026-08-06 12:00:00,4316.39990234375,4316.7001953125,4308.2001953125,4315.39990234375,936
2026-08-06 12:15:00,4315.10009765625,4317.0,4309.60009765625,4314.7001953125,961
2026-08-06 12:30:00,4314.7001953125,4322.5,4311.89990234375,4322.0,1053
2026-08-06 12:45:00,4321.89990234375,4324.0,4317.0,4321.0,1167
2026-08-06 13:00:00,4320.7001953125,4321.0,4313.7998046875,4314.0,661
2026-08-06 13:15:00,4314.10009765625,4322.10009765625,4311.7001953125,4321.7001953125,1233
2026-08-06 13:30:00,4322.0,4328.7001953125,4319.39990234375,4328.10009765625,1185
2026-08-06 13:45:00,4327.7998046875,4329.7998046875,4322.89990234375,4327.2998046875,1351
2026-08-06 14:00:00,4327.2001953125,4334.0,4325.7998046875,4332.0,1358
2026-08-06 14:15:00,4332.10009765625,4337.7001953125,4329.39990234375,4337.10009765625,941
2026-08-06 14:30:00,4337.2001953125,4342.39990234375,4334.7001953125,4338.39990234375,1657
2026-08-06 14:45:00,4339.0,4344.2001953125,4337.60009765625,4341.89990234375,1017
2026-08-06 15:00:00,4342.2998046875,4343.39990234375,4331.39990234375,4331.39990234375,1606
2026-08-06 15:15:00,4331.39990234375,4335.39990234375,4330.39990234375,4332.60009765625,657
2026-08-06 15:30:00,4332.60009765625,4333.10009765625,4328.10009765625,4329.0,707
2026-08-06 15:45:00,4328.7001953125,4330.39990234375,4326.60009765625,4328.39990234375,744
2026-08-06 16:00:00,4328.89990234375,4329.2001953125,4322.7998046875,4324.5,1011
2026-08-06 16:15:00,4324.5,4330.89990234375,4324.0,4330.0,564
2026-08-06 16:30:00,4330.0,4332.5,4325.39990234375,4328.5,814
2026-08-06 16:45:00,4328.2998046875,4330.7001953125,4318.5,4323.39990234375,1488
2026-08-06 17:00:00,4323.39990234375,4326.10009765625,4318.39990234375,4319.10009765625,1192
2026-08-06 17:15:00,4319.2001953125,4323.0,4312.7001953125,4322.60009765625,2552
2026-08-06 17:30:00,4322.2001953125,4324.7001953125,4314.39990234375,4314.89990234375,1493
2026-08-06 17:45:00,4315.0,4321.7001953125,4311.7001953125,4320.5,1793
2026-08-06 18:00:00,4320.7998046875,4330.10009765625,4316.7001953125,4326.0,2968
2026-08-06 18:15:00,4326.2001953125,4326.60009765625,4307.0,4308.60009765625,4296
2026-08-06 18:30:00,4308.5,4314.2001953125,4288.39990234375,4296.7001953125,7365
2026-08-06 18:45:00,4296.5,4306.39990234375,4294.0,4305.89990234375,3182
2026-08-06 19:00:00,4305.7998046875,4332.89990234375,4304.2998046875,4328.89990234375,7161
2026-08-06 19:15:00,4329.10009765625,4329.10009765625,4320.7998046875,4325.89990234375,3612
2026-08-06 19:30:00,4326.10009765625,4334.7001953125,4323.2001953125,4327.2998046875,4498
2026-08-06 19:45:00,4327.60009765625,4328.10009765625,4318.89990234375,4324.7998046875,3630
2026-08-06 20:00:00,4324.7001953125,4334.10009765625,4324.7001953125,4333.10009765625,2116
2026-08-06 20:15:00,4332.60009765625,4334.60009765625,4321.7998046875,4332.2001953125,1900
2026-08-06 20:30:00,4332.2001953125,4333.60009765625,4320.5,4322.7001953125,3848
2026-08-06 20:45:00,4322.5,4322.7998046875,4309.2998046875,4313.39990234375,4069
2026-08-06 21:00:00,4313.7001953125,4314.2001953125,4303.89990234375,4309.89990234375,2761
2026-08-06 21:15:00,4309.7998046875,4310.10009765625,4285.2001953125,4291.5,5086
2026-08-06 21:30:00,4291.7998046875,4300.7998046875,4288.2998046875,4290.60009765625,3490
2026-08-06 21:45:00,4290.39990234375,4290.7001953125,4281.2001953125,4288.2001953125,4117
2026-08-06 22:00:00,4288.2998046875,4294.0,4288.10009765625,4291.5,2008
2026-08-06 22:15:00,4291.2998046875,4300.60009765625,4289.89990234375,4299.39990234375,1958
2026-08-06 22:30:00,4299.60009765625,4303.0,4297.60009765625,4299.2001953125,1343
2026-08-06 22:45:00,4299.2001953125,4301.2998046875,4297.10009765625,4300.5,2199
2026-08-06 23:00:00,4300.2001953125,4302.2998046875,4297.10009765625,4300.5,978
2026-08-06 23:15:00,4300.2998046875,4307.0,4299.10009765625,4305.7998046875,1333
2026-08-06 23:30:00,4305.89990234375,4307.60009765625,4302.60009765625,4304.7998046875,640
2026-08-06 23:45:00,4305.39990234375,4308.0,4304.39990234375,4305.10009765625,481
2026-08-07 00:00:00,4305.0,4306.0,4299.2001953125,4300.2001953125,707
2026-08-07 00:15:00,4300.2998046875,4304.2998046875,4299.5,4302.2001953125,378
2026-08-07 00:30:00,4302.10009765625,4309.7998046875,4301.7998046875,4305.89990234375,853
2026-08-07 00:45:00,4306.10009765625,4307.10009765625,4294.2001953125,4296.5,1480
2026-08-07 01:00:00,4296.60009765625,4298.60009765625,4292.0,4293.5,829
2026-08-07 01:15:00,4293.89990234375,4309.2998046875,4293.89990234375,4307.7998046875,1968
2026-08-07 01:30:00,4307.7001953125,4309.10009765625,4301.7001953125,4303.5,609
2026-08-07 01:45:00,4303.7998046875,4304.39990234375,4298.60009765625,4300.7998046875,512
2026-08-07 02:00:00,4300.5,4301.2001953125,4294.10009765625,4294.2001953125,475
2026-08-07 02:15:00,4294.0,4300.7001953125,4293.60009765625,4298.7001953125,362
2026-08-07 03:30:00,4298.2998046875,4298.89990234375,4293.89990234375,4295.2998046875,342
2026-08-07 03:45:00,4298.60009765625,4301.7998046875,4297.7001953125,4301.2001953125,395
2026-08-07 04:00:00,4300.89990234375,4301.7001953125,4297.10009765625,4297.10009765625,326
2026-08-07 04:15:00,4297.5,4301.2001953125,4296.89990234375,4298.2998046875,175
2026-08-07 04:30:00,4298.60009765625,4304.2998046875,4298.39990234375,4303.60009765625,315
2026-08-07 04:45:00,4304.0,4304.89990234375,4301.39990234375,4303.7001953125,321
2026-08-07 05:00:00,4303.5,4307.10009765625,4303.2998046875,4305.5,514
2026-08-07 05:15:00,4305.7001953125,4311.7998046875,4304.5,4311.0,862
2026-08-07 05:30:00,4310.7001953125,4311.39990234375,4301.7001953125,4303.2001953125,425
2026-08-07 05:45:00,4303.2998046875,4304.7001953125,4297.5,4302.10009765625,769
2026-08-07 06:00:00,4302.0,4302.0,4288.2001953125,4292.7998046875,1260
2026-08-07 06:15:00,4293.2001953125,4295.2001953125,4288.0,4291.2001953125,668
2026-08-07 06:30:00,4290.89990234375,4305.10009765625,4289.7998046875,4302.39990234375,1161
2026-08-07 06:45:00,4302.2998046875,4308.39990234375,4298.7001953125,4302.10009765625,797
2026-08-07 07:00:00,4302.10009765625,4316.7998046875,4297.7001953125,4315.0,1636
2026-08-07 07:15:00,4314.7998046875,4317.5,4310.0,4314.7001953125,1048
2026-08-07 07:30:00,4314.60009765625,4320.7998046875,4314.0,4317.2001953125,1408
2026-08-07 07:45:00,4317.10009765625,4319.7001953125,4315.7001953125,4319.39990234375,540
2026-08-07 08:00:00,4319.89990234375,4320.39990234375,4308.39990234375,4308.39990234375,958
2026-08-07 08:15:00,4308.2001953125,4314.7998046875,4305.39990234375,4309.10009765625,1163
2026-08-07 08:30:00,4309.10009765625,4318.10009765625,4308.2998046875,4313.5,595
2026-08-07 08:45:00,4313.60009765625,4317.2998046875,4310.60009765625,4317.2998046875,986
2026-08-07 09:00:00,4317.39990234375,4320.39990234375,4316.60009765625,4319.60009765625,459
2026-08-07 09:15:00,4319.89990234375,4325.0,4318.2998046875,4322.7998046875,903
2026-08-07 09:30:00,4325.2998046875,4328.2998046875,4321.2998046875,4325.39990234375,1486
2026-08-07 09:45:00,4325.39990234375,4328.39990234375,4321.10009765625,4324.39990234375,867
2026-08-07 10:00:00,4324.2998046875,4327.7998046875,4320.2001953125,4323.2001953125,688
2026-08-07 10:15:00,4322.89990234375,4326.2001953125,4321.39990234375,4324.10009765625,286
2026-08-07 10:30:00,4324.10009765625,4330.39990234375,4320.39990234375,4329.0,1160
2026-08-07 10:45:00,4328.60009765625,4329.89990234375,4323.7998046875,4325.7001953125,626
2026-08-07 11:00:00,4325.89990234375,4336.60009765625,4325.2998046875,4330.60009765625,1800
2026-08-07 11:15:00,4330.7001953125,4340.0,4330.7001953125,4337.7001953125,1799
2026-08-07 11:30:00,4337.7001953125,4350.0,4337.10009765625,4345.39990234375,1993
2026-08-07 11:45:00,4345.10009765625,4350.2001953125,4341.7001953125,4341.7001953125,2503
2026-08-07 12:00:00,4341.89990234375,4354.2001953125,4338.60009765625,4351.39990234375,2576
2026-08-07 12:15:00,4351.2998046875,4358.0,4347.7998046875,4356.2998046875,2461
2026-08-07 12:30:00,4356.2001953125,4356.89990234375,4349.10009765625,4350.2998046875,1699
2026-08-07 12:45:00,4350.5,4351.60009765625,4343.7998046875,4344.2998046875,1341
2026-08-07 13:00:00,4344.5,4348.0,4343.10009765625,4344.2001953125,1022
2026-08-07 13:15:00,4344.2998046875,4350.2001953125,4342.0,4348.89990234375,936
2026-08-07 13:30:00,4349.2001953125,4359.89990234375,4347.89990234375,4358.7998046875,1891
2026-08-07 13:45:00,4359.2001953125,4360.0,4352.2998046875,4353.7998046875,1365
2026-08-07 14:00:00,4354.0,4375.89990234375,4353.39990234375,4367.7001953125,3828
2026-08-07 14:15:00,4368.2998046875,4370.5,4362.7001953125,4365.39990234375,1292
2026-08-07 14:30:00,4365.60009765625,4367.0,4363.60009765625,4365.2998046875,900
2026-08-07 14:45:00,4365.39990234375,4370.7001953125,4364.39990234375,4365.89990234375,1185
2026-08-07 15:00:00,4366.39990234375,4377.7998046875,4361.60009765625,4376.60009765625,2602
2026-08-07 15:15:00,4376.7998046875,4380.10009765625,4373.89990234375,4375.60009765625,2952
2026-08-07 15:30:00,4375.7998046875,4379.0,4367.2001953125,4367.2001953125,1488
2026-08-07 15:45:00,4367.5,4373.7001953125,4367.2998046875,4373.10009765625,914
2026-08-07 16:00:00,4373.10009765625,4377.7001953125,4372.39990234375,4376.2001953125,1058
2026-08-07 16:15:00,4376.39990234375,4380.2001953125,4375.60009765625,4376.39990234375,1556
2026-08-07 16:30:00,4376.2998046875,4385.7001953125,4376.2998046875,4379.5,2085
2026-08-07 16:45:00,4379.7998046875,4386.7001953125,4376.0,4384.39990234375,2151
2026-08-07 17:00:00,4384.5,4387.10009765625,4380.2001953125,4382.2001953125,1638
2026-08-07 17:15:00,4382.0,4386.5,4380.10009765625,4380.7998046875,1963
2026-08-07 17:30:00,4380.60009765625,4384.7998046875,4374.10009765625,4374.7001953125,2795
2026-08-07 17:45:00,4374.2998046875,4376.60009765625,4361.0,4370.7998046875,4205
2026-08-07 18:00:00,4373.0,4431.39990234375,4370.7998046875,4427.39990234375,16596
2026-08-07 18:15:00,4427.7001953125,4432.2998046875,4416.10009765625,4421.89990234375,5816
2026-08-07 18:30:00,4421.60009765625,4424.60009765625,4405.5,4407.89990234375,5723
2026-08-07 18:45:00,4407.89990234375,4418.2001953125,4398.89990234375,4416.7998046875,4130
2026-08-07 19:00:00,4416.7998046875,4428.7998046875,4409.7001953125,4418.60009765625,6432
2026-08-07 19:15:00,4418.7998046875,4420.60009765625,4402.5,4408.2998046875,5564
2026-08-07 19:30:00,4408.39990234375,4409.5,4386.89990234375,4394.0,7331
2026-08-07 19:45:00,4393.7998046875,4413.0,4390.0,4408.7001953125,4929
2026-08-07 20:00:00,4409.10009765625,4411.0,4402.2998046875,4404.2998046875,3744
2026-08-07 20:15:00,4404.7998046875,4409.0,4400.10009765625,4401.2998046875,2675
2026-08-07 20:30:00,4401.39990234375,4416.0,4400.0,4415.0,4174
2026-08-07 20:45:00,4415.5,4418.10009765625,4410.5,4410.7998046875,2579
2026-08-07 21:00:00,4410.89990234375,4413.2998046875,4406.60009765625,4408.7001953125,2240
2026-08-07 21:15:00,4408.7998046875,4410.7998046875,4398.89990234375,4400.39990234375,2773
2026-08-07 21:30:00,4400.39990234375,4409.2001953125,4397.89990234375,4407.0,2011
2026-08-07 21:45:00,4407.2001953125,4409.39990234375,4393.7998046875,4396.89990234375,2272
2026-08-07 22:00:00,4396.7998046875,4401.60009765625,4391.89990234375,4398.2998046875,2158
2026-08-07 22:15:00,4398.10009765625,4402.0,4388.7998046875,4389.5,2322
2026-08-07 22:30:00,4388.7001953125,4398.10009765625,4387.39990234375,4395.2001953125,1488
2026-08-07 22:45:00,4395.0,4401.7001953125,4393.2001953125,4398.89990234375,4699
2026-08-07 23:00:00,4399.10009765625,4399.5,4389.0,4395.7001953125,2365
2026-08-07 23:15:00,4395.2998046875,4402.5,4394.2001953125,4400.0,1843
2026-08-07 23:30:00,4399.7998046875,4403.0,4394.60009765625,4394.7998046875,1016
2026-08-07 23:45:00,4395.0,4398.0,4391.89990234375,4394.10009765625,1211
2026-08-08 00:00:00,4394.2998046875,4399.0,4393.2998046875,4394.10009765625,934
2026-08-08 00:15:00,4394.39990234375,4397.5,4393.39990234375,4395.60009765625,776
2026-08-08 00:30:00,4395.7001953125,4406.2998046875,4395.7001953125,4403.7001953125,1339
2026-08-08 00:45:00,4404.0,4410.60009765625,4403.2998046875,4408.39990234375,1018
2026-08-08 01:00:00,4408.60009765625,4408.89990234375,4404.39990234375,4407.7998046875,950
2026-08-08 01:15:00,4407.5,4409.0,4399.60009765625,4403.10009765625,1546
2026-08-08 01:30:00,4403.0,4404.60009765625,4397.5,4401.7998046875,801
2026-08-08 01:45:00,4401.7001953125,4402.2001953125,4396.5,4397.2998046875,837
2026-08-08 02:00:00,4396.89990234375,4401.60009765625,4395.2998046875,4400.7998046875,382
2026-08-08 02:15:00,4400.5,4402.60009765625,4398.39990234375,4399.7001953125,569
2026-08-10 03:30:00,4398.0,4405.5,4398.0,4402.2998046875,243
2026-08-10 03:45:00,4402.2998046875,4404.10009765625,4397.0,4402.89990234375,447
2026-08-10 04:00:00,4402.89990234375,4404.39990234375,4398.60009765625,4398.89990234375,223
2026-08-10 04:15:00,4398.7998046875,4403.0,4398.7001953125,4400.2001953125,184
2026-08-10 04:30:00,4400.39990234375,4406.7998046875,4399.5,4405.2998046875,388
2026-08-10 04:45:00,4405.7001953125,4408.0,4403.10009765625,4405.5,310
2026-08-10 05:00:00,4405.5,4406.5,4398.89990234375,4401.10009765625,481
2026-08-10 05:15:00,4400.7001953125,4402.2001953125,4390.7998046875,4392.0,485
2026-08-10 05:30:00,4391.89990234375,4406.0,4391.39990234375,4403.39990234375,610
2026-08-10 05:45:00,4403.7001953125,4404.7001953125,4396.10009765625,4396.7001953125,502
2026-08-10 06:00:00,4396.60009765625,4398.10009765625,4392.39990234375,4393.2998046875,393
2026-08-10 06:15:00,4393.0,4396.2001953125,4389.7998046875,4391.2998046875,490
2026-08-10 06:30:00,4391.5,4400.0,4382.0,4382.89990234375,3179
2026-08-10 06:45:00,4383.5,4388.7998046875,4376.7001953125,4376.89990234375,2521
2026-08-10 07:00:00,4376.7001953125,4381.2001953125,4373.89990234375,4377.89990234375,1127
2026-08-10 07:15:00,4378.0,4384.2998046875,4376.39990234375,4383.0,929
2026-08-10 07:30:00,4382.7998046875,4386.60009765625,4379.7001953125,4385.10009765625,720
2026-08-10 07:45:00,4385.0,4392.10009765625,4384.0,4390.89990234375,745
2026-08-10 08:00:00,4391.0,4392.5,4383.39990234375,4386.60009765625,972
2026-08-10 08:15:00,4386.7998046875,4387.39990234375,4379.0,4380.0,899
2026-08-10 08:30:00,4379.60009765625,4381.10009765625,4377.39990234375,4379.89990234375,389
2026-08-10 08:45:00,4380.0,4388.2998046875,4379.7998046875,4387.89990234375,973
2026-08-10 09:00:00,4387.7001953125,4390.2998046875,4385.39990234375,4386.0,506
2026-08-10 09:15:00,4385.7998046875,4388.60009765625,4384.60009765625,4387.7998046875,295
2026-08-10 09:30:00,4387.7001953125,4393.2001953125,4383.60009765625,4392.60009765625,1023
2026-08-10 09:45:00,4392.7998046875,4397.7998046875,4391.2998046875,4394.5,774
2026-08-10 10:00:00,4394.89990234375,4396.60009765625,4389.7998046875,4392.10009765625,583
2026-08-10 10:15:00,4392.10009765625,4399.7998046875,4391.2001953125,4399.5,1001
2026-08-10 10:30:00,4399.10009765625,4399.7001953125,4393.2001953125,4394.7001953125,838
2026-08-10 10:45:00,4395.10009765625,4396.0,4392.60009765625,4393.7001953125,396
2026-08-10 11:00:00,4393.5,4404.39990234375,4391.5,4403.89990234375,1662
2026-08-10 11:15:00,4403.5,4412.5,4400.7998046875,4407.0,1485
2026-08-10 11:30:00,4407.2998046875,4409.89990234375,4401.5,4407.0,918
2026-08-10 11:45:00,4407.2001953125,4409.60009765625,4402.2998046875,4407.7001953125,854
2026-08-10 12:00:00,4407.60009765625,4415.2001953125,4405.2998046875,4414.60009765625,1747
2026-08-10 12:15:00,4415.0,4419.5,4414.60009765625,4417.7998046875,933
2026-08-10 12:30:00,4417.7998046875,4418.39990234375,4409.39990234375,4410.2998046875,1265
2026-08-10 12:45:00,4410.5,4418.5,4409.7001953125,4414.5,1363
2026-08-10 13:00:00,4414.2998046875,4419.5,4412.0,4418.7001953125,1006
2026-08-10 13:15:00,4418.60009765625,4421.5,4414.0,4414.7001953125,813
2026-08-10 13:30:00,4415.0,4415.5,4411.10009765625,4414.0,762
2026-08-10 13:45:00,4413.5,4415.7001953125,4411.39990234375,4415.10009765625,596
2026-08-10 14:00:00,4414.7998046875,4416.0,4404.7001953125,4405.2998046875,1109
2026-08-10 14:15:00,4405.2001953125,4408.2998046875,4402.89990234375,4405.60009765625,1886
2026-08-10 14:30:00,4405.60009765625,4409.2001953125,4404.60009765625,4408.89990234375,1377
2026-08-10 14:45:00,4409.0,4409.0,4404.10009765625,4406.10009765625,702
2026-08-10 15:00:00,4405.7001953125,4406.10009765625,4398.39990234375,4403.2998046875,2018
2026-08-10 15:15:00,4403.2001953125,4404.7998046875,4399.7998046875,4400.10009765625,580
2026-08-10 15:30:00,4400.39990234375,4400.7998046875,4398.2001953125,4399.89990234375,915
2026-08-10 15:45:00,4399.7001953125,4403.2001953125,4398.5,4402.60009765625,617
2026-08-10 16:00:00,4402.7001953125,4403.2998046875,4396.7001953125,4396.89990234375,644
2026-08-10 16:15:00,4396.7998046875,4400.0,4394.60009765625,4395.2001953125,1094
2026-08-10 16:30:00,4395.2998046875,4396.0,4386.2998046875,4390.5,1485
2026-08-10 16:45:00,4390.10009765625,4395.7001953125,4388.0,4394.0,860
2026-08-10 17:00:00,4393.7001953125,4398.5,4393.7001953125,4396.5,851
2026-08-10 17:15:00,4396.60009765625,4397.0,4391.2001953125,4393.89990234375,693
2026-08-10 17:30:00,4393.7998046875,4396.39990234375,4389.60009765625,4390.39990234375,910
2026-08-10 17:45:00,4390.7001953125,4391.2001953125,4382.7998046875,4386.5,1382
2026-08-10 18:00:00,4386.39990234375,4391.5,4385.2001953125,4387.89990234375,1304
2026-08-10 18:15:00,4387.60009765625,4394.60009765625,4387.2998046875,4391.60009765625,910
2026-08-10 18:30:00,4391.10009765625,4396.60009765625,4384.7998046875,4396.10009765625,2005
2026-08-10 18:45:00,4396.39990234375,4396.5,4387.89990234375,4394.0,1391
2026-08-10 19:00:00,4394.0,4398.39990234375,4388.0,4389.2001953125,2526
2026-08-10 19:15:00,4388.7998046875,4390.2001953125,4375.0,4376.2998046875,4317
2026-08-10 19:30:00,4376.2001953125,4390.0,4376.2001953125,4388.7998046875,2724
2026-08-10 19:45:00,4388.7001953125,4407.2001953125,4387.2998046875,4404.39990234375,4648
2026-08-10 20:00:00,4404.2998046875,4411.2998046875,4404.0,4409.10009765625,3295
2026-08-10 20:15:00,4409.2001953125,4410.60009765625,4402.39990234375,4405.2001953125,2024
2026-08-10 20:30:00,4405.2001953125,4411.7998046875,4402.7001953125,4406.39990234375,2567
2026-08-10 20:45:00,4406.39990234375,4412.2001953125,4405.5,4408.7998046875,1700
2026-08-10 21:00:00,4409.0,4411.60009765625,4407.39990234375,4409.5,1220
2026-08-10 21:15:00,4410.0,4419.2001953125,4408.0,4417.89990234375,2084
2026-08-10 21:30:00,4418.10009765625,4424.5,4416.39990234375,4420.89990234375,2773
2026-08-10 21:45:00,4420.89990234375,4424.0,4420.5,4422.10009765625,768
2026-08-10 22:00:00,4422.2001953125,4422.5,4408.60009765625,4411.0,3369
2026-08-10 22:15:00,4411.0,4416.5,4411.0,4416.2998046875,944
2026-08-10 22:30:00,4416.39990234375,4417.2998046875,4410.5,4416.5,1293
2026-08-10 22:45:00,4416.10009765625,4420.5,4415.10009765625,4420.5,2320
2026-08-10 23:00:00,4420.2998046875,4425.2001953125,4418.89990234375,4419.60009765625,1312
2026-08-10 23:15:00,4419.5,4420.60009765625,4416.60009765625,4419.2001953125,754
2026-08-10 23:30:00,4419.39990234375,4424.7998046875,4418.7998046875,4422.2998046875,842
2026-08-10 23:45:00,4422.0,4426.5,4420.7001953125,4425.0,996
2026-08-11 00:00:00,4425.2001953125,4442.5,4424.5,4438.7001953125,3532
2026-08-11 00:15:00,4438.89990234375,4438.89990234375,4432.7998046875,4437.7001953125,1168
2026-08-11 00:30:00,4437.7998046875,4441.89990234375,4437.7998046875,4441.2998046875,884
2026-08-11 00:45:00,4441.2001953125,4450.7001953125,4440.5,4449.7001953125,2226
2026-08-11 01:00:00,4449.7998046875,4453.10009765625,4443.2998046875,4446.5,1882
2026-08-11 01:15:00,4447.2001953125,4453.7998046875,4445.89990234375,4446.7998046875,1836
2026-08-11 01:30:00,4447.0,4449.60009765625,4444.7001953125,4448.2001953125,566
2026-08-11 01:45:00,4448.60009765625,4451.10009765625,4445.5,4450.2001953125,441
2026-08-11 02:00:00,4450.2998046875,4451.2998046875,4448.89990234375,4449.10009765625,285
2026-08-11 02:15:00,4448.89990234375,4450.0,4447.60009765625,4448.60009765625,458
2026-08-11 03:30:00,4446.89990234375,4452.2998046875,4443.2001953125,4450.10009765625,216
2026-08-11 03:45:00,4450.5,4452.60009765625,4450.5,4451.0,157
2026-08-11 04:00:00,4451.2998046875,4455.60009765625,4451.2998046875,4454.60009765625,540
2026-08-11 04:15:00,4454.5,4460.39990234375,4454.5,4459.0,650
2026-08-11 04:30:00,4459.10009765625,4461.60009765625,4455.2001953125,4457.0,945
2026-08-11 04:45:00,4456.7001953125,4457.0,4453.89990234375,4455.10009765625,269
2026-08-11 05:00:00,4454.89990234375,4458.5,4454.39990234375,4458.0,407
2026-08-11 05:15:00,4458.39990234375,4462.39990234375,4455.7001953125,4462.10009765625,476
2026-08-11 05:30:00,4462.2998046875,4468.60009765625,4456.0,4464.7998046875,1621
2026-08-11 05:45:00,4464.60009765625,4475.5,4463.7998046875,4473.5,1471
2026-08-11 06:00:00,4473.10009765625,4473.2998046875,4466.5,4473.2001953125,1043
2026-08-11 06:15:00,4473.5,4478.60009765625,4467.2998046875,4468.5,1230
2026-08-11 06:30:00,4469.0,4475.0,4453.0,4473.89990234375,3085
2026-08-11 06:45:00,4473.7998046875,4480.0,4472.5,4479.2001953125,1549
2026-08-11 07:00:00,4479.39990234375,4483.10009765625,4475.39990234375,4475.5,1654
2026-08-11 07:15:00,4475.39990234375,4493.7001953125,4474.60009765625,4489.2001953125,2309
2026-08-11 07:30:00,4489.2001953125,4494.5,4481.0,4494.0,1976
2026-08-11 07:45:00,4494.0,4495.0,4486.0,4488.5,1529
2026-08-11 08:00:00,4488.2001953125,4489.10009765625,4473.89990234375,4478.60009765625,1622
2026-08-11 08:15:00,4478.39990234375,4479.2998046875,4468.0,4470.7998046875,1177
2026-08-11 08:30:00,4470.7001953125,4475.2001953125,4469.60009765625,4473.5,621
2026-08-11 08:45:00,4473.39990234375,4480.7998046875,4473.10009765625,4480.0,650
2026-08-11 09:00:00,4480.2998046875,4481.39990234375,4475.2001953125,4475.7001953125,448
2026-08-11 09:15:00,4475.7998046875,4478.60009765625,4473.7001953125,4477.0,515
2026-08-11 09:30:00,4476.5,4479.2001953125,4472.0,4473.7001953125,689
2026-08-11 09:45:00,4474.2998046875,4475.89990234375,4469.7001953125,4474.89990234375,683
2026-08-11 10:00:00,4474.60009765625,4480.2998046875,4468.2001953125,4469.89990234375,1403
2026-08-11 10:15:00,4470.0,4471.2001953125,4463.2998046875,4468.7001953125,1091
2026-08-11 10:30:00,4468.7998046875,4468.89990234375,4459.0,4462.10009765625,786
2026-08-11 10:45:00,4461.60009765625,4461.89990234375,4450.0,4451.7998046875,1646
2026-08-11 11:00:00,4451.60009765625,4451.60009765625,4432.2001953125,4437.10009765625,4250
2026-08-11 11:15:00,4436.89990234375,4438.2998046875,4427.10009765625,4435.2001953125,2077
2026-08-11 11:30:00,4434.7001953125,4442.0,4431.2998046875,4432.2001953125,2116
2026-08-11 11:45:00,4432.10009765625,4435.2001953125,4421.0,4422.89990234375,2335
2026-08-11 12:00:00,4422.7998046875,4428.60009765625,4418.7998046875,4422.89990234375,1715
2026-08-11 12:15:00,4422.89990234375,4426.60009765625,4418.7001953125,4425.2998046875,1165
2026-08-11 12:30:00,4425.2001953125,4426.5,4420.39990234375,4422.39990234375,1047
2026-08-11 12:45:00,4422.5,4425.2001953125,4416.60009765625,4422.2001953125,1215
2026-08-11 13:00:00,4422.5,4424.10009765625,4415.7001953125,4417.5,899
2026-08-11 13:15:00,4417.7998046875,4420.7001953125,4415.7998046875,4416.60009765625,871
2026-08-11 13:30:00,4417.10009765625,4426.5,4416.10009765625,4424.2998046875,1313
2026-08-11 13:45:00,4424.2001953125,4428.39990234375,4418.0,4427.7001953125,1304
2026-08-11 14:00:00,4427.5,4434.60009765625,4427.39990234375,4433.2998046875,1394
2026-08-11 14:15:00,4433.60009765625,4435.5,4427.7001953125,4428.10009765625,1291
2026-08-11 14:30:00,4428.0,4431.7998046875,4426.10009765625,4431.2001953125,741
2026-08-11 14:45:00,4431.2001953125,4434.39990234375,4429.5,4430.2998046875,1231
2026-08-11 15:00:00,4430.5,4433.89990234375,4428.7998046875,4429.5,1186
2026-08-11 15:15:00,4429.2001953125,4433.7998046875,4429.10009765625,4431.39990234375,463
2026-08-11 15:30:00,4431.2998046875,4435.0,4430.0,4431.7001953125,539
2026-08-11 15:45:00,4431.7001953125,4441.0,4431.2001953125,4437.2998046875,1166
2026-08-11 16:00:00,4437.2998046875,4440.10009765625,4435.5,4436.2001953125,875
2026-08-11 16:15:00,4436.60009765625,4441.2001953125,4436.2001953125,4441.2001953125,796
2026-08-11 16:30:00,4441.10009765625,4451.7998046875,4439.10009765625,4449.5,2919
2026-08-11 16:45:00,4449.7998046875,4450.5,4443.60009765625,4445.7001953125,1225
2026-08-11 17:00:00,4445.89990234375,4446.39990234375,4441.39990234375,4444.60009765625,867
2026-08-11 17:15:00,4444.39990234375,4448.10009765625,4443.39990234375,4446.10009765625,1279
2026-08-11 17:30:00,4446.2001953125,4456.0,4442.2001953125,4455.10009765625,2330
2026-08-11 17:45:00,4455.60009765625,4458.39990234375,4446.2001953125,4449.2001953125,3780
2026-08-11 18:00:00,4449.7001953125,4457.2998046875,4446.7998046875,4456.89990234375,3035
2026-08-11 18:15:00,4457.0,4458.7998046875,4450.2001953125,4450.60009765625,1716
2026-08-11 18:30:00,4450.7001953125,4459.7001953125,4449.7001953125,4452.7998046875,2354
2026-08-11 18:45:00,4452.7001953125,4459.89990234375,4448.39990234375,4456.7998046875,2050
2026-08-11 19:00:00,4457.2001953125,4460.89990234375,4447.7001953125,4458.7001953125,3357
2026-08-11 19:15:00,4459.10009765625,4463.2998046875,4442.89990234375,4448.2001953125,4038
2026-08-11 19:30:00,4448.2001953125,4449.2998046875,4439.89990234375,4445.60009765625,3808
2026-08-11 19:45:00,4445.89990234375,4449.2998046875,4440.60009765625,4443.10009765625,2141
2026-08-11 20:00:00,4443.0,4454.7998046875,4443.0,4453.0,2393
2026-08-11 20:15:00,4453.0,4457.39990234375,4451.10009765625,4453.60009765625,1838
2026-08-11 20:30:00,4453.60009765625,4458.2001953125,4448.60009765625,4451.39990234375,1947
2026-08-11 20:45:00,4451.2998046875,4451.60009765625,4440.89990234375,4445.7998046875,2978
2026-08-11 21:00:00,4445.5,4445.7998046875,4428.2001953125,4435.10009765625,3586
2026-08-11 21:15:00,4435.2001953125,4443.39990234375,4434.2998046875,4443.2001953125,1769
2026-08-11 21:30:00,4443.5,4444.39990234375,4438.2001953125,4439.60009765625,1107
2026-08-11 21:45:00,4439.39990234375,4443.2001953125,4438.2001953125,4442.39990234375,564
2026-08-11 22:00:00,4442.60009765625,4445.2998046875,4438.89990234375,4444.39990234375,858
2026-08-11 22:15:00,4444.5,4445.0,4440.60009765625,4443.10009765625,783
2026-08-11 22:30:00,4443.2998046875,4445.7001953125,4440.7998046875,4440.89990234375,1021
2026-08-11 22:45:00,4440.60009765625,4443.7998046875,4438.2998046875,4440.7998046875,2834
2026-08-11 23:00:00,4440.60009765625,4441.5,4433.89990234375,4435.7001953125,1421
2026-08-11 23:15:00,4435.2998046875,4437.10009765625,4428.2001953125,4428.2998046875,1284
2026-08-11 23:30:00,4428.5,4428.7001953125,4419.7001953125,4423.10009765625,2595
2026-08-11 23:45:00,4423.0,4426.5,4419.7001953125,4420.5,1438
2026-08-12 00:00:00,4420.39990234375,4431.0,4420.2998046875,4430.2001953125,1059
2026-08-12 00:15:00,4430.39990234375,4431.89990234375,4428.89990234375,4430.39990234375,689
2026-08-12 00:30:00,4430.39990234375,4431.2001953125,4422.2998046875,4422.39990234375,2000
2026-08-12 00:45:00,4423.0,4430.2001953125,4420.0,4429.7001953125,1830
2026-08-12 01:00:00,4429.7998046875,4433.60009765625,4425.7001953125,4427.10009765625,1197
2026-08-12 01:15:00,4427.39990234375,4432.10009765625,4425.60009765625,4429.7001953125,1049
2026-08-12 01:30:00,4429.2998046875,4430.0,4427.10009765625,4429.5,386
2026-08-12 01:45:00,4428.89990234375,4430.0,4426.5,4429.2998046875,217
2026-08-12 02:00:00,4429.5,4429.5,4426.60009765625,4426.7001953125,130
2026-08-12 02:15:00,4426.39990234375,4428.2998046875,4426.10009765625,4427.7998046875,172
2026-08-12 03:30:00,4430.0,4433.60009765625,4427.7998046875,4432.2001953125,195
2026-08-12 03:45:00,4432.39990234375,4435.2001953125,4431.5,4434.89990234375,673
2026-08-12 04:00:00,4434.89990234375,4436.2998046875,4433.5,4434.5,698
2026-08-12 04:15:00,4435.0,4437.7998046875,4426.10009765625,4427.89990234375,1526
2026-08-12 04:30:00,4428.7001953125,4428.7001953125,4421.39990234375,4425.39990234375,1678
2026-08-12 04:45:00,4424.7001953125,4433.0,4424.0,4431.60009765625,1068
2026-08-12 05:00:00,4431.5,4431.60009765625,4425.60009765625,4426.7001953125,496
2026-08-12 05:15:00,4427.0,4431.0,4427.0,4430.39990234375,220
2026-08-12 05:30:00,4430.60009765625,4438.39990234375,4426.0,4437.5,713
2026-08-12 05:45:00,4437.2998046875,4440.5,4433.2001953125,4440.0,549
2026-08-12 06:00:00,4440.5,4442.89990234375,4438.7998046875,4442.39990234375,678
2026-08-12 06:15:00,4442.2998046875,4442.5,4437.2001953125,4440.2001953125,419
2026-08-12 06:30:00,4440.2998046875,4450.2001953125,4438.0,4449.60009765625,1549
2026-08-12 06:45:00,4450.2001953125,4454.0,4446.2001953125,4450.0,1038
2026-08-12 07:00:00,4450.10009765625,4452.89990234375,4444.7001953125,4452.39990234375,1063
2026-08-12 07:15:00,4452.5,4456.89990234375,4450.7998046875,4456.2001953125,1087
2026-08-12 07:30:00,4456.10009765625,4464.0,4453.89990234375,4460.89990234375,1644
2026-08-12 07:45:00,4460.7001953125,4462.7001953125,4458.5,4461.5,958
2026-08-12 08:00:00,4461.2998046875,4467.60009765625,4456.7001953125,4464.89990234375,1551
2026-08-12 08:15:00,4465.0,4474.2001953125,4464.7001953125,4470.7998046875,1708
2026-08-12 08:30:00,4471.10009765625,4475.7001953125,4468.10009765625,4470.7001953125,1377
2026-08-12 08:45:00,4470.5,4470.60009765625,4464.5,4467.10009765625,891
2026-08-12 09:00:00,4468.2998046875,4468.7998046875,4461.39990234375,4461.60009765625,827
2026-08-12 09:15:00,4461.5,4463.7998046875,4460.60009765625,4461.7998046875,517
2026-08-12 09:30:00,4462.39990234375,4463.10009765625,4456.39990234375,4457.5,719
2026-08-12 09:45:00,4457.2001953125,4459.5,4455.39990234375,4459.10009765625,458
2026-08-12 10:00:00,4459.2998046875,4460.2001953125,4455.2998046875,4460.2001953125,566
2026-08-12 10:15:00,4459.7998046875,4462.39990234375,4459.10009765625,4461.0,596
2026-08-12 10:30:00,4460.89990234375,4465.10009765625,4460.0,4461.0,781
2026-08-12 10:45:00,4460.7001953125,4460.7001953125,4451.89990234375,4452.39990234375,1222
2026-08-12 11:00:00,4452.2001953125,4456.7001953125,4447.89990234375,4448.0,1229
2026-08-12 11:15:00,4447.7998046875,4454.10009765625,4444.0,4451.0,1307
2026-08-12 11:30:00,4450.89990234375,4452.89990234375,4445.2998046875,4447.2998046875,896
2026-08-12 11:45:00,4446.89990234375,4450.60009765625,4445.7998046875,4449.60009765625,674
2026-08-12 12:00:00,4449.89990234375,4457.39990234375,4448.5,4453.89990234375,1300
2026-08-12 12:15:00,4454.39990234375,4466.10009765625,4454.39990234375,4463.2001953125,1684
2026-08-12 12:30:00,4463.0,4465.7001953125,4460.39990234375,4460.7998046875,1252
2026-08-12 12:45:00,4460.7998046875,4462.10009765625,4457.39990234375,4461.7001953125,813
2026-08-12 13:00:00,4461.7001953125,4467.7998046875,4460.7998046875,4467.5,1083
2026-08-12 13:15:00,4467.2998046875,4469.5,4464.10009765625,4465.89990234375,1289
2026-08-12 13:30:00,4465.89990234375,4470.10009765625,4465.2998046875,4467.89990234375,834
2026-08-12 13:45:00,4467.89990234375,4469.0,4465.0,4466.60009765625,756
2026-08-12 14:00:00,4466.39990234375,4466.89990234375,4463.60009765625,4464.89990234375,809
2026-08-12 14:15:00,4464.60009765625,4464.60009765625,4460.60009765625,4460.60009765625,434
2026-08-12 14:30:00,4460.89990234375,4472.7001953125,4460.89990234375,4472.2001953125,1357
2026-08-12 14:45:00,4472.60009765625,4484.2001953125,4471.7998046875,4472.7001953125,2590
2026-08-12 15:00:00,4472.7001953125,4476.7998046875,4471.60009765625,4473.39990234375,1425
2026-08-12 15:15:00,4473.2998046875,4476.2001953125,4470.0,4475.39990234375,1292
2026-08-12 15:30:00,4475.5,4479.7998046875,4474.10009765625,4477.7001953125,1010
2026-08-12 15:45:00,4477.7998046875,4480.39990234375,4476.89990234375,4479.2001953125,823
2026-08-12 16:00:00,4479.2001953125,4479.2001953125,4472.2001953125,4474.2001953125,1043
2026-08-12 16:15:00,4474.10009765625,4475.0,4465.89990234375,4472.0,1234
2026-08-12 16:30:00,4472.2998046875,4474.5,4467.2001953125,4467.60009765625,1094
2026-08-12 16:45:00,4467.7001953125,4476.60009765625,4467.5,4474.60009765625,1309
2026-08-12 17:00:00,4474.89990234375,4475.7001953125,4469.89990234375,4473.0,680
2026-08-12 17:15:00,4473.2001953125,4475.2998046875,4472.10009765625,4472.39990234375,1034
2026-08-12 17:30:00,4472.39990234375,4472.60009765625,4465.5,4468.10009765625,1720
2026-08-12 17:45:00,4468.0,4487.7001953125,4463.5,4487.7001953125,3536
2026-08-12 18:00:00,4488.0,4498.0,4440.0,4488.2998046875,15873
2026-08-12 18:15:00,4488.5,4499.2998046875,4475.89990234375,4498.2001953125,4466
2026-08-12 18:30:00,4497.7998046875,4502.7001953125,4480.0,4481.89990234375,5534
2026-08-12 18:45:00,4481.7001953125,4488.89990234375,4474.39990234375,4478.2001953125,2963
2026-08-12 19:00:00,4478.39990234375,4480.89990234375,4468.0,4475.7998046875,5552
2026-08-12 19:15:00,4476.39990234375,4494.0,4475.7001953125,4487.39990234375,4334
2026-08-12 19:30:00,4487.5,4495.2001953125,4480.39990234375,4491.89990234375,3948
2026-08-12 19:45:00,4492.10009765625,4499.7998046875,4490.0,4491.5,2800
2026-08-12 20:00:00,4491.2998046875,4496.0,4476.10009765625,4484.7998046875,4976
2026-08-12 20:15:00,4484.7001953125,4492.0,4475.7998046875,4481.39990234375,3239
2026-08-12 20:30:00,4481.2001953125,4489.5,4474.0,4486.39990234375,2534
2026-08-12 20:45:00,4486.5,4487.89990234375,4479.39990234375,4481.2001953125,1437
2026-08-12 21:00:00,4481.10009765625,4485.0,4476.2001953125,4477.7001953125,1401
2026-08-12 21:15:00,4477.7998046875,4481.7001953125,4470.2001953125,4480.39990234375,2154
2026-08-12 21:30:00,4480.2001953125,4485.2001953125,4476.39990234375,4482.89990234375,1808
2026-08-12 21:45:00,4483.2998046875,4486.2001953125,4482.10009765625,4483.0,1212
2026-08-12 22:00:00,4483.10009765625,4483.7001953125,4469.2001953125,4470.89990234375,2551
2026-08-12 22:15:00,4470.7001953125,4471.2001953125,4455.89990234375,4461.7001953125,3530
2026-08-12 22:30:00,4461.7001953125,4468.0,4460.10009765625,4464.0,1752
2026-08-12 22:45:00,4464.10009765625,4470.0,4461.89990234375,4466.7001953125,3008
2026-08-12 23:00:00,4466.7998046875,4471.7001953125,4461.5,4462.2001953125,1786
2026-08-12 23:15:00,4462.2001953125,4465.7998046875,4459.0,4459.60009765625,1060
2026-08-12 23:30:00,4459.2998046875,4466.5,4456.0,4465.7998046875,954
2026-08-12 23:45:00,4466.0,4471.39990234375,4464.39990234375,4468.39990234375,699
2026-08-13 00:00:00,4468.39990234375,4473.7001953125,4467.89990234375,4473.5,896
2026-08-13 00:15:00,4473.7998046875,4478.10009765625,4472.89990234375,4473.2001953125,1301
2026-08-13 00:30:00,4473.2001953125,4478.2998046875,4473.0,4476.39990234375,615
2026-08-13 00:45:00,4476.0,4477.89990234375,4475.60009765625,4476.60009765625,279
2026-08-13 01:00:00,4476.5,4476.5,4471.2001953125,4473.2001953125,757
2026-08-13 01:15:00,4473.2001953125,4473.89990234375,4468.5,4473.89990234375,1046
2026-08-13 01:30:00,4473.7001953125,4474.2998046875,4469.0,4469.2998046875,506
2026-08-13 01:45:00,4469.10009765625,4470.10009765625,4466.7001953125,4467.7998046875,170
2026-08-13 02:00:00,4467.89990234375,4468.7998046875,4466.7998046875,4468.10009765625,252
2026-08-13 02:15:00,4468.0,4469.10009765625,4466.7001953125,4469.0,412
2026-08-13 03:30:00,4468.7998046875,4470.2998046875,4460.89990234375,4461.60009765625,274
2026-08-13 03:45:00,4461.7001953125,4461.89990234375,4456.5,4457.5,407
2026-08-13 04:00:00,4457.5,4460.7001953125,4456.89990234375,4458.39990234375,226
2026-08-13 04:15:00,4458.0,4461.2001953125,4457.89990234375,4459.89990234375,197
2026-08-13 04:30:00,4460.10009765625,4464.5,4459.89990234375,4463.89990234375,274
2026-08-13 04:45:00,4464.2001953125,4468.39990234375,4464.2001953125,4466.7998046875,441
2026-08-13 05:00:00,4467.39990234375,4468.89990234375,4465.7001953125,4467.0,284
2026-08-13 05:15:00,4467.39990234375,4473.2001953125,4466.60009765625,4473.10009765625,353
2026-08-13 05:30:00,4473.2001953125,4481.5,4471.89990234375,4478.2001953125,1164
2026-08-13 05:45:00,4478.2998046875,4496.60009765625,4478.2998046875,4487.39990234375,2225
2026-08-13 06:00:00,4487.60009765625,4509.10009765625,4483.2998046875,4499.2001953125,3759
2026-08-13 06:15:00,4499.60009765625,4499.60009765625,4482.7001953125,4486.89990234375,1909
2026-08-13 06:30:00,4486.7001953125,4494.0,4481.39990234375,4489.0,1850
2026-08-13 06:45:00,4488.7998046875,4494.10009765625,4477.7001953125,4478.0,1162
2026-08-13 07:00:00,4477.7001953125,4489.0,4476.2998046875,4477.60009765625,1197
2026-08-13 07:15:00,4477.7001953125,4478.0,4464.7001953125,4467.0,1970
2026-08-13 07:30:00,4466.7998046875,4472.60009765625,4463.7998046875,4469.0,1187
2026-08-13 07:45:00,4469.0,4471.0,4464.39990234375,4464.7001953125,582
2026-08-13 08:00:00,4464.2998046875,4468.7998046875,4457.0,4468.7998046875,1438
2026-08-13 08:15:00,4469.0,4469.2998046875,4464.2998046875,4465.7001953125,438
2026-08-13 08:30:00,4465.7998046875,4470.7001953125,4462.60009765625,4465.89990234375,590
2026-08-13 08:45:00,4465.7001953125,4468.7001953125,4464.0,4467.7998046875,360
2026-08-13 09:00:00,4467.5,4468.7998046875,4464.0,4464.5,400
2026-08-13 09:15:00,4464.5,4466.2998046875,4458.0,4458.2998046875,1380
2026-08-13 09:30:00,4458.7001953125,4458.7001953125,4449.39990234375,4452.5,2328
2026-08-13 09:45:00,4452.39990234375,4457.2001953125,4450.39990234375,4456.2001953125,670
2026-08-13 10:00:00,4456.2001953125,4457.5,4453.0,4453.60009765625,346
2026-08-13 10:15:00,4453.2998046875,4456.2998046875,4452.7998046875,4455.5,358
2026-08-13 10:30:00,4455.2001953125,4462.39990234375,4450.7001953125,4462.10009765625,1361
2026-08-13 10:45:00,4462.2001953125,4465.2001953125,4458.5,4464.39990234375,978
2026-08-13 11:00:00,4464.39990234375,4465.2001953125,4443.7998046875,4445.60009765625,1880
2026-08-13 11:15:00,4445.2001953125,4447.10009765625,4437.2001953125,4440.39990234375,2167
2026-08-13 11:30:00,4440.2998046875,4443.0,4432.5,4433.2998046875,2423
2026-08-13 11:45:00,4433.2001953125,4436.10009765625,4431.60009765625,4432.7001953125,1011
2026-08-13 12:00:00,4433.10009765625,4435.7001953125,4425.60009765625,4430.89990234375,1618
2026-08-13 12:15:00,4431.2998046875,4438.39990234375,4431.10009765625,4437.7001953125,1293
2026-08-13 12:30:00,4437.7998046875,4438.60009765625,4431.5,4433.2998046875,1215
2026-08-13 12:45:00,4433.60009765625,4434.10009765625,4430.39990234375,4433.10009765625,598
2026-08-13 13:00:00,4432.7998046875,4435.7001953125,4428.7998046875,4435.39990234375,1407
2026-08-13 13:15:00,4435.5,4435.60009765625,4425.7998046875,4426.39990234375,1457
2026-08-13 13:30:00,4426.39990234375,4427.2998046875,4420.2998046875,4422.60009765625,1799
2026-08-13 13:45:00,4422.5,4430.0,4421.7001953125,4429.2001953125,1304
2026-08-13 14:00:00,4429.0,4432.2998046875,4428.10009765625,4429.89990234375,777
2026-08-13 14:15:00,4430.0,4435.7001953125,4429.7001953125,4432.39990234375,635
2026-08-13 14:30:00,4432.2998046875,4434.7001953125,4428.60009765625,4433.39990234375,664
2026-08-13 14:45:00,4433.10009765625,4438.89990234375,4432.7998046875,4436.39990234375,1123
2026-08-13 15:00:00,4436.5,4438.5,4435.10009765625,4436.7998046875,802
2026-08-13 15:15:00,4436.89990234375,4441.89990234375,4435.39990234375,4441.7998046875,813
2026-08-13 15:30:00,4441.89990234375,4442.7001953125,4438.7998046875,4439.0,656
2026-08-13 15:45:00,4439.2001953125,4445.2001953125,4439.2001953125,4444.60009765625,817
2026-08-13 16:00:00,4444.7998046875,4448.2998046875,4442.2998046875,4448.2998046875,581
2026-08-13 16:15:00,4448.10009765625,4451.5,4446.0,4449.89990234375,1107
2026-08-13 16:30:00,4449.60009765625,4452.0,4446.10009765625,4452.0,709
2026-08-13 16:45:00,4451.7998046875,4454.2001953125,4445.2998046875,4445.39990234375,1364
2026-08-13 17:00:00,4445.7001953125,4447.2998046875,4440.60009765625,4441.2001953125,1681
2026-08-13 17:15:00,4440.89990234375,4444.7998046875,4439.60009765625,4444.39990234375,1192
2026-08-13 17:30:00,4444.5,4448.89990234375,4442.5,4446.0,1162
2026-08-13 17:45:00,4445.7001953125,4450.39990234375,4441.0,4447.7998046875,1146
2026-08-13 18:00:00,4447.39990234375,4460.0,4437.10009765625,4448.60009765625,4727
2026-08-13 18:15:00,4448.7998046875,4458.89990234375,4448.2001953125,4458.89990234375,2091
2026-08-13 18:30:00,4458.5,4459.0,4447.7998046875,4450.39990234375,2427
2026-08-13 18:45:00,4450.5,4452.0,4440.60009765625,4441.7001953125,2404
2026-08-13 19:00:00,4441.7001953125,4446.39990234375,4431.5,4435.89990234375,4347
2026-08-13 19:15:00,4435.7998046875,4439.5,4427.10009765625,4429.10009765625,3192
2026-08-13 19:30:00,4429.2998046875,4435.89990234375,4424.0,4428.0,3980
2026-08-13 19:45:00,4428.2001953125,4435.7001953125,4425.0,4425.2998046875,2624
2026-08-13 20:00:00,4425.0,4439.2001953125,4408.7998046875,4438.10009765625,5823
2026-08-13 20:15:00,4438.60009765625,4444.7001953125,4438.2998046875,4440.89990234375,2411
2026-08-13 20:30:00,4441.2001953125,4443.10009765625,4425.2001953125,4426.2001953125,2350
2026-08-13 20:45:00,4426.10009765625,4430.60009765625,4419.89990234375,4421.7998046875,3037
2026-08-13 21:00:00,4421.89990234375,4428.39990234375,4413.60009765625,4425.10009765625,3185
2026-08-13 21:15:00,4425.5,4427.7998046875,4420.2998046875,4422.39990234375,1128
2026-08-13 21:30:00,4422.2998046875,4424.7001953125,4411.10009765625,4412.5,2614
2026-08-13 21:45:00,4412.5,4419.5,4407.5,4419.39990234375,2928
2026-08-13 22:00:00,4419.2001953125,4424.0,4419.0,4422.60009765625,1844
2026-08-13 22:15:00,4422.60009765625,4425.60009765625,4421.0,4424.2001953125,1096
2026-08-13 22:30:00,4424.2998046875,4430.60009765625,4422.39990234375,4428.39990234375,1625
2026-08-13 22:45:00,4428.7998046875,4429.2001953125,4419.10009765625,4420.0,2879
2026-08-13 23:00:00,4420.2001953125,4421.2998046875,4412.2001953125,4413.60009765625,2192
2026-08-13 23:15:00,4413.89990234375,4416.5,4412.0,4412.39990234375,673
2026-08-13 23:30:00,4412.60009765625,4419.39990234375,4412.39990234375,4418.7001953125,990
2026-08-13 23:45:00,4419.0,4420.5,4411.60009765625,4414.2998046875,1304
2026-08-14 00:00:00,4414.2998046875,4417.2998046875,4413.2998046875,4414.7001953125,567
2026-08-14 00:15:00,4414.7998046875,4415.10009765625,4411.39990234375,4413.60009765625,658
2026-08-14 00:30:00,4414.0,4415.5,4402.60009765625,4403.39990234375,1696
2026-08-14 00:45:00,4403.10009765625,4408.2001953125,4400.0,4407.89990234375,1305
2026-08-14 01:00:00,4407.7001953125,4410.89990234375,4406.0,4407.7001953125,716
2026-08-14 01:15:00,4407.60009765625,4407.60009765625,4403.89990234375,4406.2001953125,938
2026-08-14 01:30:00,4406.2001953125,4406.7001953125,4402.89990234375,4406.2998046875,637
2026-08-14 01:45:00,4406.5,4408.39990234375,4405.5,4407.60009765625,348
2026-08-14 02:00:00,4407.60009765625,4408.0,4404.2001953125,4405.60009765625,643
2026-08-14 02:15:00,4405.5,4407.7001953125,4404.7001953125,4407.10009765625,285
2026-08-14 03:30:00,4408.2001953125,4412.60009765625,4406.60009765625,4409.7998046875,359
2026-08-14 03:45:00,4409.89990234375,4413.2998046875,4408.5,4412.7001953125,575
2026-08-14 04:00:00,4412.39990234375,4418.39990234375,4411.0,4416.0,1242
2026-08-14 04:15:00,4415.89990234375,4417.0,4409.2001953125,4410.2998046875,1216
2026-08-14 04:30:00,4411.5,4416.2001953125,4405.10009765625,4416.2001953125,1324
2026-08-14 04:45:00,4416.2998046875,4418.2001953125,4412.10009765625,4418.2001953125,1076
2026-08-14 05:00:00,4418.39990234375,4418.7998046875,4413.89990234375,4415.7998046875,674
2026-08-14 05:15:00,4416.0,4419.39990234375,4411.60009765625,4411.7998046875,438
2026-08-14 05:30:00,4411.60009765625,4417.39990234375,4406.0,4407.5,654
2026-08-14 05:45:00,4407.60009765625,4407.7998046875,4395.10009765625,4395.7998046875,1501
2026-08-14 06:00:00,4395.5,4402.60009765625,4390.60009765625,4395.39990234375,1465
2026-08-14 06:15:00,4396.0,4398.7998046875,4385.10009765625,4396.39990234375,2108
2026-08-14 06:30:00,4396.2001953125,4397.10009765625,4378.0,4380.2998046875,3521
2026-08-14 06:45:00,4380.39990234375,4381.89990234375,4370.89990234375,4375.60009765625,2885
2026-08-14 07:00:00,4375.2998046875,4377.5,4368.60009765625,4375.39990234375,1243
2026-08-14 07:15:00,4375.60009765625,4379.39990234375,4367.5,4373.7001953125,1857
2026-08-14 07:30:00,4373.7001953125,4378.0,4365.5,4366.89990234375,1356
2026-08-14 07:45:00,4367.5,4373.2998046875,4367.5,4367.60009765625,1306
2026-08-14 08:00:00,4367.39990234375,4378.0,4366.89990234375,4376.2998046875,1572
2026-08-14 08:15:00,4376.5,4377.39990234375,4367.7001953125,4370.7001953125,748
2026-08-14 08:30:00,4370.7001953125,4378.7001953125,4368.89990234375,4375.2998046875,899
2026-08-14 08:45:00,4375.39990234375,4381.2001953125,4375.0,4380.7998046875,569
2026-08-14 09:00:00,4380.89990234375,4383.7998046875,4379.89990234375,4381.2998046875,718
2026-08-14 09:15:00,4381.39990234375,4382.2998046875,4379.0,4379.60009765625,365
2026-08-14 09:30:00,4379.2001953125,4382.7001953125,4378.2998046875,4381.7001953125,563
2026-08-14 09:45:00,4381.2001953125,4384.60009765625,4380.2001953125,4380.2001953125,472
2026-08-14 10:00:00,4380.7001953125,4381.2001953125,4378.39990234375,4380.39990234375,471
2026-08-14 10:15:00,4380.10009765625,4382.0,4378.2998046875,4382.0,294
2026-08-14 10:30:00,4382.2001953125,4382.2001953125,4374.2998046875,4374.7998046875,523
2026-08-14 10:45:00,4374.89990234375,4375.10009765625,4371.89990234375,4373.2998046875,481
2026-08-14 11:00:00,4372.89990234375,4379.7998046875,4365.60009765625,4372.7001953125,1720
2026-08-14 11:15:00,4372.5,4389.5,4372.5,4389.5,1607
2026-08-14 11:30:00,4389.60009765625,4392.60009765625,4385.5,4388.2998046875,1195
2026-08-14 11:45:00,4388.2001953125,4389.10009765625,4384.2001953125,4385.2998046875,663
2026-08-14 12:00:00,4385.10009765625,4388.7998046875,4383.60009765625,4388.60009765625,568
2026-08-14 12:15:00,4389.0,4392.2001953125,4388.39990234375,4391.60009765625,640
2026-08-14 12:30:00,4391.39990234375,4393.2998046875,4387.0,4387.10009765625,890
2026-08-14 12:45:00,4387.10009765625,4392.39990234375,4385.7001953125,4387.7998046875,736
2026-08-14 13:00:00,4388.0,4396.2998046875,4387.2998046875,4396.0,732
2026-08-14 13:15:00,4396.2998046875,4401.60009765625,4395.5,4399.7998046875,1375
2026-08-14 13:30:00,4399.7998046875,4404.5,4398.10009765625,4403.89990234375,1256
2026-08-14 13:45:00,4404.0,4405.2998046875,4399.39990234375,4401.7998046875,845
2026-08-14 14:00:00,4401.7998046875,4405.39990234375,4399.5,4399.7998046875,762
2026-08-14 14:15:00,4399.7998046875,4405.7001953125,4398.7998046875,4404.7001953125,745
2026-08-14 14:30:00,4404.5,4406.89990234375,4402.0,4406.7001953125,535
2026-08-14 14:45:00,4406.7998046875,4410.0,4404.39990234375,4407.39990234375,1278
2026-08-14 15:00:00,4407.7001953125,4410.7998046875,4406.10009765625,4409.89990234375,1196
2026-08-14 15:15:00,4410.0,4413.7998046875,4408.7001953125,4413.60009765625,913
2026-08-14 15:30:00,4413.60009765625,4415.10009765625,4410.0,4410.60009765625,1156
2026-08-14 15:45:00,4410.60009765625,4411.39990234375,4406.0,4407.2998046875,1392
2026-08-14 16:00:00,4407.5,4408.0,4404.5,4408.0,842
2026-08-14 16:15:00,4407.89990234375,4409.7001953125,4403.7001953125,4405.5,803
2026-08-14 16:30:00,4405.5,4408.0,4404.7001953125,4406.89990234375,403
2026-08-14 16:45:00,4407.10009765625,4413.39990234375,4407.10009765625,4413.10009765625,887
2026-08-14 17:00:00,4413.10009765625,4420.0,4412.7998046875,4418.7001953125,1555
2026-08-14 17:15:00,4418.89990234375,4426.0,4417.2001953125,4425.7998046875,1689
2026-08-14 17:30:00,4425.5,4433.2001953125,4421.7998046875,4428.0,2690
2026-08-14 17:45:00,4428.2001953125,4437.5,4425.7998046875,4436.5,2893
2026-08-14 18:00:00,4436.89990234375,4444.0,4429.10009765625,4429.5,5050
2026-08-14 18:15:00,4430.0,4434.89990234375,4427.7998046875,4430.89990234375,2330
2026-08-14 18:30:00,4430.7001953125,4438.2998046875,4427.2998046875,4432.39990234375,3061
2026-08-14 18:45:00,4432.39990234375,4443.89990234375,4432.2998046875,4441.39990234375,1954
2026-08-14 19:00:00,4441.7001953125,4454.60009765625,4440.7998046875,4450.7998046875,5298
2026-08-14 19:15:00,4451.39990234375,4452.2998046875,4439.7998046875,4442.0,2972
2026-08-14 19:30:00,4441.60009765625,4450.5,4441.2001953125,4447.7998046875,3568
2026-08-14 19:45:00,4448.0,4452.2001953125,4442.5,4447.89990234375,1493
2026-08-14 20:00:00,4448.2998046875,4448.7001953125,4438.7998046875,4441.60009765625,2440
2026-08-14 20:15:00,4441.5,4441.60009765625,4436.2001953125,4438.60009765625,2080
2026-08-14 20:30:00,4438.7001953125,4451.7001953125,4438.2998046875,4449.89990234375,3157
2026-08-14 20:45:00,4450.0,4451.60009765625,4436.39990234375,4442.2001953125,3220
2026-08-14 21:00:00,4442.39990234375,4447.5,4441.10009765625,4446.7001953125,1788
2026-08-14 21:15:00,4447.0,4452.2998046875,4446.89990234375,4449.0,1659
2026-08-14 21:30:00,4449.0,4454.2998046875,4446.0,4446.7998046875,1463
2026-08-14 21:45:00,4446.89990234375,4450.2001953125,4443.89990234375,4444.5,825
2026-08-14 22:00:00,4444.7001953125,4446.2998046875,4437.2001953125,4442.7998046875,1832
2026-08-14 22:15:00,4443.0,4444.60009765625,4442.0,4442.7001953125,566
2026-08-14 22:30:00,4443.0,4443.39990234375,4437.39990234375,4439.39990234375,825
2026-08-14 22:45:00,4439.5,4442.0,4436.60009765625,4436.89990234375,1938
2026-08-14 23:00:00,4436.7001953125,4440.39990234375,4434.10009765625,4435.0,1193
2026-08-14 23:15:00,4434.7998046875,4436.2998046875,4433.60009765625,4435.5,601
2026-08-14 23:30:00,4435.89990234375,4438.7998046875,4433.60009765625,4434.2001953125,1045
2026-08-14 23:45:00,4434.60009765625,4437.5,4434.0,4436.39990234375,442
2026-08-15 00:00:00,4436.2001953125,4439.60009765625,4433.2001953125,4433.2001953125,1952
2026-08-15 00:15:00,4433.5,4433.89990234375,4427.5,4430.2998046875,2391
2026-08-15 00:30:00,4430.2998046875,4433.60009765625,4428.60009765625,4432.39990234375,774
2026-08-15 00:45:00,4432.2001953125,4434.2998046875,4430.39990234375,4433.5,418
2026-08-15 01:00:00,4433.5,4434.39990234375,4431.39990234375,4431.7001953125,511
2026-08-15 01:15:00,4431.7001953125,4435.60009765625,4428.7998046875,4431.5,1352
2026-08-15 01:30:00,4431.39990234375,4431.5,4426.89990234375,4428.2998046875,925
2026-08-15 01:45:00,4428.2998046875,4430.2001953125,4427.7998046875,4430.0,373
2026-08-15 02:00:00,4429.89990234375,4432.39990234375,4428.89990234375,4430.89990234375,316
2026-08-15 02:15:00,4430.89990234375,4432.10009765625,4430.39990234375,4432.10009765625,256
2026-08-15 02:30:00,4432.0,4437.2998046875,4432.0,4437.2998046875,1
2026-08-17 03:30:00,4433.7001953125,4436.0,4431.2998046875,4432.60009765625,180
2026-08-17 03:45:00,4432.60009765625,4433.0,4429.2998046875,4430.60009765625,412
2026-08-17 04:00:00,4430.7998046875,4434.7001953125,4430.7998046875,4433.39990234375,332
2026-08-17 04:15:00,4433.7998046875,4442.5,4433.60009765625,4441.60009765625,691
2026-08-17 04:30:00,4441.7998046875,4441.89990234375,4435.39990234375,4435.39990234375,537
2026-08-17 04:45:00,4435.5,4436.7001953125,4428.10009765625,4430.10009765625,663
2026-08-17 05:00:00,4430.2001953125,4431.0,4422.2998046875,4424.0,1038
2026-08-17 05:15:00,4424.10009765625,4429.2001953125,4424.10009765625,4425.5,378
2026-08-17 05:30:00,4426.0,4435.2001953125,4423.5,4434.39990234375,875
2026-08-17 05:45:00,4434.5,4446.89990234375,4434.0,4445.7001953125,1310
2026-08-17 06:00:00,4445.7998046875,4453.60009765625,4443.5,4451.60009765625,1252
2026-08-17 06:15:00,4451.2998046875,4459.39990234375,4450.0,4457.2998046875,1651
2026-08-17 06:30:00,4457.10009765625,4468.10009765625,4456.10009765625,4465.7998046875,2423
2026-08-17 06:45:00,4465.60009765625,4473.2001953125,4462.7001953125,4463.7998046875,1586
2026-08-17 07:00:00,4463.7998046875,4464.7998046875,4454.10009765625,4459.89990234375,1773
2026-08-17 07:15:00,4460.2001953125,4460.60009765625,4448.60009765625,4452.0,1430
2026-08-17 07:30:00,4451.89990234375,4454.5,4449.2001953125,4451.0,789
2026-08-17 07:45:00,4450.7998046875,4454.10009765625,4446.5,4451.39990234375,848
2026-08-17 08:00:00,4452.2998046875,4454.7001953125,4446.39990234375,4449.39990234375,824
2026-08-17 08:15:00,4449.39990234375,4450.10009765625,4444.89990234375,4449.7998046875,573
2026-08-17 08:30:00,4450.2001953125,4451.7998046875,4445.39990234375,4446.5,434
2026-08-17 08:45:00,4446.2001953125,4449.89990234375,4444.5,4449.2998046875,451
2026-08-17 09:00:00,4449.39990234375,4453.7998046875,4447.2001953125,4451.7998046875,625
2026-08-17 09:15:00,4451.7001953125,4453.7998046875,4449.2998046875,4453.7001953125,391
2026-08-17 09:30:00,4453.5,4456.2998046875,4452.89990234375,4455.10009765625,619
2026-08-17 09:45:00,4455.10009765625,4455.39990234375,4446.60009765625,4447.89990234375,637
2026-08-17 10:00:00,4447.5,4453.2998046875,4445.5,4452.10009765625,558
2026-08-17 10:15:00,4453.0,4454.60009765625,4446.2998046875,4447.10009765625,449
2026-08-17 10:30:00,4447.2998046875,4449.7998046875,4443.39990234375,4444.39990234375,694
2026-08-17 10:45:00,4444.2998046875,4456.0,4443.60009765625,4456.0,883
2026-08-17 11:00:00,4456.2998046875,4457.7001953125,4449.0,4452.2998046875,1059
2026-08-17 11:15:00,4452.2001953125,4454.0,4449.2001953125,4451.2998046875,630
2026-08-17 11:30:00,4451.60009765625,4454.89990234375,4449.2998046875,4453.5,887
2026-08-17 11:45:00,4453.0,4456.2998046875,4449.10009765625,4455.0,912
2026-08-17 12:00:00,4454.5,4454.89990234375,4449.7001953125,4452.2998046875,667
2026-08-17 12:15:00,4452.5,4460.7001953125,4452.5,4459.2998046875,1324
2026-08-17 12:30:00,4459.0,4460.2001953125,4452.2001953125,4452.7001953125,1348
2026-08-17 12:45:00,4452.7001953125,4461.60009765625,4452.39990234375,4461.2001953125,941
2026-08-17 13:00:00,4461.2998046875,4467.89990234375,4460.89990234375,4465.5,1469
2026-08-17 13:15:00,4465.89990234375,4466.2998046875,4460.0,4461.5,1022
2026-08-17 13:30:00,4461.7998046875,4461.7998046875,4454.10009765625,4459.2998046875,1001
2026-08-17 13:45:00,4459.2998046875,4460.2001953125,4456.7998046875,4458.0,676
2026-08-17 14:00:00,4458.0,4458.39990234375,4452.0,4452.5,461
2026-08-17 14:15:00,4452.39990234375,4453.0,4448.7998046875,4451.10009765625,671
2026-08-17 14:30:00,4451.2998046875,4457.0,4449.5,4455.2998046875,692
2026-08-17 14:45:00,4455.39990234375,4456.39990234375,4451.60009765625,4453.10009765625,769
2026-08-17 15:00:00,4453.2001953125,4453.7001953125,4450.0,4451.0,1110
2026-08-17 15:15:00,4450.7998046875,4452.7998046875,4449.2001953125,4452.39990234375,608
2026-08-17 15:30:00,4452.39990234375,4453.2001953125,4450.0,4452.7001953125,666
2026-08-17 15:45:00,4452.5,4462.2998046875,4445.7001953125,4461.60009765625,2009
2026-08-17 16:00:00,4461.60009765625,4462.60009765625,4452.10009765625,4455.0,1336
2026-08-17 16:15:00,4455.10009765625,4456.39990234375,4452.89990234375,4455.7998046875,770
2026-08-17 16:30:00,4455.89990234375,4460.39990234375,4454.89990234375,4456.5,668
2026-08-17 16:45:00,4456.39990234375,4461.5,4453.7001953125,4460.2998046875,1177
2026-08-17 17:00:00,4460.39990234375,4461.7998046875,4455.89990234375,4456.39990234375,1013
2026-08-17 17:15:00,4456.60009765625,4457.60009765625,4451.7998046875,4453.39990234375,911
2026-08-17 17:30:00,4453.10009765625,4454.0,4447.7998046875,4450.60009765625,991
2026-08-17 17:45:00,4450.39990234375,4455.39990234375,4437.5,4441.7001953125,3408
2026-08-17 18:00:00,4442.2998046875,4446.7998046875,4434.7001953125,4434.7001953125,2571
2026-08-17 18:15:00,4434.5,4443.10009765625,4433.39990234375,4441.39990234375,2205
2026-08-17 18:30:00,4441.7001953125,4446.2001953125,4438.10009765625,4442.60009765625,1995
2026-08-17 18:45:00,4443.0,4445.10009765625,4438.60009765625,4442.60009765625,1174
2026-08-17 19:00:00,4442.7998046875,4448.2998046875,4441.0,4441.89990234375,1809
2026-08-17 19:15:00,4442.10009765625,4473.0,4440.89990234375,4465.2998046875,5640
2026-08-17 19:30:00,4465.2998046875,4469.5,4460.39990234375,4469.2001953125,3139
2026-08-17 19:45:00,4469.2001953125,4484.89990234375,4468.39990234375,4475.39990234375,8737
2026-08-17 20:00:00,4475.60009765625,4481.7998046875,4473.7998046875,4474.7998046875,2393
2026-08-17 20:15:00,4475.0,4478.39990234375,4471.39990234375,4474.5,1404
2026-08-17 20:30:00,4474.60009765625,4479.7998046875,4471.7998046875,4478.5,1275
2026-08-17 20:45:00,4478.5,4483.39990234375,4476.7001953125,4482.7001953125,1604
2026-08-17 21:00:00,4482.7998046875,4483.7001953125,4475.7998046875,4476.10009765625,1597
2026-08-17 21:15:00,4476.2998046875,4485.2998046875,4474.7998046875,4484.7998046875,1845
2026-08-17 21:30:00,4485.0,4486.5,4481.39990234375,4483.39990234375,1498
2026-08-17 21:45:00,4483.7001953125,4484.89990234375,4480.2998046875,4482.2998046875,1251
2026-08-17 22:00:00,4482.39990234375,4484.5,4479.7001953125,4482.0,1063
2026-08-17 22:15:00,4482.10009765625,4483.0,4480.0,4481.5,884
2026-08-17 22:30:00,4481.7001953125,4483.7001953125,4478.2998046875,4480.2998046875,1144
2026-08-17 22:45:00,4480.2998046875,4480.5,4470.7998046875,4474.0,2944
2026-08-17 23:00:00,4474.0,4476.2998046875,4468.2001953125,4474.7001953125,2244
2026-08-17 23:15:00,4474.7001953125,4478.2001953125,4470.7998046875,4471.0,959
2026-08-17 23:30:00,4471.2998046875,4471.89990234375,4467.39990234375,4471.2001953125,1177
2026-08-17 23:45:00,4471.2998046875,4474.0,4461.5,4463.2001953125,3329
2026-08-18 00:00:00,4463.2998046875,4463.7001953125,4454.5,4458.0,2733
2026-08-18 00:15:00,4458.0,4463.7998046875,4456.7998046875,4463.10009765625,708
2026-08-18 00:30:00,4462.89990234375,4464.7998046875,4456.60009765625,4464.5,1294
2026-08-18 00:45:00,4464.7998046875,4473.60009765625,4464.7998046875,4470.60009765625,1525
2026-08-18 01:00:00,4470.89990234375,4476.7998046875,4470.39990234375,4475.5,630
2026-08-18 01:15:00,4475.5,4477.0,4472.10009765625,4475.7001953125,1181
2026-08-18 01:30:00,4475.89990234375,4477.5,4472.5,4474.10009765625,451
2026-08-18 01:45:00,4474.10009765625,4474.5,4471.39990234375,4471.39990234375,160
2026-08-18 02:00:00,4471.60009765625,4472.5,4471.10009765625,4472.2001953125,202
2026-08-18 02:15:00,4471.7001953125,4474.0,4471.5,4473.10009765625,254
2026-08-18 03:30:00,4473.39990234375,4475.89990234375,4471.5,4472.89990234375,159
2026-08-18 03:45:00,4472.89990234375,4473.5,4468.2998046875,4468.89990234375,449
2026-08-18 04:00:00,4468.39990234375,4471.89990234375,4467.60009765625,4470.89990234375,523
2026-08-18 04:15:00,4470.7001953125,4472.39990234375,4466.5,4467.89990234375,382
2026-08-18 04:30:00,4468.0,4471.0,4466.0,4470.7001953125,531
2026-08-18 04:45:00,4471.10009765625,4478.10009765625,4471.0,4476.60009765625,696
2026-08-18 05:00:00,4476.2998046875,4479.2001953125,4476.2998046875,4479.10009765625,418
2026-08-18 05:15:00,4478.89990234375,4482.10009765625,4477.89990234375,4482.0,527
2026-08-18 05:30:00,4482.2998046875,4486.5,4475.0,4478.39990234375,1193
2026-08-18 05:45:00,4477.7001953125,4488.2001953125,4477.2001953125,4487.7001953125,1589
2026-08-18 06:00:00,4487.7998046875,4490.2998046875,4484.5,4486.10009765625,1001
2026-08-18 06:15:00,4486.2001953125,4491.7001953125,4484.89990234375,4491.2001953125,599
2026-08-18 06:30:00,4491.60009765625,4493.10009765625,4485.0,4485.5,1505
2026-08-18 06:45:00,4485.89990234375,4487.39990234375,4476.60009765625,4481.5,1448
2026-08-18 07:00:00,4481.5,4482.60009765625,4468.2998046875,4468.39990234375,1010
2026-08-18 07:15:00,4468.39990234375,4468.89990234375,4460.89990234375,4464.60009765625,1750
2026-08-18 07:30:00,4464.60009765625,4464.89990234375,4454.7998046875,4457.39990234375,1478
2026-08-18 07:45:00,4457.2998046875,4461.89990234375,4456.7998046875,4458.7001953125,717
2026-08-18 08:00:00,4458.7998046875,4458.89990234375,4450.2998046875,4451.39990234375,1369
2026-08-18 08:15:00,4451.2001953125,4456.89990234375,4450.0,4456.10009765625,1217
2026-08-18 08:30:00,4456.10009765625,4460.5,4455.39990234375,4457.89990234375,1058
2026-08-18 08:45:00,4458.10009765625,4458.7001953125,4450.0,4453.2998046875,816
2026-08-18 09:00:00,4452.7998046875,4453.2998046875,4450.39990234375,4450.60009765625,346
2026-08-18 09:15:00,4451.10009765625,4451.10009765625,4446.2998046875,4448.10009765625,793
2026-08-18 09:30:00,4447.39990234375,4448.60009765625,4445.39990234375,4447.89990234375,682
2026-08-18 09:45:00,4447.89990234375,4449.2001953125,4446.39990234375,4448.10009765625,472
2026-08-18 10:00:00,4448.2001953125,4450.2998046875,4444.0,4448.7001953125,1045
2026-08-18 10:15:00,4448.7998046875,4450.89990234375,4447.7001953125,4448.89990234375,470
2026-08-18 10:30:00,4448.7001953125,4449.7998046875,4446.39990234375,4446.60009765625,429
2026-08-18 10:45:00,4446.7998046875,4451.60009765625,4446.5,4446.60009765625,477
2026-08-18 11:00:00,4446.39990234375,4450.2001953125,4441.39990234375,4449.2998046875,1427
2026-08-18 11:15:00,4449.5,4453.2001953125,4448.7998046875,4450.2001953125,762
2026-08-18 11:30:00,4449.39990234375,4451.10009765625,4443.2001953125,4450.89990234375,1531
2026-08-18 11:45:00,4450.7998046875,4455.10009765625,4449.39990234375,4454.89990234375,906
2026-08-18 12:00:00,4454.7001953125,4455.60009765625,4450.5,4452.5,725
2026-08-18 12:15:00,4452.60009765625,4454.7001953125,4452.60009765625,4454.10009765625,619
2026-08-18 12:30:00,4454.2998046875,4456.39990234375,4452.39990234375,4453.2001953125,995
2026-08-18 12:45:00,4453.2001953125,4459.39990234375,4453.2001953125,4459.0,895
2026-08-18 13:00:00,4459.10009765625,4459.5,4452.2998046875,4457.39990234375,1053
2026-08-18 13:15:00,4457.60009765625,4458.5,4451.2001953125,4451.2001953125,470
2026-08-18 13:30:00,4451.60009765625,4451.89990234375,4443.5,4448.2001953125,1688
2026-08-18 13:45:00,4448.39990234375,4449.2001953125,4442.39990234375,4444.89990234375,848
2026-08-18 14:00:00,4444.89990234375,4454.2001953125,4444.89990234375,4452.5,855
2026-08-18 14:15:00,4452.2001953125,4452.2998046875,4447.10009765625,4448.89990234375,659
2026-08-18 14:30:00,4448.7998046875,4449.39990234375,4446.60009765625,4448.39990234375,453
2026-08-18 14:45:00,4448.10009765625,4448.10009765625,4444.2001953125,4444.89990234375,600
2026-08-18 15:00:00,4444.7998046875,4451.10009765625,4443.2001953125,4444.5,1147
2026-08-18 15:15:00,4444.5,4451.2998046875,4443.0,4449.7001953125,718
2026-08-18 15:30:00,4449.7001953125,4452.0,4448.60009765625,4450.7001953125,416
2026-08-18 15:45:00,4450.89990234375,4452.5,4446.10009765625,4448.2998046875,554
2026-08-18 16:00:00,4448.7001953125,4455.2001953125,4448.10009765625,4455.0,652
2026-08-18 16:15:00,4455.2998046875,4456.2001953125,4452.89990234375,4454.39990234375,516
2026-08-18 16:30:00,4454.2001953125,4455.7998046875,4448.2998046875,4450.2001953125,605
2026-08-18 16:45:00,4449.7001953125,4451.10009765625,4445.7998046875,4446.2998046875,600
2026-08-18 17:00:00,4446.2998046875,4448.7998046875,4444.7998046875,4447.2001953125,703
2026-08-18 17:15:00,4447.0,4453.2998046875,4446.39990234375,4452.2998046875,733
2026-08-18 17:30:00,4452.60009765625,4453.39990234375,4445.7998046875,4449.7001953125,1174
2026-08-18 17:45:00,4449.2001953125,4457.2998046875,4447.7998046875,4451.89990234375,2225
2026-08-18 18:00:00,4452.0,4454.7998046875,4447.39990234375,4448.7998046875,1183
2026-08-18 18:15:00,4448.7001953125,4453.60009765625,4447.10009765625,4450.7001953125,1451
2026-08-18 18:30:00,4450.5,4453.7001953125,4444.39990234375,4452.0,2808
2026-08-18 18:45:00,4451.7998046875,4452.39990234375,4444.2001953125,4445.39990234375,2678
2026-08-18 19:00:00,4445.5,4463.0,4430.89990234375,4457.0,7940
2026-08-18 19:15:00,4457.2001953125,4458.2998046875,4445.5,4451.0,3218
2026-08-18 19:30:00,4450.5,4462.7998046875,4447.39990234375,4449.60009765625,4619
2026-08-18 19:45:00,4449.5,4461.39990234375,4448.7001953125,4450.60009765625,2342
2026-08-18 20:00:00,4450.7001953125,4452.5,4434.0,4436.0,5689
2026-08-18 20:15:00,4435.7001953125,4445.39990234375,4419.10009765625,4422.2998046875,6370
2026-08-18 20:30:00,4422.60009765625,4434.10009765625,4412.0,4415.60009765625,5777
2026-08-18 20:45:00,4415.39990234375,4420.7001953125,4406.7998046875,4410.60009765625,5432
2026-08-18 21:00:00,4410.2001953125,4418.0,4409.7998046875,4414.5,3321
2026-08-18 21:15:00,4413.7998046875,4421.89990234375,4413.7998046875,4420.2001953125,2117
2026-08-18 21:30:00,4420.2998046875,4427.0,4420.2998046875,4423.10009765625,1648
2026-08-18 21:45:00,4423.2001953125,4425.10009765625,4418.7001953125,4419.39990234375,1051
2026-08-18 22:00:00,4419.7001953125,4423.7998046875,4418.2998046875,4422.7001953125,1039
2026-08-18 22:15:00,4422.7001953125,4424.10009765625,4417.7998046875,4419.0,1122
2026-08-18 22:30:00,4419.10009765625,4422.60009765625,4418.39990234375,4422.39990234375,1027
2026-08-18 22:45:00,4422.60009765625,4423.7998046875,4418.7001953125,4420.7998046875,1442
2026-08-18 23:00:00,4421.0,4421.7998046875,4414.39990234375,4414.39990234375,1181
2026-08-18 23:15:00,4414.2998046875,4416.10009765625,4412.39990234375,4413.2001953125,1077
2026-08-18 23:30:00,4413.60009765625,4413.60009765625,4408.0,4412.89990234375,1731
2026-08-18 23:45:00,4413.2998046875,4416.5,4410.7998046875,4415.39990234375,680
2026-08-19 00:00:00,4415.60009765625,4415.7998046875,4408.7998046875,4409.39990234375,1028
2026-08-19 00:15:00,4409.5,4411.2001953125,4407.89990234375,4409.39990234375,473
2026-08-19 00:30:00,4409.5,4413.5,4409.2001953125,4412.39990234375,604
2026-08-19 00:45:00,4412.2998046875,4413.7001953125,4407.5,4409.5,1149
2026-08-19 01:00:00,4409.7998046875,4412.39990234375,4404.2001953125,4404.39990234375,1036
2026-08-19 01:15:00,4404.2998046875,4408.2001953125,4392.2998046875,4400.0,4295
2026-08-19 01:30:00,4400.10009765625,4401.2001953125,4395.39990234375,4396.5,761
2026-08-19 01:45:00,4397.10009765625,4397.10009765625,4388.0,4392.7998046875,785
2026-08-19 02:00:00,4392.7998046875,4394.60009765625,4386.60009765625,4387.60009765625,592
2026-08-19 02:15:00,4387.0,4390.2998046875,4383.2998046875,4389.5,981
2026-08-19 03:30:00,4391.39990234375,4395.2998046875,4390.39990234375,4393.7998046875,389
2026-08-19 03:45:00,4393.2001953125,4394.2998046875,4386.5,4389.39990234375,1415
2026-08-19 04:00:00,4389.2998046875,4389.7998046875,4385.7998046875,4386.60009765625,676
2026-08-19 04:15:00,4386.60009765625,4388.7001953125,4386.2001953125,4386.7998046875,341
2026-08-19 04:30:00,4387.2001953125,4391.5,4385.39990234375,4387.10009765625,564
2026-08-19 04:45:00,4386.7998046875,4390.2998046875,4382.5,4383.10009765625,1074
2026-08-19 05:00:00,4382.89990234375,4385.39990234375,4379.60009765625,4382.5,1133
2026-08-19 05:15:00,4383.0,4387.0,4382.2998046875,4386.0,583
2026-08-19 05:30:00,4386.10009765625,4397.7001953125,4384.60009765625,4395.7998046875,1367
2026-08-19 05:45:00,4395.89990234375,4399.39990234375,4392.5,4396.2998046875,1303
2026-08-19 06:00:00,4396.39990234375,4401.0,4392.89990234375,4397.39990234375,1187
2026-08-19 06:15:00,4397.60009765625,4398.60009765625,4390.7001953125,4391.7998046875,917
2026-08-19 06:30:00,4391.5,4397.60009765625,4378.0,4397.39990234375,3597
2026-08-19 06:45:00,4397.60009765625,4400.0,4386.39990234375,4396.10009765625,2125
2026-08-19 07:00:00,4396.2998046875,4411.10009765625,4396.2001953125,4409.39990234375,1946
2026-08-19 07:15:00,4409.0,4410.2001953125,4404.10009765625,4410.2001953125,1218
2026-08-19 07:30:00,4410.0,4410.89990234375,4405.0,4407.0,1283
2026-08-19 07:45:00,4407.2001953125,4415.7998046875,4406.0,4413.39990234375,1652
2026-08-19 08:00:00,4413.39990234375,4413.89990234375,4407.7001953125,4408.60009765625,1312
2026-08-19 08:15:00,4408.7998046875,4410.39990234375,4405.0,4408.5,749
2026-08-19 08:30:00,4408.39990234375,4409.89990234375,4405.39990234375,4407.7001953125,627
2026-08-19 08:45:00,4408.10009765625,4411.7998046875,4405.2998046875,4410.7998046875,613
2026-08-19 09:00:00,4411.10009765625,4414.10009765625,4409.7998046875,4412.60009765625,483
2026-08-19 09:15:00,4412.60009765625,4413.0,4409.0,4409.0,219
2026-08-19 09:30:00,4408.89990234375,4409.60009765625,4406.89990234375,4407.89990234375,308
2026-08-19 09:45:00,4407.89990234375,4408.0,4403.2001953125,4404.2001953125,807
2026-08-19 10:00:00,4404.7998046875,4405.2998046875,4398.2001953125,4399.7998046875,890
2026-08-19 10:15:00,4399.39990234375,4401.7998046875,4396.5,4401.7998046875,717
2026-08-19 10:30:00,4401.7001953125,4404.2001953125,4391.89990234375,4392.2001953125,834
2026-08-19 10:45:00,4392.39990234375,4399.10009765625,4390.10009765625,4398.89990234375,1079
2026-08-19 11:00:00,4399.10009765625,4399.2998046875,4390.2998046875,4395.7998046875,1603
2026-08-19 11:15:00,4395.2998046875,4395.39990234375,4388.2001953125,4389.0,1418
2026-08-19 11:30:00,4389.0,4395.2998046875,4388.7001953125,4390.7998046875,1224
2026-08-19 11:45:00,4390.60009765625,4401.89990234375,4390.2001953125,4396.2998046875,1806
2026-08-19 12:00:00,4396.60009765625,4399.2998046875,4390.7998046875,4395.39990234375,1416
2026-08-19 12:15:00,4395.2998046875,4403.10009765625,4394.2998046875,4402.7998046875,1150
2026-08-19 12:30:00,4402.7998046875,4407.60009765625,4401.10009765625,4404.2998046875,1278
2026-08-19 12:45:00,4403.7998046875,4410.7998046875,4401.10009765625,4410.5,1562
2026-08-19 13:00:00,4410.39990234375,4417.2001953125,4406.5,4408.2001953125,1483
2026-08-19 13:15:00,4408.10009765625,4411.39990234375,4408.10009765625,4408.2998046875,610
2026-08-19 13:30:00,4408.39990234375,4416.39990234375,4404.7998046875,4415.2001953125,1917
2026-08-19 13:45:00,4415.2998046875,4416.10009765625,4411.10009765625,4414.60009765625,650
2026-08-19 14:00:00,4414.2998046875,4417.2001953125,4410.2998046875,4416.39990234375,687
2026-08-19 14:15:00,4416.39990234375,4417.2001953125,4408.7001953125,4409.7001953125,959
2026-08-19 14:30:00,4409.7001953125,4413.89990234375,4409.0,4410.2998046875,739
2026-08-19 14:45:00,4410.2001953125,4411.60009765625,4407.39990234375,4410.60009765625,809
2026-08-19 15:00:00,4410.7001953125,4415.39990234375,4409.5,4413.2998046875,774
2026-08-19 15:15:00,4413.2998046875,4416.39990234375,4412.5,4416.39990234375,707
2026-08-19 15:30:00,4416.5,4418.7998046875,4413.7998046875,4418.39990234375,909
2026-08-19 15:45:00,4418.39990234375,4423.7998046875,4418.10009765625,4423.2001953125,1208
2026-08-19 16:00:00,4423.39990234375,4424.10009765625,4420.39990234375,4422.5,791
2026-08-19 16:15:00,4422.7998046875,4424.10009765625,4421.0,4422.2001953125,375
2026-08-19 16:30:00,4422.39990234375,4428.89990234375,4422.2001953125,4428.10009765625,1242
2026-08-19 16:45:00,4428.39990234375,4429.10009765625,4423.60009765625,4425.7998046875,773
2026-08-19 17:00:00,4425.89990234375,4426.5,4417.7001953125,4418.39990234375,1158
2026-08-19 17:15:00,4418.0,4422.2998046875,4418.0,4419.10009765625,882
2026-08-19 17:30:00,4419.7001953125,4425.5,4417.0,4423.10009765625,1286
2026-08-19 17:45:00,4423.2001953125,4428.39990234375,4420.7001953125,4424.10009765625,1980
2026-08-19 18:00:00,4424.2998046875,4476.89990234375,4423.39990234375,4474.7998046875,15898
2026-08-19 18:15:00,4475.10009765625,4499.7998046875,4468.0,4496.2998046875,16893
2026-08-19 18:30:00,4496.2998046875,4518.7998046875,4480.7998046875,4513.39990234375,14438
2026-08-19 18:45:00,4513.60009765625,4521.7998046875,4512.39990234375,4516.0,9462
2026-08-19 19:00:00,4516.2001953125,4524.0,4500.7998046875,4519.10009765625,11694
2026-08-19 19:15:00,4518.7998046875,4521.60009765625,4502.39990234375,4517.7998046875,6655
2026-08-19 19:30:00,4518.0,4533.7998046875,4513.5,4532.0,7695
2026-08-19 19:45:00,4532.2001953125,4546.2998046875,4528.39990234375,4544.2998046875,9782
2026-08-19 20:00:00,4544.39990234375,4557.60009765625,4542.2998046875,4548.5,12239
2026-08-19 20:15:00,4548.60009765625,4548.60009765625,4536.89990234375,4546.7998046875,5982
2026-08-19 20:30:00,4547.0,4547.0,4538.39990234375,4544.10009765625,5251
2026-08-19 20:45:00,4544.10009765625,4546.2001953125,4536.5,4542.0,3547
2026-08-19 21:00:00,4541.89990234375,4551.5,4538.5,4548.7001953125,2616
2026-08-19 21:15:00,4548.39990234375,4552.7998046875,4546.89990234375,4552.2001953125,3482
2026-08-19 21:30:00,4552.2001953125,4557.2001953125,4549.5,4555.89990234375,3749
2026-08-19 21:45:00,4556.0,4557.5,4548.5,4548.7001953125,2562
2026-08-19 22:00:00,4549.10009765625,4554.2998046875,4548.39990234375,4553.2998046875,1702
2026-08-19 22:15:00,4552.7001953125,4555.7001953125,4550.89990234375,4551.0,1379
2026-08-19 22:30:00,4551.0,4557.0,4546.39990234375,4550.10009765625,3692
2026-08-19 22:45:00,4550.2998046875,4550.2998046875,4544.0,4545.7998046875,3591
2026-08-19 23:00:00,4545.89990234375,4549.2001953125,4541.89990234375,4546.60009765625,1361
2026-08-19 23:15:00,4546.2001953125,4547.39990234375,4542.0,4545.0,1055
2026-08-19 23:30:00,4544.89990234375,4554.60009765625,4543.39990234375,4546.2998046875,2944
2026-08-19 23:45:00,4546.10009765625,4546.2001953125,4531.10009765625,4533.7998046875,4949
2026-08-20 00:00:00,4533.89990234375,4550.0,4530.39990234375,4548.60009765625,6779
2026-08-20 00:15:00,4548.60009765625,4556.0,4547.5,4553.2998046875,1772
2026-08-20 00:30:00,4553.2998046875,4564.10009765625,4552.2998046875,4561.60009765625,3290
2026-08-20 00:45:00,4561.5,4566.0,4560.7998046875,4565.10009765625,2158
2026-08-20 01:00:00,4565.2001953125,4568.89990234375,4559.10009765625,4564.5,3069
2026-08-20 01:15:00,4564.5,4569.60009765625,4562.60009765625,4568.0,2032
2026-08-20 01:30:00,4568.39990234375,4569.5,4562.7998046875,4564.5,1222
2026-08-20 01:45:00,4564.7001953125,4580.2998046875,4564.2001953125,4576.7001953125,3150
2026-08-20 02:00:00,4576.7001953125,4582.2001953125,4576.2001953125,4577.2998046875,1003
2026-08-20 02:15:00,4578.2998046875,4582.7998046875,4577.89990234375,4580.7001953125,916
2026-08-20 03:30:00,4580.0,4583.7998046875,4576.39990234375,4577.60009765625,360
2026-08-20 03:45:00,4577.5,4578.7001953125,4576.2001953125,4578.0,467
2026-08-20 04:00:00,4577.7001953125,4579.0,4574.7998046875,4575.7001953125,679
2026-08-20 04:15:00,4575.89990234375,4579.2001953125,4573.5,4575.89990234375,579
2026-08-20 04:30:00,4576.39990234375,4581.2001953125,4574.7998046875,4577.0,750
2026-08-20 04:45:00,4576.60009765625,4577.60009765625,4572.2998046875,4574.7998046875,556
2026-08-20 05:00:00,4575.10009765625,4575.5,4570.7001953125,4571.60009765625,604
2026-08-20 05:15:00,4571.7001953125,4574.89990234375,4568.39990234375,4569.2001953125,644
2026-08-20 05:30:00,4568.7001953125,4576.2998046875,4567.7001953125,4573.7998046875,806
2026-08-20 05:45:00,4574.0,4578.60009765625,4565.7998046875,4567.7998046875,1104
2026-08-20 06:00:00,4566.7998046875,4570.39990234375,4560.2001953125,4563.60009765625,1198
2026-08-20 06:15:00,4563.39990234375,4567.89990234375,4561.39990234375,4562.0,1155
2026-08-20 06:30:00,4562.2998046875,4567.89990234375,4549.39990234375,4550.7998046875,3716
2026-08-20 06:45:00,4551.2998046875,4561.10009765625,4550.89990234375,4558.2998046875,1515
2026-08-20 07:00:00,4558.0,4559.0,4551.0,4551.2998046875,1115
2026-08-20 07:15:00,4551.5,4553.0,4542.10009765625,4547.39990234375,2392
2026-08-20 07:30:00,4547.2998046875,4557.60009765625,4546.10009765625,4555.5,1789
2026-08-20 07:45:00,4555.2998046875,4555.60009765625,4547.10009765625,4550.60009765625,975
2026-08-20 08:00:00,4550.10009765625,4552.10009765625,4547.60009765625,4548.2001953125,836
2026-08-20 08:15:00,4547.89990234375,4552.0,4546.5,4548.10009765625,795
2026-08-20 08:30:00,4548.2001953125,4554.5,4545.7001953125,4550.10009765625,799
2026-08-20 08:45:00,4549.89990234375,4554.2001953125,4547.89990234375,4551.10009765625,788
2026-08-20 09:00:00,4550.7998046875,4556.7001953125,4550.0,4555.7001953125,831
2026-08-20 09:15:00,4555.60009765625,4558.7998046875,4554.7998046875,4555.7001953125,614
2026-08-20 09:30:00,4556.39990234375,4556.60009765625,4552.39990234375,4553.60009765625,966
2026-08-20 09:45:00,4553.60009765625,4554.2998046875,4547.10009765625,4547.39990234375,702
2026-08-20 10:00:00,4547.2001953125,4548.2998046875,4543.39990234375,4544.39990234375,808
2026-08-20 10:15:00,4544.2998046875,4549.10009765625,4544.10009765625,4546.10009765625,479
2026-08-20 10:30:00,4546.0,4551.39990234375,4541.5,4542.89990234375,759
2026-08-20 10:45:00,4542.89990234375,4544.5,4540.0,4540.5,959
2026-08-20 11:00:00,4540.0,4543.10009765625,4535.2001953125,4537.7998046875,1289
2026-08-20 11:15:00,4537.89990234375,4540.5,4534.7998046875,4538.5,799
2026-08-20 11:30:00,4538.60009765625,4550.7001953125,4537.2001953125,4550.10009765625,1981
2026-08-20 11:45:00,4550.39990234375,4553.5,4549.10009765625,4551.2998046875,1749
2026-08-20 12:00:00,4551.2998046875,4553.0,4549.5,4550.10009765625,994
2026-08-20 12:15:00,4550.39990234375,4553.0,4548.5,4550.7998046875,1300
2026-08-20 12:30:00,4550.60009765625,4551.0,4543.89990234375,4544.5,1258
2026-08-20 12:45:00,4544.39990234375,4547.10009765625,4540.10009765625,4540.5,1078
2026-08-20 13:00:00,4540.7998046875,4550.2001953125,4540.10009765625,4547.89990234375,1520
2026-08-20 13:15:00,4547.5,4552.7001953125,4545.2998046875,4547.60009765625,1017
2026-08-20 13:30:00,4547.89990234375,4552.2998046875,4547.60009765625,4551.39990234375,1451
2026-08-20 13:45:00,4551.10009765625,4555.89990234375,4547.0,4548.60009765625,1782
2026-08-20 14:00:00,4548.10009765625,4552.39990234375,4543.89990234375,4547.39990234375,1655
2026-08-20 14:15:00,4547.2998046875,4549.0,4544.39990234375,4546.10009765625,642
2026-08-20 14:30:00,4546.2001953125,4551.0,4545.2001953125,4549.10009765625,857
2026-08-20 14:45:00,4549.0,4550.5,4544.7001953125,4546.7998046875,959
2026-08-20 15:00:00,4546.60009765625,4547.2001953125,4541.0,4545.7001953125,1517
2026-08-20 15:15:00,4545.60009765625,4545.60009765625,4538.2001953125,4538.89990234375,1227
2026-08-20 15:30:00,4539.10009765625,4547.7998046875,4537.0,4547.10009765625,1306
2026-08-20 15:45:00,4547.39990234375,4550.5,4542.60009765625,4550.2001953125,1323
2026-08-20 16:00:00,4550.2998046875,4552.5,4546.5,4547.5,1061
2026-08-20 16:15:00,4547.7001953125,4547.7001953125,4543.7998046875,4546.39990234375,481
2026-08-20 16:30:00,4546.7001953125,4547.89990234375,4539.39990234375,4541.7998046875,2436
2026-08-20 16:45:00,4541.7001953125,4546.2998046875,4537.60009765625,4540.7998046875,1185
2026-08-20 17:00:00,4541.10009765625,4543.2001953125,4530.10009765625,4530.89990234375,2783
2026-08-20 17:15:00,4530.7998046875,4531.89990234375,4521.2001953125,4523.10009765625,4265
2026-08-20 17:30:00,4523.2998046875,4523.39990234375,4506.2001953125,4518.0,6730
2026-08-20 17:45:00,4517.7998046875,4523.39990234375,4512.2001953125,4514.2998046875,3412
2026-08-20 18:00:00,4514.89990234375,4522.2998046875,4506.0,4522.0,4153
2026-08-20 18:15:00,4521.60009765625,4532.2998046875,4519.0,4529.7001953125,3228
2026-08-20 18:30:00,4529.7998046875,4539.60009765625,4526.7001953125,4527.89990234375,3782
2026-08-20 18:45:00,4528.2001953125,4531.89990234375,4525.0,4526.7001953125,1933
2026-08-20 19:00:00,4526.7998046875,4543.0,4524.10009765625,4541.89990234375,6310
2026-08-20 19:15:00,4541.7001953125,4544.39990234375,4534.2998046875,4537.0,3926
2026-08-20 19:30:00,4536.7998046875,4545.89990234375,4535.7998046875,4541.0,5075
2026-08-20 19:45:00,4541.0,4549.89990234375,4537.39990234375,4547.39990234375,4242
2026-08-20 20:00:00,4547.60009765625,4556.89990234375,4547.5,4555.10009765625,3868
2026-08-20 20:15:00,4555.0,4572.0,4554.5,4571.7001953125,5774
2026-08-20 20:30:00,4571.7998046875,4593.7001953125,4570.7001953125,4591.5,15754
2026-08-20 20:45:00,4591.2001953125,4597.10009765625,4579.2001953125,4588.60009765625,7642
2026-08-20 21:00:00,4588.39990234375,4590.0,4563.5,4567.60009765625,6361
2026-08-20 21:15:00,4567.5,4579.7998046875,4566.7998046875,4577.2998046875,3045
2026-08-20 21:30:00,4577.5,4580.7001953125,4566.2001953125,4567.10009765625,2287
2026-08-20 21:45:00,4566.89990234375,4569.2001953125,4561.39990234375,4565.60009765625,1907
2026-08-20 22:00:00,4565.89990234375,4569.2998046875,4559.2001953125,4565.7001953125,2215
2026-08-20 22:15:00,4565.60009765625,4570.60009765625,4563.89990234375,4566.7001953125,2065
2026-08-20 22:30:00,4566.7001953125,4570.89990234375,4564.10009765625,4565.7998046875,1622
2026-08-20 22:45:00,4565.60009765625,4573.39990234375,4564.2998046875,4569.60009765625,3056
2026-08-20 23:00:00,4569.60009765625,4575.2001953125,4567.2998046875,4574.89990234375,1313
2026-08-20 23:15:00,4574.7001953125,4576.89990234375,4573.60009765625,4576.0,705
2026-08-20 23:30:00,4576.0,4578.7998046875,4565.2998046875,4567.2998046875,2054
2026-08-20 23:45:00,4567.39990234375,4576.60009765625,4564.7001953125,4575.89990234375,1220
2026-08-21 00:00:00,4575.2998046875,4579.7001953125,4575.0,4576.5,761
2026-08-21 00:15:00,4576.60009765625,4581.7001953125,4574.10009765625,4578.5,1505
2026-08-21 00:30:00,4578.2998046875,4584.60009765625,4574.7001953125,4584.2001953125,838
2026-08-21 00:45:00,4584.2001953125,4585.89990234375,4579.10009765625,4579.2001953125,995
2026-08-21 01:00:00,4579.0,4585.7001953125,4578.2001953125,4582.2001953125,839
2026-08-21 01:15:00,4582.39990234375,4588.0,4581.0,4584.89990234375,1519
2026-08-21 01:30:00,4584.5,4585.2001953125,4578.7998046875,4578.89990234375,672
2026-08-21 01:45:00,4578.7001953125,4579.0,4576.7001953125,4577.10009765625,415
2026-08-21 02:00:00,4577.10009765625,4577.2001953125,4573.0,4574.39990234375,434
2026-08-21 02:15:00,4574.60009765625,4577.2998046875,4574.0,4575.10009765625,505
2026-08-21 03:30:00,4577.0,4577.7001953125,4571.0,4574.60009765625,216
2026-08-21 03:45:00,4574.60009765625,4576.7998046875,4574.0,4575.39990234375,390
2026-08-21 04:00:00,4575.60009765625,4579.7998046875,4574.39990234375,4578.7001953125,610
2026-08-21 04:15:00,4578.89990234375,4580.2001953125,4575.5,4580.2001953125,686
2026-08-21 04:30:00,4579.89990234375,4589.0,4579.39990234375,4587.60009765625,1363
2026-08-21 04:45:00,4587.5,4588.39990234375,4578.5,4583.2001953125,982
2026-08-21 05:00:00,4582.89990234375,4584.5,4577.10009765625,4580.7998046875,777
2026-08-21 05:15:00,4581.0,4584.2998046875,4579.2001953125,4582.2001953125,318
2026-08-21 05:30:00,4582.2998046875,4583.7001953125,4573.7998046875,4575.10009765625,801
2026-08-21 05:45:00,4574.89990234375,4577.39990234375,4570.39990234375,4571.39990234375,859
2026-08-21 06:00:00,4571.89990234375,4573.89990234375,4567.39990234375,4570.39990234375,926
2026-08-21 06:15:00,4570.7001953125,4570.89990234375,4566.2998046875,4567.2001953125,540
2026-08-21 06:30:00,4567.2001953125,4577.7001953125,4565.5,4577.39990234375,1669
2026-08-21 06:45:00,4577.5,4587.2998046875,4577.0,4586.39990234375,1337
2026-08-21 07:00:00,4585.89990234375,4600.2998046875,4579.7998046875,4582.39990234375,3205
2026-08-21 07:15:00,4582.60009765625,4589.60009765625,4581.7998046875,4587.0,930
2026-08-21 07:30:00,4586.7998046875,4587.5,4574.0,4576.2998046875,2296
2026-08-21 07:45:00,4577.2001953125,4585.2998046875,4576.10009765625,4583.2998046875,704
2026-08-21 08:00:00,4583.89990234375,4594.0,4581.2998046875,4593.7001953125,1128
2026-08-21 08:15:00,4594.10009765625,4599.2001953125,4588.7001953125,4590.0,1432
2026-08-21 08:30:00,4590.0,4594.7001953125,4588.2001953125,4588.89990234375,624
2026-08-21 08:45:00,4588.89990234375,4591.2001953125,4585.7001953125,4585.89990234375,584
2026-08-21 09:00:00,4585.89990234375,4591.7998046875,4582.60009765625,4585.0,770
2026-08-21 09:15:00,4585.2001953125,4590.89990234375,4584.2001953125,4590.89990234375,487
2026-08-21 09:30:00,4591.5,4598.5,4591.2001953125,4596.60009765625,983
2026-08-21 09:45:00,4596.39990234375,4603.89990234375,4594.0,4603.2001953125,1684
2026-08-21 10:00:00,4603.39990234375,4604.39990234375,4597.0,4598.10009765625,1121
2026-08-21 10:15:00,4598.0,4598.7001953125,4596.2998046875,4596.7998046875,245
2026-08-21 10:30:00,4596.39990234375,4596.89990234375,4590.89990234375,4593.60009765625,1068
2026-08-21 10:45:00,4593.7001953125,4595.0,4586.7001953125,4586.7001953125,1090
2026-08-21 11:00:00,4586.5,4599.7001953125,4585.39990234375,4599.5,1170
2026-08-21 11:15:00,4599.5,4612.39990234375,4597.7998046875,4610.10009765625,2580
2026-08-21 11:30:00,4609.89990234375,4611.5,4601.7998046875,4605.2001953125,1418
2026-08-21 11:45:00,4605.39990234375,4615.10009765625,4605.39990234375,4612.2001953125,2696
2026-08-21 12:00:00,4612.0,4622.7998046875,4611.2998046875,4619.5,3167
2026-08-21 12:15:00,4619.7001953125,4624.7001953125,4617.7998046875,4617.89990234375,1851
2026-08-21 12:30:00,4617.7998046875,4623.0,4615.39990234375,4618.39990234375,2019
2026-08-21 12:45:00,4618.60009765625,4624.7998046875,4616.7001953125,4618.60009765625,1504
2026-08-21 13:00:00,4618.5,4623.5,4617.0,4621.10009765625,1184
2026-08-21 13:15:00,4621.39990234375,4625.0,4617.89990234375,4621.0,1183
2026-08-21 13:30:00,4621.39990234375,4625.0,4615.7998046875,4622.2998046875,2090
2026-08-21 13:45:00,4622.60009765625,4638.89990234375,4620.7998046875,4636.7001953125,4198
2026-08-21 14:00:00,4636.7001953125,4641.2001953125,4633.5,4639.7001953125,2824
2026-08-21 14:15:00,4639.60009765625,4642.0,4637.0,4641.0,1226
2026-08-21 14:30:00,4641.10009765625,4659.0,4638.89990234375,4656.7998046875,5545
2026-08-21 14:45:00,4656.89990234375,4659.39990234375,4638.2998046875,4639.60009765625,4033
2026-08-21 15:00:00,4639.2998046875,4644.2998046875,4638.10009765625,4640.39990234375,2329
2026-08-21 15:15:00,4640.2998046875,4642.7998046875,4637.60009765625,4639.7001953125,1929
2026-08-21 15:30:00,4639.39990234375,4646.0,4634.5,4635.7001953125,2848
2026-08-21 15:45:00,4636.0,4646.39990234375,4635.2998046875,4645.60009765625,1747
2026-08-21 16:00:00,4645.7998046875,4651.60009765625,4642.7001953125,4650.39990234375,1288
2026-08-21 16:15:00,4650.39990234375,4650.7001953125,4645.0,4645.7998046875,1398
2026-08-21 16:30:00,4645.5,4652.7998046875,4644.2998046875,4647.5,1410
2026-08-21 16:45:00,4648.2001953125,4659.2998046875,4648.2001953125,4655.7001953125,2469
2026-08-21 17:00:00,4655.89990234375,4661.7001953125,4650.2998046875,4654.2998046875,2368
2026-08-21 17:15:00,4654.2998046875,4657.7001953125,4653.0,4654.39990234375,1703
2026-08-21 17:30:00,4654.7001953125,4659.10009765625,4646.5,4650.0,3766
2026-08-21 17:45:00,4650.10009765625,4653.2001953125,4638.0,4642.2001953125,4314
2026-08-21 18:00:00,4642.0,4642.0,4620.5,4630.5,6862
2026-08-21 18:15:00,4630.2998046875,4637.89990234375,4630.2001953125,4634.7001953125,3248
2026-08-21 18:30:00,4634.60009765625,4643.89990234375,4632.5,4642.0,3080
2026-08-21 18:45:00,4642.39990234375,4644.7001953125,4635.89990234375,4641.10009765625,1704
2026-08-21 19:00:00,4640.89990234375,4647.89990234375,4630.0,4645.0,5086
2026-08-21 19:15:00,4644.60009765625,4650.2001953125,4633.7998046875,4638.2998046875,5190
2026-08-21 19:30:00,4638.10009765625,4647.7998046875,4637.0,4646.2998046875,3544
2026-08-21 19:45:00,4646.39990234375,4659.7998046875,4642.89990234375,4659.5,4530
2026-08-21 20:00:00,4659.7001953125,4660.2001953125,4636.5,4639.0,6394
2026-08-21 20:15:00,4639.10009765625,4652.0,4637.0,4648.10009765625,3408
2026-08-21 20:30:00,4648.5,4655.10009765625,4644.10009765625,4652.2001953125,2968
2026-08-21 20:45:00,4652.2998046875,4665.5,4652.0,4660.2998046875,4289
2026-08-21 21:00:00,4660.2998046875,4668.2001953125,4657.0,4666.89990234375,3169
2026-08-21 21:15:00,4667.2001953125,4673.0,4664.2001953125,4672.0,2954
2026-08-21 21:30:00,4672.10009765625,4675.0,4666.2998046875,4672.10009765625,2676
2026-08-21 21:45:00,4672.10009765625,4678.39990234375,4667.7998046875,4671.60009765625,2561
2026-08-21 22:00:00,4671.7001953125,4679.60009765625,4669.7998046875,4678.89990234375,2533
2026-08-21 22:15:00,4678.89990234375,4687.2001953125,4678.39990234375,4686.60009765625,3015
2026-08-21 22:30:00,4686.7001953125,4690.39990234375,4679.7001953125,4681.39990234375,4827
2026-08-21 22:45:00,4681.2998046875,4684.2001953125,4673.39990234375,4680.10009765625,5746
2026-08-21 23:00:00,4680.39990234375,4683.10009765625,4676.89990234375,4677.7001953125,2164
2026-08-21 23:15:00,4678.0,4680.7001953125,4675.10009765625,4678.7001953125,1960
2026-08-21 23:30:00,4679.0,4685.89990234375,4678.60009765625,4682.5,1268
2026-08-21 23:45:00,4682.5,4686.10009765625,4682.5,4683.5,638
2026-08-22 00:00:00,4683.2998046875,4683.2998046875,4677.5,4678.5,1707
2026-08-22 00:15:00,4678.7998046875,4684.0,4678.7998046875,4681.7998046875,1342
2026-08-22 00:30:00,4682.10009765625,4683.10009765625,4675.89990234375,4680.0,1159
2026-08-22 00:45:00,4680.2001953125,4680.39990234375,4675.2998046875,4675.60009765625,951
2026-08-22 01:00:00,4675.5,4676.89990234375,4673.0,4675.39990234375,990
2026-08-22 01:15:00,4675.39990234375,4680.60009765625,4673.0,4674.7001953125,1568
2026-08-22 01:30:00,4674.60009765625,4675.39990234375,4672.60009765625,4674.60009765625,599
2026-08-22 01:45:00,4674.39990234375,4675.0,4667.60009765625,4668.0,586
2026-08-22 02:00:00,4668.0,4669.60009765625,4665.39990234375,4665.7998046875,410
2026-08-22 02:15:00,4665.60009765625,4680.60009765625,4661.0,4680.60009765625,985
2026-08-24 03:30:00,4675.39990234375,4679.10009765625,4673.7998046875,4675.39990234375,241
2026-08-24 03:45:00,4675.10009765625,4678.7001953125,4670.2001953125,4671.60009765625,713
2026-08-24 04:00:00,4671.10009765625,4674.2001953125,4664.0,4667.5,721
2026-08-24 04:15:00,4667.60009765625,4668.0,4663.0,4663.10009765625,387
2026-08-24 04:30:00,4663.5,4666.5,4661.89990234375,4665.0,473
2026-08-24 04:45:00,4664.7998046875,4673.89990234375,4664.0,4672.60009765625,895
2026-08-24 05:00:00,4672.39990234375,4676.2998046875,4664.7998046875,4665.5,1014
2026-08-24 05:15:00,4665.7001953125,4682.0,4665.39990234375,4681.60009765625,1166
2026-08-24 05:30:00,4681.60009765625,4698.60009765625,4677.7998046875,4694.89990234375,3064
2026-08-24 05:45:00,4694.7998046875,4698.10009765625,4651.7998046875,4661.60009765625,3453
2026-08-24 06:00:00,4661.60009765625,4666.0,4658.2001953125,4664.10009765625,1601
2026-08-24 06:15:00,4663.10009765625,4680.2998046875,4660.89990234375,4678.7998046875,1475
2026-08-24 06:30:00,4679.0,4692.0,4675.7001953125,4679.10009765625,3027
2026-08-24 06:45:00,4679.0,4682.60009765625,4667.89990234375,4671.39990234375,1731
2026-08-24 07:00:00,4671.5,4677.7001953125,4664.60009765625,4674.60009765625,1680
2026-08-24 07:15:00,4674.7998046875,4694.2998046875,4671.5,4688.60009765625,2464
2026-08-24 07:30:00,4688.7001953125,4709.0,4684.39990234375,4707.5,3423
2026-08-24 07:45:00,4707.10009765625,4712.39990234375,4706.2001953125,4712.2998046875,1770
2026-08-24 08:00:00,4712.39990234375,4713.7998046875,4694.60009765625,4694.89990234375,2150
2026-08-24 08:15:00,4694.60009765625,4701.5,4684.2998046875,4700.39990234375,2640
2026-08-24 08:30:00,4700.39990234375,4700.7001953125,4690.0,4694.10009765625,1044
2026-08-24 08:45:00,4694.2001953125,4705.10009765625,4691.7998046875,4700.5,962
2026-08-24 09:00:00,4700.60009765625,4707.0,4699.60009765625,4700.0,826
2026-08-24 09:15:00,4699.7998046875,4701.89990234375,4696.7998046875,4698.2001953125,673
2026-08-24 09:30:00,4698.2001953125,4699.0,4688.89990234375,4694.7001953125,1066
2026-08-24 09:45:00,4694.7001953125,4698.10009765625,4690.7998046875,4696.60009765625,596
2026-08-24 10:00:00,4696.60009765625,4697.0,4689.10009765625,4694.39990234375,398
2026-08-24 10:15:00,4694.10009765625,4696.39990234375,4692.0,4695.2001953125,340
2026-08-24 10:30:00,4695.7998046875,4699.39990234375,4694.89990234375,4699.10009765625,568
2026-08-24 10:45:00,4699.5,4702.5,4692.2001953125,4692.2001953125,817
2026-08-24 11:00:00,4692.0,4695.60009765625,4685.5,4689.39990234375,1743
2026-08-24 11:15:00,4689.2001953125,4699.2998046875,4686.2998046875,4697.2998046875,940
2026-08-24 11:30:00,4697.5,4708.7998046875,4695.7998046875,4708.2001953125,1743
2026-08-24 11:45:00,4708.5,4716.7001953125,4697.39990234375,4698.7001953125,3564
2026-08-24 12:00:00,4699.2998046875,4710.10009765625,4698.39990234375,4699.5,1576
2026-08-24 12:15:00,4699.5,4710.10009765625,4699.0,4706.7001953125,1446
2026-08-24 12:30:00,4706.39990234375,4711.0,4700.60009765625,4704.39990234375,1395
2026-08-24 12:45:00,4704.0,4706.2001953125,4698.0,4699.0,1003
2026-08-24 13:00:00,4698.39990234375,4704.0,4690.5,4690.60009765625,1941
2026-08-24 13:15:00,4691.10009765625,4699.7001953125,4686.0,4697.39990234375,2955
2026-08-24 13:30:00,4697.7998046875,4702.0,4691.39990234375,4692.7001953125,1916
2026-08-24 13:45:00,4693.0,4696.2001953125,4684.7998046875,4684.7998046875,2201
2026-08-24 14:00:00,4685.0,4701.7998046875,4684.2001953125,4700.89990234375,2142
2026-08-24 14:15:00,4701.2998046875,4702.0,4691.2001953125,4693.5,1208
2026-08-24 14:30:00,4693.7001953125,4700.2998046875,4692.89990234375,4697.2998046875,2075
2026-08-24 14:45:00,4697.2001953125,4697.2001953125,4690.2998046875,4691.39990234375,1779
2026-08-24 15:00:00,4691.60009765625,4696.60009765625,4688.7998046875,4695.2998046875,2360
2026-08-24 15:15:00,4695.2998046875,4702.7001953125,4695.2001953125,4702.39990234375,1421
2026-08-24 15:30:00,4702.39990234375,4707.0,4702.39990234375,4704.89990234375,1922
2026-08-24 15:45:00,4705.2998046875,4705.60009765625,4699.2001953125,4700.7001953125,1066
2026-08-24 16:00:00,4700.39990234375,4706.39990234375,4699.89990234375,4701.2998046875,1081
2026-08-24 16:15:00,4701.39990234375,4704.2998046875,4698.60009765625,4700.2998046875,1383
2026-08-24 16:30:00,4700.10009765625,4703.89990234375,4696.2001953125,4699.2001953125,1650
2026-08-24 16:45:00,4699.60009765625,4705.39990234375,4697.89990234375,4704.0,1118
2026-08-24 17:00:00,4704.10009765625,4728.2998046875,4700.89990234375,4716.7001953125,8101
2026-08-24 17:15:00,4716.89990234375,4719.2001953125,4705.60009765625,4715.0,3055
2026-08-24 17:30:00,4715.2001953125,4717.7998046875,4707.39990234375,4715.5,2023
2026-08-24 17:45:00,4714.7001953125,4720.5,4709.0,4719.39990234375,2220
2026-08-24 18:00:00,4719.39990234375,4726.89990234375,4702.0,4715.0,4448
2026-08-24 18:15:00,4715.2998046875,4725.2001953125,4711.89990234375,4720.7001953125,1992
2026-08-24 18:30:00,4720.89990234375,4735.7001953125,4719.2998046875,4735.0,3760
2026-08-24 18:45:00,4734.89990234375,4735.89990234375,4725.10009765625,4730.10009765625,2696
2026-08-24 19:00:00,4730.10009765625,4738.5,4715.60009765625,4716.0,6081
2026-08-24 19:15:00,4715.7998046875,4735.60009765625,4713.2998046875,4721.7998046875,6220
2026-08-24 19:30:00,4721.5,4729.2001953125,4717.0,4722.5,4205
2026-08-24 19:45:00,4722.2998046875,4732.2001953125,4712.0,4729.0,3781
2026-08-24 20:00:00,4729.10009765625,4736.10009765625,4726.39990234375,4729.2001953125,3156
2026-08-24 20:15:00,4729.5,4733.2998046875,4714.0,4727.60009765625,4827
2026-08-24 20:30:00,4727.7998046875,4734.0,4722.60009765625,4730.2998046875,2397
2026-08-24 20:45:00,4730.2998046875,4737.0,4725.2998046875,4733.0,3140
2026-08-24 21:00:00,4733.10009765625,4735.2001953125,4716.7998046875,4718.0,3743
2026-08-24 21:15:00,4717.60009765625,4720.2998046875,4696.5,4706.0,8833
2026-08-24 21:30:00,4706.0,4719.0,4703.10009765625,4714.7998046875,4530
2026-08-24 21:45:00,4714.5,4717.7001953125,4713.2998046875,4716.2001953125,1316
2026-08-24 22:00:00,4716.2001953125,4719.60009765625,4715.89990234375,4717.10009765625,1132
2026-08-24 22:15:00,4717.2998046875,4717.7001953125,4697.89990234375,4701.89990234375,3545
2026-08-24 22:30:00,4702.10009765625,4712.7001953125,4698.7998046875,4709.0,3602
2026-08-24 22:45:00,4708.7998046875,4711.2001953125,4686.60009765625,4695.0,7588
2026-08-24 23:00:00,4695.10009765625,4699.60009765625,4692.10009765625,4695.5,1908
2026-08-24 23:15:00,4695.2001953125,4695.7998046875,4689.2998046875,4693.2998046875,2328
2026-08-24 23:30:00,4693.0,4697.5,4681.2001953125,4688.5,3946
2026-08-24 23:45:00,4688.89990234375,4699.0,4683.7001953125,4697.2998046875,2749
2026-08-25 00:00:00,4697.2001953125,4698.7001953125,4681.39990234375,4691.10009765625,2234
2026-08-25 00:15:00,4691.39990234375,4694.0,4687.7998046875,4693.0,710
2026-08-25 00:30:00,4692.7001953125,4697.0,4692.2001953125,4692.5,833
2026-08-25 00:45:00,4692.7001953125,4701.2001953125,4692.2001953125,4697.7001953125,862
2026-08-25 01:00:00,4697.60009765625,4702.2001953125,4696.2001953125,4701.39990234375,407
2026-08-25 01:15:00,4706.39990234375,4712.10009765625,4705.7001953125,4707.5,2444
2026-08-25 01:30:00,4707.89990234375,4711.5,4706.39990234375,4707.2001953125,1585
2026-08-25 01:45:00,4706.89990234375,4710.0,4705.0,4705.2998046875,759
2026-08-25 02:00:00,4705.60009765625,4706.2001953125,4703.5,4703.89990234375,184
2026-08-25 02:15:00,4704.39990234375,4710.0,4703.39990234375,4710.0,794
2026-08-25 03:30:00,4710.10009765625,4718.0,4708.39990234375,4715.60009765625,335
2026-08-25 03:45:00,4715.89990234375,4716.39990234375,4713.5,4714.2001953125,144
2026-08-25 04:00:00,4714.89990234375,4718.10009765625,4714.0,4718.0,293
2026-08-25 04:15:00,4718.2001953125,4725.60009765625,4717.7998046875,4724.5,679
2026-08-25 04:30:00,4724.60009765625,4729.39990234375,4723.0,4729.2001953125,719
2026-08-25 04:45:00,4729.2001953125,4733.7001953125,4726.0,4726.0,875
2026-08-25 05:00:00,4726.10009765625,4734.10009765625,4724.5,4734.0,946
2026-08-25 05:15:00,4733.7998046875,4740.60009765625,4732.0,4737.2001953125,1685
2026-08-25 05:30:00,4737.2998046875,4749.0,4732.7001953125,4747.7998046875,2731
2026-08-25 05:45:00,4747.7998046875,4748.89990234375,4733.7998046875,4739.7998046875,1449
2026-08-25 06:00:00,4740.0,4755.0,4739.10009765625,4751.2998046875,2444
2026-08-25 06:15:00,4751.5,4752.39990234375,4740.7001953125,4741.0,1373
2026-08-25 06:30:00,4740.7998046875,4743.2998046875,4727.60009765625,4735.0,2896
2026-08-25 06:45:00,4734.10009765625,4737.10009765625,4720.60009765625,4726.0,2413
2026-08-25 07:00:00,4726.60009765625,4731.2998046875,4723.2998046875,4726.7001953125,1781
2026-08-25 07:15:00,4726.89990234375,4732.5,4713.2001953125,4714.7001953125,2816
2026-08-25 07:30:00,4714.5,4718.2998046875,4694.2001953125,4698.10009765625,3860
2026-08-25 07:45:00,4697.7001953125,4713.0,4697.10009765625,4712.7998046875,1638
2026-08-25 08:00:00,4712.5,4712.89990234375,4686.7998046875,4686.7998046875,3483
2026-08-25 08:15:00,4687.2998046875,4693.7001953125,4670.5,4685.5,5121
2026-08-25 08:30:00,4685.7001953125,4693.7998046875,4678.10009765625,4689.5,2375
2026-08-25 08:45:00,4689.60009765625,4694.10009765625,4687.89990234375,4693.89990234375,835
2026-08-25 09:00:00,4693.0,4697.7001953125,4690.0,4690.10009765625,1065
2026-08-25 09:15:00,4690.10009765625,4691.60009765625,4687.2001953125,4688.2998046875,623
2026-08-25 09:30:00,4689.39990234375,4693.5,4686.39990234375,4693.2001953125,576
2026-08-25 09:45:00,4692.60009765625,4693.0,4684.60009765625,4686.7001953125,596
2026-08-25 10:00:00,4686.60009765625,4688.2998046875,4679.5,4681.60009765625,1215
2026-08-25 10:15:00,4681.39990234375,4684.10009765625,4679.89990234375,4681.10009765625,458
2026-08-25 10:30:00,4681.2998046875,4694.89990234375,4679.2998046875,4693.60009765625,1835
2026-08-25 10:45:00,4693.5,4704.0,4693.5,4702.39990234375,1771
2026-08-25 11:00:00,4702.5,4703.2998046875,4693.7001953125,4694.7001953125,1517
2026-08-25 11:15:00,4694.5,4701.5,4691.7001953125,4698.5,1337
2026-08-25 11:30:00,4698.39990234375,4706.60009765625,4697.0,4705.7001953125,1610
2026-08-25 11:45:00,4705.60009765625,4709.60009765625,4701.60009765625,4706.2998046875,1084
2026-08-25 12:00:00,4706.2001953125,4709.60009765625,4704.0,4704.0,879
2026-08-25 12:15:00,4704.2001953125,4705.7001953125,4693.0,4694.60009765625,1332
2026-08-25 12:30:00,4695.0,4698.2998046875,4692.7998046875,4696.2001953125,1140
2026-08-25 12:45:00,4695.7998046875,4700.2998046875,4690.5,4691.10009765625,1406
2026-08-25 13:00:00,4691.10009765625,4696.7001953125,4690.2001953125,4695.89990234375,1166
2026-08-25 13:15:00,4696.10009765625,4697.2001953125,4685.7998046875,4686.10009765625,2022
2026-08-25 13:30:00,4686.10009765625,4687.60009765625,4676.2998046875,4683.10009765625,2114
2026-08-25 13:45:00,4682.7998046875,4702.0,4682.2001953125,4689.10009765625,2676
2026-08-25 14:00:00,4689.10009765625,4691.5,4681.60009765625,4687.89990234375,1908
2026-08-25 14:15:00,4687.7001953125,4689.60009765625,4680.89990234375,4685.7001953125,918
2026-08-25 14:30:00,4685.7001953125,4689.0,4680.2998046875,4686.0,1065
2026-08-25 14:45:00,4686.2998046875,4689.10009765625,4681.2998046875,4681.7001953125,754
2026-08-25 15:00:00,4681.7998046875,4695.10009765625,4679.5,4692.7998046875,3079
2026-08-25 15:15:00,4692.89990234375,4698.10009765625,4691.2001953125,4691.7001953125,1382
2026-08-25 15:30:00,4691.60009765625,4694.0,4688.5,4690.39990234375,956
2026-08-25 15:45:00,4690.89990234375,4694.2998046875,4688.5,4689.39990234375,730
2026-08-25 16:00:00,4689.39990234375,4696.7001953125,4688.10009765625,4693.60009765625,815
2026-08-25 16:15:00,4693.7001953125,4698.2001953125,4692.89990234375,4695.0,729
2026-08-25 16:30:00,4694.7998046875,4698.7998046875,4691.89990234375,4696.2998046875,835
2026-08-25 16:45:00,4697.7998046875,4700.2001953125,4694.5,4697.2001953125,1723
2026-08-25 17:00:00,4697.10009765625,4701.2001953125,4696.2001953125,4696.60009765625,1209
2026-08-25 17:15:00,4696.7001953125,4703.5,4696.60009765625,4698.39990234375,1157
2026-08-25 17:30:00,4698.7001953125,4698.89990234375,4691.0,4694.7998046875,3050
2026-08-25 17:45:00,4694.60009765625,4695.10009765625,4687.2998046875,4692.7998046875,2521
2026-08-25 18:00:00,4692.7001953125,4696.0,4685.2998046875,4693.7001953125,1926
2026-08-25 18:15:00,4693.39990234375,4699.60009765625,4692.7998046875,4695.7001953125,1394
2026-08-25 18:30:00,4696.2998046875,4696.60009765625,4678.10009765625,4678.5,3981
2026-08-25 18:45:00,4678.10009765625,4683.2001953125,4663.39990234375,4664.7001953125,5417
2026-08-25 19:00:00,4665.10009765625,4678.7001953125,4664.2001953125,4667.7001953125,4044
2026-08-25 19:15:00,4667.60009765625,4673.0,4659.5,4671.39990234375,5251
2026-08-25 19:30:00,4671.2998046875,4682.39990234375,4668.7998046875,4678.2001953125,5782
2026-08-25 19:45:00,4678.7001953125,4684.5,4674.10009765625,4679.7998046875,2941
2026-08-25 20:00:00,4679.7001953125,4694.2001953125,4667.2998046875,4693.10009765625,5882
2026-08-25 20:15:00,4693.0,4696.0,4688.7998046875,4691.60009765625,2308
2026-08-25 20:30:00,4691.7998046875,4693.2998046875,4686.2998046875,4689.2001953125,1834
2026-08-25 20:45:00,4689.2998046875,4701.0,4685.10009765625,4695.7998046875,2935
2026-08-25 21:00:00,4696.0,4716.39990234375,4696.0,4713.2998046875,6396
2026-08-25 21:15:00,4713.2998046875,4714.10009765625,4705.89990234375,4709.5,2639
2026-08-25 21:30:00,4709.60009765625,4710.2001953125,4699.5,4701.39990234375,2624
2026-08-25 21:45:00,4701.2001953125,4703.7998046875,4694.60009765625,4698.0,2991
2026-08-25 22:00:00,4697.7998046875,4702.60009765625,4694.2998046875,4701.2001953125,2045
2026-08-25 22:15:00,4701.5,4703.7998046875,4697.7001953125,4700.7998046875,1624
2026-08-25 22:30:00,4700.60009765625,4700.60009765625,4691.2998046875,4694.7998046875,2103
2026-08-25 22:45:00,4695.2998046875,4702.39990234375,4691.7998046875,4694.2001953125,2952
2026-08-25 23:00:00,4694.2001953125,4701.7001953125,4693.5,4700.2001953125,1326
2026-08-25 23:15:00,4700.2001953125,4705.7998046875,4699.89990234375,4705.7998046875,1085
2026-08-25 23:30:00,4705.7998046875,4707.39990234375,4701.7001953125,4704.5,1002
2026-08-25 23:45:00,4704.10009765625,4707.60009765625,4703.2998046875,4706.7998046875,952
2026-08-26 00:00:00,4707.0,4707.2998046875,4702.7001953125,4706.0,729
2026-08-26 00:15:00,4706.0,4711.7998046875,4706.0,4711.39990234375,1020
2026-08-26 00:30:00,4711.39990234375,4720.0,4710.39990234375,4719.2001953125,2198
2026-08-26 00:45:00,4719.2998046875,4725.60009765625,4717.0,4717.89990234375,1644
2026-08-26 01:00:00,4718.0,4721.89990234375,4714.7001953125,4719.0,1422
2026-08-26 01:15:00,4718.7998046875,4724.2998046875,4717.10009765625,4723.39990234375,2024
2026-08-26 01:30:00,4723.2998046875,4726.0,4719.7001953125,4722.7001953125,1301
2026-08-26 01:45:00,4722.89990234375,4724.89990234375,4719.0,4719.5,578
2026-08-26 02:00:00,4719.7001953125,4721.2001953125,4717.2998046875,4718.39990234375,474
2026-08-26 02:15:00,4718.7998046875,4719.39990234375,4714.10009765625,4715.89990234375,611
2026-08-26 03:30:00,4715.7001953125,4722.2998046875,4712.10009765625,4721.7001953125,218
2026-08-26 03:45:00,4721.60009765625,4724.2998046875,4721.60009765625,4723.89990234375,493
2026-08-26 04:00:00,4723.7998046875,4727.7998046875,4723.7998046875,4727.2001953125,497
2026-08-26 04:15:00,4727.2001953125,4730.89990234375,4727.2001953125,4729.7001953125,526
2026-08-26 04:30:00,4729.7001953125,4730.60009765625,4724.0,4725.10009765625,502
2026-08-26 04:45:00,4725.0,4725.10009765625,4717.5,4718.2998046875,691
2026-08-26 05:00:00,4718.5,4718.7998046875,4712.7998046875,4713.5,687
2026-08-26 05:15:00,4713.10009765625,4716.0,4710.2998046875,4712.10009765625,707
2026-08-26 05:30:00,4711.89990234375,4715.2001953125,4707.39990234375,4708.39990234375,1005
2026-08-26 05:45:00,4708.2998046875,4712.2998046875,4700.10009765625,4703.7001953125,1040
2026-08-26 06:00:00,4704.2001953125,4707.2001953125,4693.10009765625,4694.10009765625,1696
2026-08-26 06:15:00,4694.0,4695.7001953125,4691.10009765625,4694.2001953125,1177
2026-08-26 06:30:00,4694.60009765625,4704.7001953125,4686.2001953125,4700.7998046875,2700
2026-08-26 06:45:00,4701.5,4707.10009765625,4700.0,4700.2998046875,1554
2026-08-26 07:00:00,4700.2998046875,4703.89990234375,4695.60009765625,4701.10009765625,1618
2026-08-26 07:15:00,4702.10009765625,4717.7001953125,4700.10009765625,4713.7998046875,1616
2026-08-26 07:30:00,4713.60009765625,4718.5,4711.60009765625,4717.0,1028
2026-08-26 07:45:00,4717.0,4718.7001953125,4712.60009765625,4715.5,787
2026-08-26 08:00:00,4715.39990234375,4728.0,4714.5,4724.2998046875,1948
2026-08-26 08:15:00,4724.2001953125,4726.0,4714.89990234375,4715.2001953125,766
2026-08-26 08:30:00,4715.39990234375,4715.89990234375,4704.2001953125,4705.2998046875,1428
2026-08-26 08:45:00,4705.10009765625,4708.10009765625,4702.39990234375,4707.2998046875,1106
2026-08-26 09:00:00,4707.2001953125,4708.39990234375,4702.2998046875,4702.5,730
2026-08-26 09:15:00,4702.2998046875,4702.39990234375,4699.60009765625,4701.10009765625,589
2026-08-26 09:30:00,4699.7998046875,4701.2001953125,4698.89990234375,4699.60009765625,382
2026-08-26 09:45:00,4699.7001953125,4700.5,4698.2001953125,4699.2001953125,407
2026-08-26 10:00:00,4699.39990234375,4700.39990234375,4696.39990234375,4697.60009765625,548
2026-08-26 10:15:00,4697.89990234375,4698.7998046875,4695.7001953125,4697.60009765625,561
2026-08-26 10:30:00,4697.5,4702.7998046875,4697.2998046875,4700.2001953125,859
2026-08-26 10:45:00,4700.2001953125,4702.2001953125,4698.39990234375,4700.2001953125,457
2026-08-26 11:00:00,4700.39990234375,4706.2998046875,4694.7001953125,4695.0,1390
2026-08-26 11:15:00,4694.60009765625,4697.2998046875,4692.2001953125,4696.2998046875,749
2026-08-26 11:30:00,4696.2001953125,4698.0,4692.60009765625,4694.2001953125,775
2026-08-26 11:45:00,4694.2001953125,4694.2001953125,4681.10009765625,4683.39990234375,1677
2026-08-26 12:00:00,4683.39990234375,4691.2001953125,4682.60009765625,4690.2001953125,1167
2026-08-26 12:15:00,4690.10009765625,4693.2998046875,4687.10009765625,4690.60009765625,1025
2026-08-26 12:30:00,4690.60009765625,4695.7001953125,4689.2998046875,4693.0,1150
2026-08-26 12:45:00,4692.7001953125,4694.2998046875,4686.89990234375,4687.5,808
2026-08-26 13:00:00,4687.60009765625,4693.0,4685.10009765625,4688.2998046875,910
2026-08-26 13:15:00,4688.39990234375,4691.2001953125,4682.60009765625,4685.10009765625,1183
2026-08-26 13:30:00,4684.89990234375,4686.7001953125,4681.39990234375,4681.5,993
2026-08-26 13:45:00,4681.2998046875,4685.10009765625,4677.2998046875,4684.89990234375,1334
2026-08-26 14:00:00,4685.2001953125,4686.39990234375,4680.60009765625,4685.0,688
2026-08-26 14:15:00,4684.7998046875,4685.39990234375,4681.2998046875,4683.7001953125,640
2026-08-26 14:30:00,4684.0,4687.0,4679.2001953125,4680.39990234375,1761
2026-08-26 14:45:00,4680.2998046875,4680.7001953125,4671.2998046875,4672.39990234375,2196
2026-08-26 15:00:00,4672.10009765625,4678.10009765625,4672.0,4678.0,945
2026-08-26 15:15:00,4677.7001953125,4681.60009765625,4677.7001953125,4679.5,766
2026-08-26 15:30:00,4679.60009765625,4680.0,4673.89990234375,4675.10009765625,618
2026-08-26 15:45:00,4674.89990234375,4676.7998046875,4668.7998046875,4670.7998046875,1556
2026-08-26 16:00:00,4671.2001953125,4680.10009765625,4670.7001953125,4678.2998046875,931
2026-08-26 16:15:00,4678.39990234375,4679.89990234375,4674.60009765625,4675.89990234375,617
2026-08-26 16:30:00,4676.2998046875,4677.89990234375,4672.60009765625,4674.10009765625,1039
2026-08-26 16:45:00,4674.39990234375,4678.7998046875,4672.10009765625,4676.0,1312
2026-08-26 17:00:00,4676.39990234375,4678.89990234375,4673.0,4674.5,816
2026-08-26 17:15:00,4674.5,4681.0,4672.39990234375,4680.2998046875,888
2026-08-26 17:30:00,4680.60009765625,4685.60009765625,4679.39990234375,4681.2001953125,1949
2026-08-26 17:45:00,4681.2998046875,4686.60009765625,4680.0,4686.60009765625,2008
2026-08-26 18:00:00,4686.60009765625,4690.0,4666.89990234375,4677.7001953125,5999
2026-08-26 18:15:00,4677.60009765625,4681.7001953125,4666.0,4669.5,3191
2026-08-26 18:30:00,4670.0,4676.89990234375,4662.60009765625,4666.2998046875,5672
2026-08-26 18:45:00,4666.2001953125,4669.7998046875,4653.2998046875,4666.5,5753
2026-08-26 19:00:00,4666.7001953125,4678.2998046875,4665.5,4675.0,4311
2026-08-26 19:15:00,4675.0,4687.0,4673.39990234375,4686.60009765625,4433
2026-08-26 19:30:00,4686.7001953125,4688.60009765625,4675.0,4676.10009765625,3417
2026-08-26 19:45:00,4676.2001953125,4682.7998046875,4672.0,4672.5,2312
2026-08-26 20:00:00,4672.39990234375,4678.89990234375,4668.60009765625,4677.89990234375,2283
2026-08-26 20:15:00,4677.89990234375,4678.7998046875,4658.0,4658.2001953125,4447
2026-08-26 20:30:00,4658.5,4660.7998046875,4642.60009765625,4644.0,8071
2026-08-26 20:45:00,4644.0,4653.7001953125,4638.2001953125,4650.39990234375,5343
2026-08-26 21:00:00,4650.0,4660.2998046875,4649.89990234375,4660.2001953125,2223
2026-08-26 21:15:00,4660.39990234375,4664.60009765625,4651.39990234375,4651.39990234375,3383
2026-08-26 21:30:00,4651.60009765625,4656.7998046875,4645.89990234375,4655.2001953125,3270
2026-08-26 21:45:00,4655.39990234375,4655.7998046875,4648.7998046875,4649.89990234375,3864
2026-08-26 22:00:00,4650.2001953125,4651.5,4640.7998046875,4643.7001953125,2720
2026-08-26 22:15:00,4643.2998046875,4652.5,4643.2998046875,4647.10009765625,1882
2026-08-26 22:30:00,4647.10009765625,4651.60009765625,4645.89990234375,4650.2001953125,1108
2026-08-26 22:45:00,4650.2998046875,4654.2998046875,4648.7998046875,4653.39990234375,2493
2026-08-26 23:00:00,4653.2001953125,4657.60009765625,4651.0,4652.60009765625,1718
2026-08-26 23:15:00,4652.5,4654.60009765625,4649.39990234375,4653.2001953125,819
2026-08-26 23:30:00,4653.10009765625,4660.2998046875,4652.2998046875,4655.89990234375,1566
2026-08-26 23:45:00,4656.0,4656.2001953125,4648.0,4650.2001953125,1383
2026-08-27 00:00:00,4649.89990234375,4652.60009765625,4647.5,4652.0,1052
2026-08-27 00:15:00,4651.60009765625,4653.0,4648.2998046875,4648.5,791
2026-08-27 00:30:00,4648.7998046875,4650.39990234375,4645.7001953125,4649.10009765625,685
2026-08-27 00:45:00,4649.10009765625,4653.7001953125,4645.7998046875,4653.10009765625,931
2026-08-27 01:00:00,4653.2001953125,4656.2998046875,4649.0,4650.2001953125,802
2026-08-27 01:15:00,4650.5,4651.10009765625,4647.0,4648.89990234375,1090
2026-08-27 01:30:00,4649.0,4651.39990234375,4646.0,4646.0,499
2026-08-27 01:45:00,4646.39990234375,4646.7001953125,4638.60009765625,4645.89990234375,739
2026-08-27 02:00:00,4645.7998046875,4648.39990234375,4645.0,4646.39990234375,245
2026-08-27 02:15:00,4646.60009765625,4649.7001953125,4646.5,4647.7998046875,255
2026-08-27 03:30:00,4650.0,4660.0,4648.10009765625,4656.60009765625,254
2026-08-27 03:45:00,4657.0,4667.7001953125,4656.2001953125,4665.10009765625,926
2026-08-27 04:00:00,4665.2001953125,4666.0,4663.10009765625,4665.0,376
2026-08-27 04:15:00,4665.2998046875,4666.2001953125,4660.7001953125,4663.2998046875,663
2026-08-27 04:30:00,4663.2001953125,4669.5,4660.89990234375,4669.5,863
2026-08-27 04:45:00,4669.10009765625,4676.10009765625,4668.2001953125,4673.7001953125,1135
2026-08-27 05:00:00,4674.10009765625,4678.7001953125,4672.0,4676.7998046875,591
2026-08-27 05:15:00,4676.2998046875,4678.89990234375,4674.7001953125,4677.5,1043
2026-08-27 05:30:00,4677.89990234375,4681.0,4670.2998046875,4672.0,1019
2026-08-27 05:45:00,4671.7001953125,4675.2998046875,4667.39990234375,4673.10009765625,853
2026-08-27 06:00:00,4673.0,4673.0,4659.39990234375,4660.39990234375,1772
2026-08-27 06:15:00,4660.5,4665.2998046875,4654.5,4659.2001953125,1182
2026-08-27 06:30:00,4658.89990234375,4679.10009765625,4656.2001953125,4678.89990234375,1911
2026-08-27 06:45:00,4679.10009765625,4679.5,4671.2001953125,4672.7998046875,1349
2026-08-27 07:00:00,4672.7001953125,4686.0,4672.39990234375,4678.39990234375,2076
2026-08-27 07:15:00,4678.39990234375,4695.39990234375,4678.2998046875,4694.60009765625,2143
2026-08-27 07:30:00,4694.60009765625,4697.7001953125,4692.60009765625,4695.39990234375,1449
2026-08-27 07:45:00,4695.0,4695.2001953125,4687.39990234375,4687.89990234375,1234
2026-08-27 08:00:00,4687.7998046875,4688.39990234375,4678.10009765625,4681.60009765625,1891
2026-08-27 08:15:00,4681.7998046875,4685.89990234375,4678.89990234375,4683.7001953125,840
2026-08-27 08:30:00,4683.7998046875,4689.7001953125,4682.89990234375,4689.0,737
2026-08-27 08:45:00,4688.7001953125,4693.10009765625,4687.39990234375,4690.0,520
2026-08-27 09:00:00,4690.0,4690.2998046875,4683.39990234375,4684.0,586
2026-08-27 09:15:00,4683.7001953125,4684.39990234375,4678.7998046875,4679.0,459
2026-08-27 09:30:00,4679.7001953125,4681.7998046875,4678.7998046875,4679.7998046875,412
2026-08-27 09:45:00,4679.60009765625,4681.60009765625,4675.0,4675.0,599
2026-08-27 10:00:00,4674.89990234375,4675.2998046875,4671.39990234375,4673.39990234375,631
2026-08-27 10:15:00,4673.2998046875,4675.0,4671.89990234375,4673.0,692
2026-08-27 10:30:00,4673.2998046875,4675.7001953125,4670.60009765625,4673.89990234375,611
2026-08-27 10:45:00,4674.0,4675.7998046875,4670.7998046875,4671.2001953125,672
2026-08-27 11:00:00,4671.10009765625,4673.89990234375,4658.7001953125,4659.7001953125,2479
2026-08-27 11:15:00,4659.5,4663.89990234375,4655.0,4661.2001953125,2255
2026-08-27 11:30:00,4661.0,4661.5,4653.2998046875,4660.0,2802
2026-08-27 11:45:00,4659.39990234375,4664.2001953125,4657.60009765625,4664.2001953125,1266
2026-08-27 12:00:00,4664.39990234375,4665.7001953125,4658.60009765625,4661.5,1009
2026-08-27 12:15:00,4661.60009765625,4663.5,4651.7001953125,4654.2998046875,1809
2026-08-27 12:30:00,4654.2998046875,4659.7001953125,4652.60009765625,4657.7001953125,1325
2026-08-27 12:45:00,4657.5,4657.5,4647.2001953125,4653.2998046875,1934
2026-08-27 13:00:00,4653.39990234375,4655.10009765625,4648.7001953125,4651.5,896
2026-08-27 13:15:00,4651.7998046875,4656.2998046875,4649.39990234375,4653.39990234375,790
2026-08-27 13:30:00,4654.0,4660.5,4653.2001953125,4656.7998046875,1056
2026-08-27 13:45:00,4657.2001953125,4659.7998046875,4653.60009765625,4654.7001953125,814
2026-08-27 14:00:00,4654.5,4655.2998046875,4647.89990234375,4649.2001953125,985
2026-08-27 14:15:00,4649.2001953125,4655.5,4648.89990234375,4652.2998046875,700
2026-08-27 14:30:00,4652.2998046875,4653.7998046875,4646.60009765625,4648.7001953125,894
2026-08-27 14:45:00,4649.0,4652.5,4646.7998046875,4650.7001953125,1712
2026-08-27 15:00:00,4650.89990234375,4652.10009765625,4631.0,4635.60009765625,4570
2026-08-27 15:15:00,4635.39990234375,4639.0,4631.7001953125,4633.2001953125,1770
2026-08-27 15:30:00,4632.89990234375,4634.7001953125,4618.89990234375,4634.39990234375,3974
2026-08-27 15:45:00,4634.0,4636.2001953125,4629.89990234375,4633.2001953125,1295
2026-08-27 16:00:00,4632.89990234375,4639.10009765625,4628.89990234375,4638.60009765625,1130
2026-08-27 16:15:00,4638.60009765625,4643.60009765625,4638.39990234375,4643.0,1217
2026-08-27 16:30:00,4643.10009765625,4645.7001953125,4640.2001953125,4645.5,658
2026-08-27 16:45:00,4645.39990234375,4650.2001953125,4644.2001953125,4647.39990234375,1622
2026-08-27 17:00:00,4647.89990234375,4653.0,4647.10009765625,4651.0,2050
2026-08-27 17:15:00,4651.0,4653.7001953125,4647.89990234375,4652.2998046875,2539
2026-08-27 17:30:00,4652.0,4654.7001953125,4646.0,4646.10009765625,1780
2026-08-27 17:45:00,4646.0,4654.10009765625,4645.0,4650.0,2208
2026-08-27 18:00:00,4650.60009765625,4651.0,4640.7001953125,4641.0,2340
2026-08-27 18:15:00,4641.0,4641.60009765625,4633.7001953125,4639.2998046875,1777
2026-08-27 18:30:00,4639.2001953125,4644.0,4633.0,4638.5,1989
2026-08-27 18:45:00,4638.2001953125,4646.39990234375,4636.0,4643.10009765625,2352
2026-08-27 19:00:00,4643.0,4646.0,4624.5,4631.2998046875,4740
2026-08-27 19:15:00,4630.7001953125,4635.89990234375,4616.0,4625.89990234375,5042
2026-08-27 19:30:00,4625.60009765625,4632.7998046875,4621.7001953125,4627.60009765625,3969
2026-08-27 19:45:00,4627.0,4637.89990234375,4627.0,4634.60009765625,2967
2026-08-27 20:00:00,4634.39990234375,4651.5,4634.39990234375,4648.7998046875,4581
2026-08-27 20:15:00,4648.89990234375,4652.0,4641.89990234375,4645.10009765625,2252
2026-08-27 20:30:00,4645.0,4649.5,4644.89990234375,4646.5,1295
2026-08-27 20:45:00,4646.60009765625,4651.89990234375,4642.7001953125,4646.89990234375,1386
2026-08-27 21:00:00,4646.89990234375,4660.0,4646.10009765625,4655.5,2962
2026-08-27 21:15:00,4655.7001953125,4665.5,4654.2998046875,4664.5,2254
2026-08-27 21:30:00,4664.7001953125,4666.89990234375,4658.7001953125,4658.89990234375,1705
2026-08-27 21:45:00,4658.89990234375,4662.60009765625,4656.5,4662.0,1136
2026-08-27 22:00:00,4661.7998046875,4667.10009765625,4660.0,4665.7001953125,1768
2026-08-27 22:15:00,4665.60009765625,4670.89990234375,4664.2998046875,4669.2998046875,1962
2026-08-27 22:30:00,4669.2001953125,4670.7001953125,4662.7001953125,4664.5,1258
2026-08-27 22:45:00,4664.39990234375,4666.2001953125,4662.5,4664.2998046875,1392
2026-08-27 23:00:00,4664.5,4668.39990234375,4662.39990234375,4665.39990234375,954
2026-08-27 23:15:00,4665.5,4665.89990234375,4659.10009765625,4660.39990234375,1229
2026-08-27 23:30:00,4660.60009765625,4662.10009765625,4655.89990234375,4659.2001953125,1143
2026-08-27 23:45:00,4659.60009765625,4662.0,4655.2001953125,4655.2998046875,749
2026-08-28 00:00:00,4655.2998046875,4659.0,4654.7001953125,4658.2998046875,498
2026-08-28 00:15:00,4658.39990234375,4665.2001953125,4658.2001953125,4664.2998046875,971
2026-08-28 00:30:00,4664.7001953125,4672.39990234375,4664.60009765625,4669.89990234375,1258
2026-08-28 00:45:00,4670.39990234375,4670.39990234375,4658.2998046875,4660.0,1130
2026-08-28 01:00:00,4659.7998046875,4664.2001953125,4658.60009765625,4663.60009765625,535
2026-08-28 01:15:00,4663.7001953125,4666.39990234375,4658.7998046875,4662.7001953125,1004
2026-08-28 01:30:00,4662.7998046875,4663.60009765625,4657.5,4658.7001953125,440
2026-08-28 01:45:00,4658.5,4659.2998046875,4656.60009765625,4657.2998046875,145
2026-08-28 02:00:00,4657.5,4658.2998046875,4655.5,4657.7001953125,153
2026-08-28 02:15:00,4657.89990234375,4658.60009765625,4653.7998046875,4654.7998046875,526
2026-08-28 03:30:00,4656.0,4660.89990234375,4653.89990234375,4657.89990234375,116
2026-08-28 03:45:00,4658.39990234375,4662.0,4657.60009765625,4661.0,395
2026-08-28 04:00:00,4661.39990234375,4663.39990234375,4660.0,4661.10009765625,467
2026-08-28 04:15:00,4660.89990234375,4664.10009765625,4659.7998046875,4664.10009765625,354
2026-08-28 04:30:00,4664.0,4664.7998046875,4656.10009765625,4656.10009765625,851
2026-08-28 04:45:00,4655.7998046875,4656.7998046875,4652.89990234375,4654.39990234375,341
2026-08-28 05:00:00,4654.39990234375,4655.2001953125,4651.5,4652.7998046875,673
2026-08-28 05:15:00,4652.5,4652.89990234375,4647.2998046875,4647.60009765625,561
2026-08-28 05:30:00,4647.7998046875,4655.7001953125,4646.5,4653.5,807
2026-08-28 05:45:00,4653.7998046875,4654.10009765625,4643.7998046875,4647.10009765625,754
2026-08-28 06:00:00,4647.2998046875,4647.2998046875,4640.7001953125,4643.7998046875,594
2026-08-28 06:15:00,4643.5,4644.10009765625,4638.5,4641.2001953125,688
2026-08-28 06:30:00,4642.39990234375,4655.39990234375,4639.39990234375,4647.2998046875,1567
2026-08-28 06:45:00,4647.5,4651.0,4637.0,4638.7998046875,1204
2026-08-28 07:00:00,4638.89990234375,4642.10009765625,4631.2001953125,4635.10009765625,1345
2026-08-28 07:15:00,4634.7001953125,4636.0,4628.10009765625,4628.89990234375,1183
2026-08-28 07:30:00,4628.60009765625,4635.39990234375,4628.0,4634.10009765625,709
2026-08-28 07:45:00,4633.7001953125,4637.60009765625,4631.39990234375,4636.2998046875,533
2026-08-28 08:00:00,4636.39990234375,4642.39990234375,4635.89990234375,4637.7998046875,699
2026-08-28 08:15:00,4637.89990234375,4639.7998046875,4634.89990234375,4638.89990234375,571
2026-08-28 08:30:00,4638.7001953125,4640.89990234375,4635.0,4637.10009765625,432
2026-08-28 08:45:00,4636.7998046875,4642.2998046875,4636.7998046875,4640.60009765625,610
2026-08-28 09:00:00,4640.5,4640.5,4633.39990234375,4634.10009765625,459
2026-08-28 09:15:00,4634.0,4634.0,4630.89990234375,4631.39990234375,285
2026-08-28 09:30:00,4632.2998046875,4632.89990234375,4630.2001953125,4631.60009765625,383
2026-08-28 09:45:00,4631.2001953125,4637.5,4630.7998046875,4636.7998046875,570
2026-08-28 10:00:00,4636.5,4636.5,4630.0,4632.0,360
2026-08-28 10:15:00,4632.0,4637.5,4630.2001953125,4636.39990234375,301
2026-08-28 10:30:00,4636.7001953125,4637.2998046875,4630.2998046875,4632.2998046875,424
2026-08-28 10:45:00,4631.89990234375,4638.60009765625,4631.39990234375,4636.39990234375,520
2026-08-28 11:00:00,4636.2001953125,4636.2001953125,4623.0,4625.0,1469
2026-08-28 11:15:00,4624.89990234375,4629.5,4623.7998046875,4625.5,539
2026-08-28 11:30:00,4625.7001953125,4636.0,4624.5,4634.2998046875,986
2026-08-28 11:45:00,4634.10009765625,4638.10009765625,4633.0,4637.2998046875,758
2026-08-28 12:00:00,4637.10009765625,4640.89990234375,4635.60009765625,4640.60009765625,1031
2026-08-28 12:15:00,4640.7998046875,4666.2001953125,4640.7001953125,4665.5,3333
2026-08-28 12:30:00,4665.39990234375,4666.39990234375,4648.7001953125,4653.5,2531
2026-08-28 12:45:00,4653.2998046875,4662.89990234375,4652.10009765625,4659.89990234375,1225
2026-08-28 13:00:00,4660.39990234375,4667.39990234375,4660.10009765625,4662.2998046875,1266
2026-08-28 13:15:00,4662.10009765625,4666.60009765625,4660.39990234375,4665.0,1217
2026-08-28 13:30:00,4664.89990234375,4667.7001953125,4663.2001953125,4665.10009765625,841
2026-08-28 13:45:00,4665.2998046875,4665.5,4661.2998046875,4662.2998046875,923
2026-08-28 14:00:00,4662.7001953125,4665.10009765625,4657.0,4657.10009765625,791
2026-08-28 14:15:00,4657.10009765625,4659.89990234375,4654.2998046875,4656.2998046875,1217
2026-08-28 14:30:00,4656.39990234375,4657.89990234375,4654.2998046875,4655.2998046875,493
2026-08-28 14:45:00,4655.0,4657.7001953125,4653.5,4655.5,802
2026-08-28 15:00:00,4655.2001953125,4658.7001953125,4654.60009765625,4657.7001953125,1017
2026-08-28 15:15:00,4657.60009765625,4661.39990234375,4656.7001953125,4658.7001953125,592
2026-08-28 15:30:00,4658.7998046875,4662.7998046875,4657.0,4662.2001953125,652
2026-08-28 15:45:00,4662.39990234375,4663.5,4655.0,4658.5,1133
2026-08-28 16:00:00,4658.7001953125,4661.2001953125,4655.0,4656.0,532
2026-08-28 16:15:00,4655.7998046875,4656.5,4650.2998046875,4653.10009765625,1033
2026-08-28 16:30:00,4653.10009765625,4654.2001953125,4647.7001953125,4651.2998046875,1299
2026-08-28 16:45:00,4651.2998046875,4653.89990234375,4650.2001953125,4651.39990234375,565
2026-08-28 17:00:00,4651.39990234375,4653.39990234375,4643.60009765625,4647.2001953125,1884
2026-08-28 17:15:00,4647.0,4648.60009765625,4644.0,4645.60009765625,697
2026-08-28 17:30:00,4645.60009765625,4649.2998046875,4643.2001953125,4646.89990234375,1246
2026-08-28 17:45:00,4647.0,4656.39990234375,4644.5,4654.5,1675
2026-08-28 18:00:00,4654.2998046875,4655.0,4641.2001953125,4644.10009765625,2225
2026-08-28 18:15:00,4644.10009765625,4655.2001953125,4642.60009765625,4654.10009765625,1685
2026-08-28 18:30:00,4654.2001953125,4657.7001953125,4648.60009765625,4651.2998046875,2277
2026-08-28 18:45:00,4651.5,4656.7001953125,4645.89990234375,4656.2998046875,2164
2026-08-28 19:00:00,4656.10009765625,4660.2998046875,4651.10009765625,4657.0,2627
2026-08-28 19:15:00,4657.2998046875,4680.7998046875,4655.2001953125,4657.5,5900
2026-08-28 19:30:00,4657.39990234375,4688.0,4594.60009765625,4597.5,31938
2026-08-28 19:45:00,4597.7001953125,4620.5,4580.2001953125,4603.2001953125,21800
2026-08-28 20:00:00,4603.5,4629.2001953125,4603.0,4613.2001953125,12727
2026-08-28 20:15:00,4613.10009765625,4633.0,4601.7001953125,4629.0,8631
2026-08-28 20:30:00,4629.2998046875,4636.10009765625,4609.5,4611.60009765625,9570
2026-08-28 20:45:00,4611.7001953125,4620.7001953125,4603.5,4618.7998046875,7109
2026-08-28 21:00:00,4619.0,4619.7001953125,4586.5,4590.7998046875,7501
2026-08-28 21:15:00,4591.60009765625,4598.10009765625,4574.7998046875,4575.7001953125,10219
2026-08-28 21:30:00,4575.89990234375,4580.89990234375,4548.0,4549.2998046875,12985
2026-08-28 21:45:00,4549.10009765625,4555.0,4515.2998046875,4531.60009765625,17713
2026-08-28 22:00:00,4531.60009765625,4538.2998046875,4516.7001953125,4519.60009765625,8956
2026-08-28 22:15:00,4519.7998046875,4535.89990234375,4519.5,4529.89990234375,4465
2026-08-28 22:30:00,4530.10009765625,4533.60009765625,4521.89990234375,4531.2998046875,4298
2026-08-28 22:45:00,4531.2998046875,4537.2001953125,4525.39990234375,4528.39990234375,6505
2026-08-28 23:00:00,4528.5,4532.10009765625,4510.5,4517.5,5203
2026-08-28 23:15:00,4517.2998046875,4526.10009765625,4516.7001953125,4519.7001953125,4376
2026-08-28 23:30:00,4519.7001953125,4521.89990234375,4509.5,4511.10009765625,5140
2026-08-28 23:45:00,4511.10009765625,4513.5,4502.39990234375,4506.2001953125,4791
2026-08-29 00:00:00,4505.89990234375,4508.5,4495.0,4501.0,4011
2026-08-29 00:15:00,4500.5,4507.89990234375,4498.0,4506.5,1656
2026-08-29 00:30:00,4506.5,4512.60009765625,4502.39990234375,4506.7001953125,2486
2026-08-29 00:45:00,4506.5,4513.2001953125,4504.7001953125,4512.0,1198
2026-08-29 01:00:00,4511.60009765625,4517.2001953125,4510.7998046875,4514.60009765625,1876
2026-08-29 01:15:00,4514.39990234375,4514.39990234375,4502.2998046875,4507.89990234375,2743
2026-08-29 01:30:00,4507.89990234375,4512.2998046875,4504.89990234375,4507.5,1399
2026-08-29 01:45:00,4507.7001953125,4510.2001953125,4503.2001953125,4507.39990234375,412
2026-08-29 02:00:00,4507.5,4507.5,4503.39990234375,4506.60009765625,458
2026-08-29 02:15:00,4507.0,4529.89990234375,4502.7001953125,4529.89990234375,882
2026-08-31 03:30:00,4506.2998046875,4510.0,4505.0,4509.2001953125,561
2026-08-31 03:45:00,4508.7998046875,4515.89990234375,4506.2001953125,4509.2001953125,1991
2026-08-31 04:00:00,4509.0,4512.0,4502.2001953125,4507.2998046875,1116
2026-08-31 04:15:00,4507.2001953125,4512.0,4506.39990234375,4510.89990234375,643
2026-08-31 04:30:00,4510.7998046875,4516.60009765625,4508.7998046875,4509.7998046875,841
2026-08-31 04:45:00,4509.89990234375,4514.39990234375,4503.89990234375,4506.7998046875,1126
2026-08-31 05:00:00,4506.39990234375,4507.0,4495.7001953125,4496.5,1286
2026-08-31 05:15:00,4496.2001953125,4509.60009765625,4485.2001953125,4507.7998046875,2396
2026-08-31 05:30:00,4507.7998046875,4512.89990234375,4502.39990234375,4511.2998046875,1603
2026-08-31 05:45:00,4511.0,4514.60009765625,4501.39990234375,4505.7001953125,885
2026-08-31 06:00:00,4506.2001953125,4521.5,4506.2001953125,4514.5,1499
2026-08-31 06:15:00,4514.5,4518.2998046875,4505.5,4505.7001953125,1114
2026-08-31 06:30:00,4505.7998046875,4512.39990234375,4485.2998046875,4493.2998046875,4457
2026-08-31 06:45:00,4492.7998046875,4503.5,4491.7998046875,4493.5,1723
2026-08-31 07:00:00,4493.0,4503.10009765625,4485.60009765625,4500.2001953125,1970
2026-08-31 07:15:00,4500.2001953125,4501.89990234375,4485.0,4489.60009765625,2086
2026-08-31 07:30:00,4489.10009765625,4490.7001953125,4466.0,4474.0,4993
2026-08-31 07:45:00,4473.89990234375,4477.2001953125,4467.5,4472.39990234375,1418
2026-08-31 08:00:00,4472.10009765625,4475.7001953125,4451.2001953125,4452.10009765625,4314
2026-08-31 08:15:00,4452.10009765625,4472.39990234375,4445.60009765625,4472.2998046875,2818
2026-08-31 08:30:00,4472.2998046875,4477.7998046875,4471.10009765625,4477.7998046875,1449
2026-08-31 08:45:00,4478.0,4483.60009765625,4476.0,4477.2998046875,1604
2026-08-31 09:00:00,4477.2001953125,4477.2998046875,4469.5,4472.2998046875,952
2026-08-31 09:15:00,4472.5,4476.7998046875,4471.10009765625,4472.0,558
2026-08-31 09:30:00,4472.2998046875,4472.5,4466.39990234375,4471.10009765625,1349
2026-08-31 09:45:00,4471.2001953125,4471.2998046875,4465.5,4465.5,544
2026-08-31 10:00:00,4465.5,4471.89990234375,4462.5,4469.89990234375,920
2026-08-31 10:15:00,4470.10009765625,4475.0,4468.60009765625,4474.60009765625,657
2026-08-31 10:30:00,4474.60009765625,4477.0,4469.2001953125,4473.0,1046
2026-08-31 10:45:00,4472.60009765625,4490.5,4472.0,4489.89990234375,1174
2026-08-31 11:00:00,4490.2998046875,4491.89990234375,4480.39990234375,4486.60009765625,1429
2026-08-31 11:15:00,4487.10009765625,4493.5,4483.89990234375,4492.7001953125,1356
2026-08-31 11:30:00,4492.7001953125,4493.0,4478.89990234375,4482.0,1192
2026-08-31 11:45:00,4482.2998046875,4489.0,4481.2001953125,4486.0,1504
2026-08-31 12:00:00,4485.7001953125,4491.10009765625,4481.2998046875,4489.5,869
2026-08-31 12:15:00,4489.5,4493.0,4486.7001953125,4489.39990234375,706
2026-08-31 12:30:00,4489.2001953125,4491.60009765625,4485.5,4485.89990234375,783
2026-08-31 12:45:00,4486.0,4498.5,4485.0,4494.10009765625,1950
2026-08-31 13:00:00,4494.10009765625,4497.2998046875,4491.2998046875,4496.7001953125,951
2026-08-31 13:15:00,4496.89990234375,4498.2001953125,4490.89990234375,4493.2998046875,773
2026-08-31 13:30:00,4493.2998046875,4499.7001953125,4487.10009765625,4489.10009765625,1247
2026-08-31 13:45:00,4489.0,4491.39990234375,4486.2001953125,4490.5,819
2026-08-31 14:00:00,4490.2001953125,4490.2001953125,4484.39990234375,4485.5,589
2026-08-31 14:15:00,4485.39990234375,4487.0,4483.89990234375,4485.60009765625,732
2026-08-31 14:30:00,4485.7998046875,4493.10009765625,4485.7001953125,4493.10009765625,1099
2026-08-31 14:45:00,4493.2998046875,4494.5,4488.0,4489.5,546
2026-08-31 15:00:00,4489.60009765625,4495.2001953125,4489.2998046875,4493.7001953125,787
2026-08-31 15:15:00,4493.7001953125,4496.0,4491.7998046875,4496.0,493
2026-08-31 15:30:00,4495.89990234375,4504.2001953125,4495.2001953125,4502.0,1325
2026-08-31 15:45:00,4502.39990234375,4502.7998046875,4496.7998046875,4499.10009765625,826
2026-08-31 16:00:00,4499.2001953125,4502.89990234375,4498.5,4501.7001953125,745
2026-08-31 16:15:00,4501.89990234375,4506.7001953125,4500.2001953125,4504.5,963
2026-08-31 16:30:00,4504.60009765625,4508.39990234375,4503.7998046875,4504.39990234375,790
2026-08-31 16:45:00,4504.5,4514.89990234375,4503.10009765625,4514.10009765625,1346
2026-08-31 17:00:00,4514.10009765625,4514.89990234375,4504.5,4505.2998046875,1455
2026-08-31 17:15:00,4505.7001953125,4507.10009765625,4503.2001953125,4506.2001953125,906
2026-08-31 17:30:00,4506.10009765625,4511.89990234375,4500.7998046875,4508.2001953125,2772
2026-08-31 17:45:00,4508.2998046875,4509.7001953125,4497.7998046875,4498.7001953125,2108
2026-08-31 18:00:00,4498.39990234375,4500.89990234375,4489.7998046875,4491.60009765625,2801
2026-08-31 18:15:00,4491.39990234375,4492.89990234375,4486.5,4486.89990234375,2443
2026-08-31 18:30:00,4486.7001953125,4497.7998046875,4484.7998046875,4497.0,3032
2026-08-31 18:45:00,4497.10009765625,4499.5,4490.5,4497.2998046875,1496
2026-08-31 19:00:00,4497.39990234375,4498.5,4483.10009765625,4484.60009765625,3434
2026-08-31 19:15:00,4484.7001953125,4484.7998046875,4466.39990234375,4469.10009765625,7235
2026-08-31 19:30:00,4469.2998046875,4478.5,4466.7001953125,4477.60009765625,3378
2026-08-31 19:45:00,4477.7001953125,4481.60009765625,4466.89990234375,4470.60009765625,3092
2026-08-31 20:00:00,4470.5,4487.2001953125,4470.0,4483.10009765625,3639
2026-08-31 20:15:00,4483.5,4486.2998046875,4476.2001953125,4481.7001953125,2447
2026-08-31 20:30:00,4481.7001953125,4487.7001953125,4477.89990234375,4485.2001953125,2107
2026-08-31 20:45:00,4485.39990234375,4487.89990234375,4478.89990234375,4482.89990234375,1859
2026-08-31 21:00:00,4482.39990234375,4484.0,4476.0,4477.2001953125,2108
2026-08-31 21:15:00,4477.2998046875,4483.60009765625,4474.2998046875,4475.5,1727
2026-08-31 21:30:00,4475.89990234375,4487.10009765625,4473.0,4484.39990234375,2265
2026-08-31 21:45:00,4484.7001953125,4488.7001953125,4482.89990234375,4488.2998046875,991
2026-08-31 22:00:00,4488.60009765625,4490.2998046875,4481.0,4485.39990234375,1671
2026-08-31 22:15:00,4485.2001953125,4487.10009765625,4481.7998046875,4482.60009765625,1149
2026-08-31 22:30:00,4482.7998046875,4484.60009765625,4480.0,4482.89990234375,905
2026-08-31 22:45:00,4483.0,4486.60009765625,4477.7998046875,4479.7998046875,3300
2026-08-31 23:00:00,4479.7998046875,4486.2998046875,4479.10009765625,4486.0,1359
2026-08-31 23:15:00,4485.89990234375,4489.7001953125,4485.10009765625,4485.60009765625,949
2026-08-31 23:30:00,4486.0,4486.10009765625,4479.5,4483.2001953125,1038
2026-08-31 23:45:00,4483.10009765625,4484.0,4478.89990234375,4478.89990234375,716
2026-09-01 00:00:00,4478.89990234375,4479.5,4475.5,4478.60009765625,913
2026-09-01 00:15:00,4478.60009765625,4484.0,4478.39990234375,4480.2998046875,644
2026-09-01 00:30:00,4480.7001953125,4484.7001953125,4478.39990234375,4482.7998046875,741
2026-09-01 00:45:00,4483.10009765625,4491.7001953125,4482.10009765625,4489.7998046875,1608
2026-09-01 01:00:00,4489.7998046875,4494.7998046875,4488.39990234375,4492.5,1402
2026-09-01 01:15:00,4492.2001953125,4502.7001953125,4490.7998046875,4502.0,2850
2026-09-01 01:30:00,4502.2998046875,4504.89990234375,4499.10009765625,4499.2001953125,888
2026-09-01 01:45:00,4499.2998046875,4499.60009765625,4496.10009765625,4496.5,338
2026-09-01 02:00:00,4496.5,4498.7998046875,4495.89990234375,4497.2998046875,209
2026-09-01 02:15:00,4497.39990234375,4498.89990234375,4496.2001953125,4497.2998046875,324
2026-09-01 03:30:00,4498.7001953125,4504.7998046875,4496.5,4500.39990234375,305
2026-09-01 03:45:00,4500.39990234375,4500.7001953125,4496.39990234375,4498.60009765625,472
2026-09-01 04:00:00,4498.5,4500.0,4495.89990234375,4496.89990234375,284
2026-09-01 04:15:00,4496.60009765625,4496.89990234375,4494.2998046875,4495.5,191
2026-09-01 04:30:00,4495.7998046875,4495.7998046875,4492.2998046875,4492.60009765625,429
2026-09-01 04:45:00,4492.39990234375,4492.7998046875,4490.2998046875,4491.89990234375,361
2026-09-01 05:00:00,4492.0,4496.5,4491.60009765625,4494.5,389
2026-09-01 05:15:00,4494.5,4501.0,4494.2001953125,4501.0,522
2026-09-01 05:30:00,4501.2998046875,4507.10009765625,4495.0,4503.89990234375,1158
2026-09-01 05:45:00,4504.10009765625,4510.5,4501.39990234375,4509.2001953125,834
2026-09-01 06:00:00,4509.5,4510.2998046875,4500.7001953125,4502.10009765625,650
2026-09-01 06:15:00,4502.39990234375,4510.39990234375,4499.89990234375,4502.7001953125,783
2026-09-01 06:30:00,4502.60009765625,4505.89990234375,4494.2001953125,4495.2998046875,1224
2026-09-01 06:45:00,4495.60009765625,4496.7001953125,4486.7001953125,4488.60009765625,1097
2026-09-01 07:00:00,4488.7998046875,4494.7998046875,4485.2001953125,4494.7998046875,1022
2026-09-01 07:15:00,4494.89990234375,4495.60009765625,4488.2998046875,4493.10009765625,555
2026-09-01 07:30:00,4492.89990234375,4498.2001953125,4490.7001953125,4493.7998046875,926
2026-09-01 07:45:00,4494.10009765625,4497.2998046875,4489.2001953125,4489.2001953125,534
2026-09-01 08:00:00,4489.2001953125,4489.7998046875,4480.7001953125,4481.2001953125,1838
2026-09-01 08:15:00,4481.0,4492.60009765625,4477.10009765625,4492.39990234375,1402
2026-09-01 08:30:00,4492.7001953125,4493.5,4487.7998046875,4489.39990234375,1064
2026-09-01 08:45:00,4488.89990234375,4489.60009765625,4480.89990234375,4483.5,844
2026-09-01 09:00:00,4483.39990234375,4488.0,4482.60009765625,4487.60009765625,484
2026-09-01 09:15:00,4487.7998046875,4492.39990234375,4486.10009765625,4487.0,1296
2026-09-01 09:30:00,4485.7001953125,4486.7001953125,4478.89990234375,4479.60009765625,949
2026-09-01 09:45:00,4479.60009765625,4482.5,4478.2998046875,4478.5,496
2026-09-01 10:00:00,4478.2001953125,4479.39990234375,4475.2001953125,4476.5,932
2026-09-01 10:15:00,4475.89990234375,4478.2001953125,4473.89990234375,4475.2001953125,1582
2026-09-01 10:30:00,4475.39990234375,4481.2998046875,4474.7001953125,4477.7001953125,595
2026-09-01 10:45:00,4478.10009765625,4479.0,4473.5,4475.2001953125,521
2026-09-01 11:00:00,4474.89990234375,4492.2001953125,4471.89990234375,4492.2001953125,1661
2026-09-01 11:15:00,4491.2001953125,4494.7001953125,4488.2998046875,4489.0,1013
2026-09-01 11:30:00,4488.5,4489.10009765625,4480.2001953125,4481.2998046875,951
2026-09-01 11:45:00,4481.39990234375,4483.7998046875,4476.2998046875,4477.60009765625,921
2026-09-01 12:00:00,4477.7001953125,4483.89990234375,4477.0,4483.60009765625,746
2026-09-01 12:15:00,4483.7001953125,4484.10009765625,4476.7001953125,4478.0,552
2026-09-01 12:30:00,4478.10009765625,4483.60009765625,4477.89990234375,4481.60009765625,865
2026-09-01 12:45:00,4481.60009765625,4482.2998046875,4474.2998046875,4474.5,2016
2026-09-01 13:00:00,4474.2998046875,4476.89990234375,4460.5,4466.7998046875,2947
2026-09-01 13:15:00,4466.60009765625,4471.89990234375,4465.39990234375,4468.7001953125,1457
2026-09-01 13:30:00,4468.60009765625,4468.60009765625,4438.39990234375,4454.2998046875,6617
2026-09-01 13:45:00,4454.2998046875,4454.89990234375,4430.7001953125,4432.0,3518
2026-09-01 14:00:00,4432.10009765625,4432.60009765625,4418.5,4424.10009765625,5036
2026-09-01 14:15:00,4423.89990234375,4427.0,4417.89990234375,4419.39990234375,2683
2026-09-01 14:30:00,4419.39990234375,4424.60009765625,4414.5,4424.2001953125,3233
2026-09-01 14:45:00,4424.2001953125,4426.60009765625,4419.0,4421.39990234375,2132
2026-09-01 15:00:00,4421.10009765625,4421.7001953125,4414.2001953125,4420.39990234375,3198
2026-09-01 15:15:00,4420.2001953125,4422.5,4413.0,4413.7001953125,1919
2026-09-01 15:30:00,4413.7001953125,4430.7998046875,4413.0,4426.7998046875,2476
2026-09-01 15:45:00,4427.0,4434.2001953125,4426.60009765625,4433.2998046875,1445
2026-09-01 16:00:00,4433.60009765625,4434.60009765625,4430.2001953125,4430.2001953125,1065
2026-09-01 16:15:00,4430.2998046875,4430.2998046875,4423.5,4426.89990234375,2256
2026-09-01 16:30:00,4427.0,4431.7998046875,4424.5,4425.7998046875,1234
2026-09-01 16:45:00,4425.7998046875,4430.39990234375,4423.2001953125,4429.2001953125,1495
2026-09-01 17:00:00,4429.0,4433.39990234375,4426.89990234375,4432.7001953125,1418
2026-09-01 17:15:00,4432.7998046875,4435.7001953125,4420.5,4422.89990234375,2235
2026-09-01 17:30:00,4423.0,4423.2001953125,4415.39990234375,4419.5,3032
2026-09-01 17:45:00,4419.2001953125,4424.89990234375,4414.2998046875,4417.10009765625,2846
2026-09-01 18:00:00,4416.89990234375,4417.5,4400.39990234375,4413.2001953125,5998
2026-09-01 18:15:00,4413.2001953125,4418.5,4404.5,4404.7001953125,3359
2026-09-01 18:30:00,4404.60009765625,4406.2998046875,4374.10009765625,4377.5,15192
2026-09-01 18:45:00,4377.60009765625,4392.60009765625,4374.5,4391.10009765625,5559
2026-09-01 19:00:00,4391.0,4410.60009765625,4389.2001953125,4409.7001953125,7154
2026-09-01 19:15:00,4409.89990234375,4415.89990234375,4401.7998046875,4413.89990234375,3961
2026-09-01 19:30:00,4414.2001953125,4419.5,4401.5,4419.0,6453
2026-09-01 19:45:00,4419.0,4424.2998046875,4414.10009765625,4414.39990234375,3972
2026-09-01 20:00:00,4414.5,4421.7998046875,4412.60009765625,4414.7001953125,2529
2026-09-01 20:15:00,4415.2001953125,4418.7001953125,4405.2001953125,4408.7998046875,3975
2026-09-01 20:30:00,4409.10009765625,4411.5,4403.39990234375,4405.2998046875,2030
2026-09-01 20:45:00,4405.39990234375,4414.2001953125,4404.39990234375,4414.2001953125,2518
2026-09-01 21:00:00,4414.0,4419.10009765625,4409.7998046875,4419.10009765625,1746
2026-09-01 21:15:00,4419.2001953125,4422.7001953125,4417.0,4421.7001953125,1661
2026-09-01 21:30:00,4421.60009765625,4423.2998046875,4410.7001953125,4410.7001953125,2207
2026-09-01 21:45:00,4411.0,4414.0,4401.0,4401.2998046875,3831
2026-09-01 22:00:00,4401.0,4406.10009765625,4395.39990234375,4403.2001953125,3593
2026-09-01 22:15:00,4403.10009765625,4407.5,4399.39990234375,4399.60009765625,1670
2026-09-01 22:30:00,4399.7998046875,4400.2998046875,4392.39990234375,4394.60009765625,2687
2026-09-01 22:45:00,4394.7001953125,4398.60009765625,4390.7001953125,4398.5,4003
2026-09-01 23:00:00,4398.2998046875,4400.2998046875,4390.89990234375,4392.2998046875,1902
2026-09-01 23:15:00,4392.2998046875,4392.7001953125,4389.0,4391.10009765625,1318
2026-09-01 23:30:00,4391.2998046875,4392.7001953125,4382.39990234375,4384.39990234375,1868
2026-09-01 23:45:00,4384.60009765625,4389.60009765625,4383.7001953125,4385.39990234375,1270
2026-09-02 00:00:00,4385.39990234375,4385.5,4375.89990234375,4377.10009765625,2437
2026-09-02 00:15:00,4377.2998046875,4382.2001953125,4375.60009765625,4379.39990234375,2169
2026-09-02 00:30:00,4379.10009765625,4384.7998046875,4376.60009765625,4384.7001953125,1375
2026-09-02 00:45:00,4384.89990234375,4385.2001953125,4380.89990234375,4382.0,771
2026-09-02 01:00:00,4382.0,4382.2001953125,4369.7001953125,4373.5,2603
2026-09-02 01:15:00,4373.2001953125,4377.39990234375,4370.5,4374.0,2434
2026-09-02 01:30:00,4374.10009765625,4377.89990234375,4370.7001953125,4372.7001953125,2029
2026-09-02 01:45:00,4372.7998046875,4376.0,4371.7998046875,4372.89990234375,985
2026-09-02 02:00:00,4373.0,4377.5,4372.10009765625,4375.0,593
2026-09-02 02:15:00,4374.5,4376.7001953125,4373.7998046875,4375.7001953125,941
2026-09-02 03:30:00,4377.2001953125,4381.0,4374.89990234375,4375.5,233
2026-09-02 03:45:00,4375.60009765625,4375.7001953125,4373.5,4374.10009765625,271
2026-09-02 04:00:00,4374.0,4375.89990234375,4372.7001953125,4374.39990234375,376
2026-09-02 04:15:00,4374.39990234375,4377.39990234375,4373.5,4375.7001953125,379
2026-09-02 04:30:00,4375.7001953125,4378.60009765625,4373.2998046875,4376.7001953125,582
2026-09-02 04:45:00,4376.2998046875,4377.7001953125,4370.5,4376.7001953125,744
2026-09-02 05:00:00,4377.0,4382.0,4376.60009765625,4380.0,722
2026-09-02 05:15:00,4379.7001953125,4379.89990234375,4367.7001953125,4370.60009765625,1314
2026-09-02 05:30:00,4370.7001953125,4376.89990234375,4361.39990234375,4374.2001953125,3320
2026-09-02 05:45:00,4374.2998046875,4380.89990234375,4369.0,4372.0,1946
2026-09-02 06:00:00,4371.7998046875,4378.0,4366.39990234375,4376.7001953125,1090
2026-09-02 06:15:00,4376.5,4377.7998046875,4360.7001953125,4362.5,1687
2026-09-02 06:30:00,4362.10009765625,4369.39990234375,4350.10009765625,4363.2001953125,5567
2026-09-02 06:45:00,4363.60009765625,4373.5,4362.10009765625,4364.0,1716
2026-09-02 07:00:00,4364.2001953125,4365.10009765625,4351.60009765625,4355.39990234375,1855
2026-09-02 07:15:00,4355.2001953125,4356.39990234375,4333.89990234375,4338.10009765625,4341
2026-09-02 07:30:00,4337.7998046875,4349.0,4334.60009765625,4343.2998046875,3107
2026-09-02 07:45:00,4343.39990234375,4353.60009765625,4343.2998046875,4351.7001953125,1818
2026-09-02 08:00:00,4352.10009765625,4362.10009765625,4346.7001953125,4356.39990234375,2821
2026-09-02 08:15:00,4357.0,4358.2998046875,4347.2001953125,4350.0,1564
2026-09-02 08:30:00,4350.0,4351.39990234375,4343.89990234375,4348.0,1166
2026-09-02 08:45:00,4348.10009765625,4349.7001953125,4336.39990234375,4340.7001953125,2682
2026-09-02 09:00:00,4340.60009765625,4340.7001953125,4329.2001953125,4335.39990234375,2804
2026-09-02 09:15:00,4335.5,4350.7001953125,4335.2998046875,4348.7998046875,2093
2026-09-02 09:30:00,4349.89990234375,4353.5,4348.7998046875,4350.89990234375,1095
2026-09-02 09:45:00,4351.10009765625,4352.2998046875,4347.7998046875,4349.39990234375,770
2026-09-02 10:00:00,4349.60009765625,4354.39990234375,4349.10009765625,4351.0,681
2026-09-02 10:15:00,4351.39990234375,4354.2001953125,4350.39990234375,4353.7001953125,414
2026-09-02 10:30:00,4353.89990234375,4356.5,4350.0,4356.5,809
2026-09-02 10:45:00,4356.60009765625,4360.5,4353.2001953125,4359.7001953125,1376
2026-09-02 11:00:00,4359.7998046875,4371.7001953125,4359.7001953125,4369.60009765625,2927
2026-09-02 11:15:00,4369.89990234375,4373.10009765625,4365.89990234375,4366.7001953125,1027
2026-09-02 11:30:00,4366.7998046875,4375.89990234375,4364.2001953125,4373.10009765625,1548
2026-09-02 11:45:00,4372.89990234375,4375.10009765625,4367.5,4368.89990234375,1907
2026-09-02 12:00:00,4369.39990234375,4372.89990234375,4363.0,4371.2998046875,1390
2026-09-02 12:15:00,4371.2001953125,4371.39990234375,4361.2001953125,4368.2998046875,1314
2026-09-02 12:30:00,4368.39990234375,4377.7998046875,4365.7998046875,4373.2998046875,1613
2026-09-02 12:45:00,4373.0,4375.7998046875,4371.39990234375,4373.7001953125,1029
2026-09-02 13:00:00,4373.2001953125,4377.7998046875,4368.5,4369.10009765625,1059
2026-09-02 13:15:00,4369.39990234375,4371.7001953125,4366.89990234375,4369.7998046875,722
2026-09-02 13:30:00,4370.10009765625,4378.39990234375,4368.7998046875,4372.2001953125,1352
2026-09-02 13:45:00,4371.89990234375,4374.2001953125,4369.2001953125,4369.60009765625,871
2026-09-02 14:00:00,4369.60009765625,4373.2001953125,4366.0,4368.60009765625,982
2026-09-02 14:15:00,4368.60009765625,4369.2998046875,4359.10009765625,4359.60009765625,1922
2026-09-02 14:30:00,4359.60009765625,4369.2001953125,4359.10009765625,4360.7001953125,1191
2026-09-02 14:45:00,4360.7998046875,4362.2001953125,4352.2998046875,4356.10009765625,1663
2026-09-02 15:00:00,4356.2998046875,4359.10009765625,4354.60009765625,4357.10009765625,1200
2026-09-02 15:15:00,4357.2001953125,4358.7001953125,4355.2001953125,4355.89990234375,768
2026-09-02 15:30:00,4355.89990234375,4357.10009765625,4349.10009765625,4354.10009765625,1260
2026-09-02 15:45:00,4354.0,4359.7998046875,4353.39990234375,4357.10009765625,851
2026-09-02 16:00:00,4357.39990234375,4358.10009765625,4354.2998046875,4356.60009765625,619
2026-09-02 16:15:00,4356.7001953125,4357.7001953125,4352.5,4356.60009765625,881
2026-09-02 16:30:00,4356.2998046875,4371.60009765625,4354.89990234375,4370.10009765625,2046
2026-09-02 16:45:00,4369.89990234375,4370.2998046875,4362.7001953125,4368.7998046875,1504
2026-09-02 17:00:00,4369.2001953125,4380.2001953125,4368.7001953125,4372.0,2600
2026-09-02 17:15:00,4371.7998046875,4380.10009765625,4370.5,4379.60009765625,1417
2026-09-02 17:30:00,4379.5,4383.2998046875,4375.89990234375,4380.2998046875,2778
2026-09-02 17:45:00,4380.2001953125,4391.39990234375,4376.60009765625,4383.2998046875,6303
2026-09-02 18:00:00,4383.2998046875,4384.5,4374.39990234375,4381.10009765625,2675
2026-09-02 18:15:00,4381.39990234375,4386.0,4377.2998046875,4378.2998046875,1837
2026-09-02 18:30:00,4378.2998046875,4391.5,4377.5,4386.5,4034
2026-09-02 18:45:00,4386.5,4405.7998046875,4383.5,4405.5,7222
2026-09-02 19:00:00,4405.2998046875,4427.0,4403.7998046875,4425.5,9427
2026-09-02 19:15:00,4425.7001953125,4433.5,4415.39990234375,4433.0,7251
2026-09-02 19:30:00,4432.89990234375,4444.39990234375,4426.39990234375,4434.7998046875,9958
2026-09-02 19:45:00,4434.7998046875,4444.0,4431.7001953125,4434.2998046875,4597
2026-09-02 20:00:00,4434.2001953125,4435.0,4428.39990234375,4432.60009765625,3268
2026-09-02 20:15:00,4432.5,4433.89990234375,4421.39990234375,4424.2001953125,3069
2026-09-02 20:30:00,4424.10009765625,4427.7998046875,4419.2001953125,4419.39990234375,2798
2026-09-02 20:45:00,4419.2001953125,4420.0,4412.5,4419.5,4502
2026-09-02 21:00:00,4419.7998046875,4422.2001953125,4412.7998046875,4413.2001953125,1807
2026-09-02 21:15:00,4412.89990234375,4420.60009765625,4411.39990234375,4419.89990234375,1752
2026-09-02 21:30:00,4419.7001953125,4421.7001953125,4415.7001953125,4419.10009765625,1420
2026-09-02 21:45:00,4418.60009765625,4419.0,4414.2998046875,4415.2001953125,1018
2026-09-02 22:00:00,4415.5,4417.39990234375,4411.10009765625,4411.5,1423
2026-09-02 22:15:00,4411.5,4417.5,4411.2998046875,4415.10009765625,1168
2026-09-02 22:30:00,4415.2001953125,4417.89990234375,4414.2001953125,4415.2998046875,1055
2026-09-02 22:45:00,4415.39990234375,4416.60009765625,4411.2001953125,4416.60009765625,1972
2026-09-02 23:00:00,4416.60009765625,4424.2001953125,4413.2001953125,4423.2001953125,2433
2026-09-02 23:15:00,4422.89990234375,4427.39990234375,4422.0,4423.39990234375,1720
2026-09-02 23:30:00,4423.7001953125,4423.7998046875,4416.2998046875,4416.7998046875,1126
2026-09-02 23:45:00,4416.7998046875,4426.2998046875,4415.89990234375,4420.0,2161
2026-09-03 00:00:00,4419.7001953125,4425.0,4419.0,4419.60009765625,668
2026-09-03 00:15:00,4419.60009765625,4422.5,4419.10009765625,4420.2998046875,658
2026-09-03 00:30:00,4420.7998046875,4427.0,4418.2998046875,4425.60009765625,879
2026-09-03 00:45:00,4425.7001953125,4429.7001953125,4424.7998046875,4427.60009765625,804
2026-09-03 01:00:00,4427.7001953125,4435.2001953125,4427.60009765625,4434.5,1200
2026-09-03 01:15:00,4434.60009765625,4437.89990234375,4431.39990234375,4437.7001953125,1955
2026-09-03 01:30:00,4437.39990234375,4438.2001953125,4432.5,4432.60009765625,839
2026-09-03 01:45:00,4432.5,4434.60009765625,4430.60009765625,4433.2001953125,532
2026-09-03 02:00:00,4433.0,4436.60009765625,4432.5,4434.7998046875,331
2026-09-03 02:15:00,4434.89990234375,4437.7001953125,4433.7998046875,4434.2998046875,543
2026-09-03 03:30:00,4436.39990234375,4438.10009765625,4434.7998046875,4434.7998046875,165
2026-09-03 03:45:00,4434.7998046875,4435.89990234375,4432.60009765625,4434.7998046875,413
2026-09-03 04:00:00,4434.2998046875,4434.7001953125,4430.2998046875,4430.39990234375,554
2026-09-03 04:15:00,4430.39990234375,4430.5,4428.39990234375,4429.7998046875,266
2026-09-03 04:30:00,4430.2001953125,4432.2001953125,4429.39990234375,4429.60009765625,367
2026-09-03 04:45:00,4429.39990234375,4429.60009765625,4427.2998046875,4427.7001953125,282
2026-09-03 05:00:00,4427.5,4430.7998046875,4426.7001953125,4430.7998046875,469
2026-09-03 05:15:00,4430.2001953125,4434.39990234375,4429.89990234375,4431.0,577
2026-09-03 05:30:00,4431.2001953125,4438.0,4429.89990234375,4435.39990234375,1191
2026-09-03 05:45:00,4435.39990234375,4435.7001953125,4430.2998046875,4432.5,561
2026-09-03 06:00:00,4432.2998046875,4435.0,4427.7998046875,4433.0,611
2026-09-03 06:15:00,4433.10009765625,4442.89990234375,4431.2998046875,4440.5,1096
2026-09-03 06:30:00,4440.7998046875,4454.7001953125,4432.2001953125,4446.7998046875,4605
2026-09-03 06:45:00,4446.2998046875,4448.89990234375,4439.10009765625,4447.10009765625,1734
2026-09-03 07:00:00,4446.7998046875,4454.7998046875,4445.39990234375,4445.7998046875,1719
2026-09-03 07:15:00,4445.5,4457.60009765625,4445.2001953125,4455.0,1160
2026-09-03 07:30:00,4455.2001953125,4461.2001953125,4454.5,4456.2001953125,1836
2026-09-03 07:45:00,4456.89990234375,4458.60009765625,4452.2001953125,4457.10009765625,1106
2026-09-03 08:00:00,4457.10009765625,4463.7001953125,4454.7998046875,4459.0,1997
2026-09-03 08:15:00,4459.39990234375,4466.2001953125,4457.10009765625,4466.0,1038
2026-09-03 08:30:00,4466.0,4475.7998046875,4464.89990234375,4474.60009765625,1899
2026-09-03 08:45:00,4474.39990234375,4477.10009765625,4470.2998046875,4475.10009765625,1243
2026-09-03 09:00:00,4475.2001953125,4477.89990234375,4472.39990234375,4472.39990234375,1325
2026-09-03 09:15:00,4472.2001953125,4478.2001953125,4471.0,4477.10009765625,1704
2026-09-03 09:30:00,4477.2998046875,4481.10009765625,4470.7998046875,4476.2001953125,2475
2026-09-03 09:45:00,4476.2001953125,4482.0,4475.10009765625,4481.7998046875,739
2026-09-03 10:00:00,4481.7001953125,4483.7001953125,4480.5,4483.2998046875,699
2026-09-03 10:15:00,4483.5,4483.89990234375,4479.39990234375,4483.0,1211
2026-09-03 10:30:00,4483.10009765625,4486.0,4474.39990234375,4475.2998046875,1937
2026-09-03 10:45:00,4475.39990234375,4476.7001953125,4468.2001953125,4471.0,2302
2026-09-03 11:00:00,4470.89990234375,4479.5,4468.2998046875,4478.2001953125,2577
2026-09-03 11:15:00,4478.5,4485.2998046875,4474.39990234375,4477.0,2087
2026-09-03 11:30:00,4477.0,4482.2001953125,4471.7001953125,4472.89990234375,1969
2026-09-03 11:45:00,4473.10009765625,4476.7998046875,4462.7998046875,4467.5,3175
2026-09-03 12:00:00,4467.5,4472.0,4466.2998046875,4471.60009765625,1403
2026-09-03 12:15:00,4471.60009765625,4474.7001953125,4466.10009765625,4466.39990234375,1076
2026-09-03 12:30:00,4466.0,4477.5,4464.60009765625,4467.7001953125,2380
2026-09-03 12:45:00,4467.5,4475.7998046875,4467.39990234375,4471.89990234375,1521
2026-09-03 13:00:00,4471.7001953125,4476.39990234375,4469.2998046875,4472.10009765625,1315
2026-09-03 13:15:00,4472.10009765625,4476.7998046875,4469.7001953125,4474.7001953125,1135
2026-09-03 13:30:00,4474.5,4490.0,4473.60009765625,4477.60009765625,4182
2026-09-03 13:45:00,4477.2998046875,4485.7998046875,4476.7998046875,4484.60009765625,2472
2026-09-03 14:00:00,4484.2998046875,4486.0,4477.5,4480.5,1747
2026-09-03 14:15:00,4480.7001953125,4486.2998046875,4480.0,4481.10009765625,1318
2026-09-03 14:30:00,4481.2998046875,4488.2001953125,4480.39990234375,4484.2001953125,1832
2026-09-03 14:45:00,4484.2998046875,4484.5,4478.2001953125,4481.5,1653
2026-09-03 15:00:00,4481.2998046875,4484.7001953125,4475.89990234375,4476.2998046875,2735
2026-09-03 15:15:00,4476.2001953125,4476.89990234375,4472.0,4473.89990234375,1390
2026-09-03 15:30:00,4474.10009765625,4476.10009765625,4469.2001953125,4470.89990234375,972
2026-09-03 15:45:00,4470.60009765625,4472.10009765625,4464.89990234375,4468.7001953125,1968
2026-09-03 16:00:00,4468.60009765625,4472.7001953125,4466.2001953125,4472.0,1123
2026-09-03 16:15:00,4471.7001953125,4474.7998046875,4470.2001953125,4473.2001953125,674
2026-09-03 16:30:00,4473.10009765625,4479.0,4471.10009765625,4478.60009765625,1255
2026-09-03 16:45:00,4478.7001953125,4484.2001953125,4476.2001953125,4480.39990234375,1955
2026-09-03 17:00:00,4480.5,4485.2998046875,4471.89990234375,4484.5,1727
2026-09-03 17:15:00,4484.7998046875,4493.39990234375,4482.5,4490.2001953125,1995
2026-09-03 17:30:00,4490.0,4496.7001953125,4487.0,4490.39990234375,2487
2026-09-03 17:45:00,4490.39990234375,4495.60009765625,4484.10009765625,4493.2998046875,3194
2026-09-03 18:00:00,4493.10009765625,4526.39990234375,4492.89990234375,4514.7001953125,13364
2026-09-03 18:15:00,4514.89990234375,4542.60009765625,4512.5,4540.89990234375,8459
2026-09-03 18:30:00,4540.89990234375,4543.7001953125,4532.0,4532.89990234375,7708
2026-09-03 18:45:00,4533.2998046875,4535.2998046875,4524.2998046875,4527.60009765625,5842
2026-09-03 19:00:00,4527.39990234375,4529.7001953125,4515.0,4517.2001953125,5292
2026-09-03 19:15:00,4517.2001953125,4517.7001953125,4502.7998046875,4517.10009765625,7111
2026-09-03 19:30:00,4517.10009765625,4519.7998046875,4502.89990234375,4515.7001953125,5412
2026-09-03 19:45:00,4515.5,4527.2998046875,4515.5,4523.60009765625,4202
2026-09-03 20:00:00,4523.5,4526.10009765625,4512.39990234375,4519.2998046875,3004
2026-09-03 20:15:00,4519.5,4531.89990234375,4516.60009765625,4531.89990234375,3692
2026-09-03 20:30:00,4532.0,4552.0,4530.89990234375,4551.0,10214
2026-09-03 20:45:00,4551.2998046875,4558.5,4549.2001953125,4554.10009765625,5369
2026-09-03 21:00:00,4554.2001953125,4557.39990234375,4542.39990234375,4542.7998046875,3195
2026-09-03 21:15:00,4542.5,4543.10009765625,4533.7001953125,4540.7998046875,3129
2026-09-03 21:30:00,4540.7001953125,4543.39990234375,4535.2001953125,4541.7001953125,1550
2026-09-03 21:45:00,4541.7001953125,4542.39990234375,4538.10009765625,4540.7001953125,1456
2026-09-03 22:00:00,4541.2001953125,4543.2998046875,4534.2998046875,4535.60009765625,1410
2026-09-03 22:15:00,4535.39990234375,4538.7001953125,4533.0,4533.7001953125,1529
2026-09-03 22:30:00,4533.89990234375,4536.2998046875,4530.60009765625,4535.2998046875,2713
2026-09-03 22:45:00,4535.5,4541.2001953125,4532.60009765625,4540.39990234375,2359
2026-09-03 23:00:00,4540.5,4541.39990234375,4538.39990234375,4539.2001953125,1158
2026-09-03 23:15:00,4539.2998046875,4542.0,4534.7998046875,4535.7001953125,1212
2026-09-03 23:30:00,4534.60009765625,4537.10009765625,4531.2001953125,4531.2001953125,1498
2026-09-03 23:45:00,4531.10009765625,4535.39990234375,4526.7998046875,4527.10009765625,1630
2026-09-04 00:00:00,4527.39990234375,4530.0,4523.10009765625,4528.89990234375,1765
2026-09-04 00:15:00,4528.5,4530.0,4521.2001953125,4522.89990234375,1557
2026-09-04 00:30:00,4522.7998046875,4524.7001953125,4520.7001953125,4522.39990234375,1240
2026-09-04 00:45:00,4522.2001953125,4524.60009765625,4520.2998046875,4523.5,865
2026-09-04 01:00:00,4523.7998046875,4526.5,4521.7001953125,4525.2001953125,965
2026-09-04 01:15:00,4525.2998046875,4528.7001953125,4520.89990234375,4522.89990234375,1868
2026-09-04 01:30:00,4522.7001953125,4523.2998046875,4518.7998046875,4519.2998046875,865
2026-09-04 01:45:00,4519.2001953125,4520.10009765625,4517.7001953125,4519.0,291
2026-09-04 02:00:00,4519.0,4520.2001953125,4518.39990234375,4519.60009765625,245
2026-09-04 02:15:00,4519.7001953125,4521.5,4519.0,4520.0,327
2026-09-04 02:30:00,4520.2998046875,4520.2998046875,4520.2998046875,4520.2998046875,1
2026-09-04 03:30:00,4522.0,4525.7001953125,4520.10009765625,4525.5,277
2026-09-04 03:45:00,4525.60009765625,4526.2998046875,4521.2001953125,4522.2998046875,582
2026-09-04 04:00:00,4522.2001953125,4524.10009765625,4519.60009765625,4520.7001953125,1022
2026-09-04 04:15:00,4521.39990234375,4523.39990234375,4518.5,4521.60009765625,1374
2026-09-04 04:30:00,4521.5,4524.7998046875,4519.2998046875,4521.2998046875,800
2026-09-04 04:45:00,4521.10009765625,4522.2001953125,4519.0,4520.7001953125,564
2026-09-04 05:00:00,4520.60009765625,4525.2998046875,4520.5,4524.10009765625,409
2026-09-04 05:15:00,4524.0,4527.2001953125,4521.89990234375,4526.89990234375,588
2026-09-04 05:30:00,4527.0,4529.89990234375,4524.89990234375,4527.10009765625,791
2026-09-04 05:45:00,4527.2998046875,4527.60009765625,4520.5,4521.2001953125,555
2026-09-04 06:00:00,4521.2001953125,4528.60009765625,4519.2998046875,4528.60009765625,571
2026-09-04 06:15:00,4528.7001953125,4533.5,4527.0,4532.89990234375,1024
2026-09-04 06:30:00,4532.60009765625,4533.60009765625,4520.0,4520.89990234375,1733
2026-09-04 06:45:00,4520.89990234375,4525.0,4514.10009765625,4517.2001953125,1463
2026-09-04 07:00:00,4517.2998046875,4523.2001953125,4514.2998046875,4520.2998046875,1280
2026-09-04 07:15:00,4520.0,4526.60009765625,4513.0,4525.2001953125,1180
2026-09-04 07:30:00,4525.2998046875,4528.89990234375,4523.10009765625,4525.39990234375,777
2026-09-04 07:45:00,4525.5,4526.60009765625,4517.39990234375,4520.0,1055
2026-09-04 08:00:00,4519.89990234375,4523.39990234375,4516.5,4516.89990234375,968
2026-09-04 08:15:00,4516.7998046875,4527.0,4516.2998046875,4523.7998046875,737
2026-09-04 08:30:00,4523.5,4525.0,4516.39990234375,4519.60009765625,694
2026-09-04 08:45:00,4519.60009765625,4521.0,4517.60009765625,4518.60009765625,424
2026-09-04 09:00:00,4518.7998046875,4521.60009765625,4515.2001953125,4515.60009765625,293
2026-09-04 09:15:00,4515.39990234375,4516.39990234375,4513.60009765625,4513.7998046875,370
2026-09-04 09:30:00,4513.10009765625,4516.7001953125,4511.60009765625,4515.39990234375,981
2026-09-04 09:45:00,4515.39990234375,4518.7998046875,4514.60009765625,4518.10009765625,412
2026-09-04 10:00:00,4518.10009765625,4521.10009765625,4518.0,4520.2001953125,462
2026-09-04 10:15:00,4520.2998046875,4521.5,4519.10009765625,4520.39990234375,322
2026-09-04 10:30:00,4520.2998046875,4521.10009765625,4513.7998046875,4515.7001953125,730
2026-09-04 10:45:00,4515.60009765625,4521.60009765625,4513.7001953125,4513.7998046875,729
2026-09-04 11:00:00,4513.60009765625,4523.89990234375,4512.7998046875,4517.2001953125,1794
2026-09-04 11:15:00,4517.10009765625,4519.0,4513.39990234375,4518.2001953125,1008
2026-09-04 11:30:00,4518.10009765625,4519.5,4512.7998046875,4515.0,1518
2026-09-04 11:45:00,4514.89990234375,4518.10009765625,4512.89990234375,4515.2001953125,729
2026-09-04 12:00:00,4515.2001953125,4516.10009765625,4509.2998046875,4510.60009765625,1243
2026-09-04 12:15:00,4510.60009765625,4510.7998046875,4506.60009765625,4509.5,1157
2026-09-04 12:30:00,4509.2998046875,4518.2998046875,4508.0,4514.7001953125,1428
2026-09-04 12:45:00,4514.39990234375,4520.0,4513.5,4519.60009765625,1018
2026-09-04 13:00:00,4519.60009765625,4534.39990234375,4519.60009765625,4532.5,2197
2026-09-04 13:15:00,4532.7001953125,4537.7998046875,4528.2001953125,4530.2998046875,2402
2026-09-04 13:30:00,4530.39990234375,4533.60009765625,4525.7001953125,4528.89990234375,1744
2026-09-04 13:45:00,4528.60009765625,4531.0,4526.39990234375,4527.7998046875,672
2026-09-04 14:00:00,4528.10009765625,4529.2998046875,4524.10009765625,4524.5,743
2026-09-04 14:15:00,4524.10009765625,4526.39990234375,4521.0,4524.2998046875,628
2026-09-04 14:30:00,4524.5,4525.7001953125,4515.5,4516.60009765625,875
2026-09-04 14:45:00,4516.39990234375,4517.39990234375,4510.0,4512.7998046875,1518
2026-09-04 15:00:00,4512.7998046875,4516.5,4510.7998046875,4513.39990234375,1870
2026-09-04 15:15:00,4513.5,4516.10009765625,4511.60009765625,4511.7998046875,573
2026-09-04 15:30:00,4511.7001953125,4519.39990234375,4511.60009765625,4519.0,482
2026-09-04 15:45:00,4518.89990234375,4520.0,4514.39990234375,4517.5,917
2026-09-04 16:00:00,4517.60009765625,4521.5,4516.2998046875,4519.7001953125,551
2026-09-04 16:15:00,4519.89990234375,4523.10009765625,4518.89990234375,4518.89990234375,474
2026-09-04 16:30:00,4519.2001953125,4519.2998046875,4515.7001953125,4516.5,599
2026-09-04 16:45:00,4516.7998046875,4516.89990234375,4511.5,4511.7998046875,988
2026-09-04 17:00:00,4511.89990234375,4516.5,4511.2998046875,4514.39990234375,728
2026-09-04 17:15:00,4514.2001953125,4516.7998046875,4510.89990234375,4513.10009765625,1155
2026-09-04 17:30:00,4513.2998046875,4516.7001953125,4510.5,4510.89990234375,1501
2026-09-04 17:45:00,4510.89990234375,4523.2998046875,4510.7001953125,4517.7001953125,2799
2026-09-04 18:00:00,4520.89990234375,4523.5,4419.0,4440.89990234375,30686
2026-09-04 18:15:00,4440.60009765625,4456.89990234375,4426.7998046875,4440.60009765625,10032
2026-09-04 18:30:00,4440.89990234375,4441.7998046875,4412.0,4440.7001953125,10549
2026-09-04 18:45:00,4440.60009765625,4461.5,4438.10009765625,4459.5,6517
2026-09-04 19:00:00,4459.7001953125,4471.10009765625,4452.2998046875,4470.7998046875,8609
2026-09-04 19:15:00,4470.60009765625,4481.7998046875,4459.7998046875,4459.89990234375,6637
2026-09-04 19:30:00,4460.0,4482.7001953125,4458.7998046875,4481.89990234375,4742
2026-09-04 19:45:00,4481.39990234375,4484.7998046875,4474.10009765625,4476.5,4068
2026-09-04 20:00:00,4476.60009765625,4489.39990234375,4472.2998046875,4476.0,4515
2026-09-04 20:15:00,4476.10009765625,4479.2001953125,4464.0,4474.2998046875,4222
2026-09-04 20:30:00,4474.39990234375,4490.7998046875,4469.5,4490.2998046875,3503
2026-09-04 20:45:00,4490.2998046875,4496.2001953125,4486.7998046875,4487.0,3872
2026-09-04 21:00:00,4487.10009765625,4493.7001953125,4483.5,4490.10009765625,2864
2026-09-04 21:15:00,4490.10009765625,4493.2998046875,4482.7998046875,4483.2998046875,1747
2026-09-04 21:30:00,4483.7998046875,4487.89990234375,4479.5,4486.2001953125,2055
2026-09-04 21:45:00,4486.2001953125,4491.0,4480.7001953125,4481.60009765625,1692
2026-09-04 22:00:00,4481.7001953125,4487.2001953125,4481.10009765625,4485.39990234375,1064
2026-09-04 22:15:00,4485.60009765625,4487.7998046875,4482.0,4483.60009765625,1278
2026-09-04 22:30:00,4483.5,4483.89990234375,4477.10009765625,4481.2001953125,1811
2026-09-04 22:45:00,4481.5,4488.0,4475.0,4476.0,3274
2026-09-04 23:00:00,4475.89990234375,4477.2998046875,4461.10009765625,4464.5,2706
2026-09-04 23:15:00,4464.5,4468.89990234375,4462.7998046875,4464.0,1463
2026-09-04 23:30:00,4464.7001953125,4467.39990234375,4459.0,4467.10009765625,2187
2026-09-04 23:45:00,4467.2998046875,4474.5,4466.89990234375,4472.60009765625,1317
2026-09-05 00:00:00,4472.60009765625,4473.89990234375,4468.89990234375,4470.5,928
2026-09-05 00:15:00,4470.2998046875,4473.2998046875,4469.5,4471.2998046875,822
2026-09-05 00:30:00,4471.60009765625,4477.2998046875,4470.0,4476.5,860
2026-09-05 00:45:00,4476.5,4483.0,4474.10009765625,4482.7998046875,1106
2026-09-05 01:00:00,4482.7998046875,4485.60009765625,4481.2998046875,4483.89990234375,1083
2026-09-05 01:15:00,4484.2001953125,4484.7998046875,4479.7998046875,4482.0,1702
2026-09-05 01:30:00,4481.7998046875,4482.2998046875,4477.89990234375,4478.7998046875,798
2026-09-05 01:45:00,4478.7998046875,4479.0,4476.60009765625,4477.2998046875,325
2026-09-05 02:00:00,4476.60009765625,4478.0,4476.0,4477.39990234375,276
2026-09-05 02:15:00,4477.60009765625,4478.5,4475.60009765625,4476.60009765625,400
2026-09-08 09:30:00,4483.5,4488.7998046875,4483.2998046875,4484.7001953125,1379
2026-09-08 09:45:00,4484.89990234375,4486.39990234375,4477.0,4477.89990234375,639
2026-09-08 10:00:00,4478.2998046875,4482.10009765625,4477.89990234375,4481.89990234375,468
2026-09-08 10:15:00,4481.7001953125,4485.5,4479.60009765625,4481.60009765625,416
2026-09-08 10:30:00,4481.7001953125,4483.39990234375,4472.39990234375,4472.89990234375,770
2026-09-08 10:45:00,4472.60009765625,4477.2001953125,4465.2998046875,4465.5,1101
2026-09-08 11:00:00,4465.60009765625,4472.10009765625,4462.89990234375,4471.0,1222
2026-09-08 11:15:00,4470.7001953125,4473.89990234375,4462.10009765625,4464.39990234375,1067
2026-09-08 11:30:00,4464.39990234375,4465.10009765625,4453.10009765625,4456.39990234375,1838
2026-09-08 11:45:00,4456.10009765625,4456.2001953125,4443.7001953125,4444.7998046875,2101
2026-09-08 12:00:00,4444.7998046875,4453.5,4442.60009765625,4451.89990234375,1820
2026-09-08 12:15:00,4452.10009765625,4454.0,4448.0,4448.2998046875,971
2026-09-08 12:30:00,4448.60009765625,4454.0,4447.10009765625,4447.89990234375,1036
2026-09-08 12:45:00,4447.89990234375,4449.2001953125,4445.0,4446.5,1009
2026-09-08 13:00:00,4446.60009765625,4450.2001953125,4435.5,4440.2001953125,1851
2026-09-08 13:15:00,4440.10009765625,4441.7998046875,4434.2998046875,4436.7001953125,1585
2026-09-08 13:30:00,4436.60009765625,4440.2001953125,4432.0,4434.7001953125,1401
2026-09-08 13:45:00,4434.89990234375,4440.89990234375,4434.0,4438.89990234375,972
2026-09-08 14:00:00,4439.0,4443.0,4436.5,4437.2998046875,1148
2026-09-08 14:15:00,4436.7998046875,4442.60009765625,4435.5,4438.5,1075
2026-09-08 14:30:00,4438.0,4442.39990234375,4435.5,4441.89990234375,602
2026-09-08 14:45:00,4441.5,4443.60009765625,4436.7001953125,4437.2998046875,1082
2026-09-08 15:00:00,4437.2001953125,4448.0,4435.0,4445.60009765625,1879
2026-09-08 15:15:00,4446.0,4450.10009765625,4445.60009765625,4447.2001953125,950
2026-09-08 15:30:00,4447.2998046875,4447.2998046875,4438.0,4440.7998046875,1071
2026-09-08 15:45:00,4440.60009765625,4451.60009765625,4440.39990234375,4443.7998046875,1667
2026-09-08 16:00:00,4443.7001953125,4443.89990234375,4438.2998046875,4441.2998046875,838
2026-09-08 16:15:00,4441.2998046875,4444.89990234375,4439.60009765625,4439.89990234375,860
2026-09-08 16:30:00,4440.2001953125,4444.2998046875,4435.5,4439.5,1231
2026-09-08 16:45:00,4439.39990234375,4447.2001953125,4439.2998046875,4446.0,829
2026-09-08 17:00:00,4446.5,4452.39990234375,4445.0,4447.7998046875,1114
2026-09-08 17:15:00,4448.2001953125,4451.60009765625,4442.2998046875,4450.89990234375,1046
2026-09-08 17:30:00,4450.89990234375,4451.39990234375,4434.7998046875,4436.0,2630
2026-09-08 17:45:00,4435.89990234375,4446.2001953125,4429.5,4446.2001953125,5474
2026-09-08 18:00:00,4446.2998046875,4452.7001953125,4439.7001953125,4441.0,2284
2026-09-08 18:15:00,4440.7998046875,4456.2998046875,4440.0,4456.10009765625,2235
2026-09-08 18:30:00,4456.2998046875,4457.89990234375,4446.60009765625,4453.0,2858
2026-09-08 18:45:00,4453.10009765625,4455.5,4443.5,4444.7998046875,1390
2026-09-08 19:00:00,4444.89990234375,4450.2998046875,4434.7001953125,4441.10009765625,3485
2026-09-08 19:15:00,4440.89990234375,4452.0,4438.89990234375,4440.2998046875,3267
2026-09-08 19:30:00,4440.2998046875,4447.7001953125,4436.2001953125,4439.2998046875,2631
2026-09-08 19:45:00,4439.2001953125,4449.0,4438.7998046875,4441.5,2175
2026-09-08 20:00:00,4442.0,4446.0,4437.7001953125,4442.10009765625,2179
2026-09-08 20:15:00,4442.60009765625,4444.10009765625,4433.7001953125,4443.39990234375,3345
2026-09-08 20:30:00,4443.7998046875,4453.7001953125,4442.5,4450.0,2730
2026-09-08 20:45:00,4450.0,4454.5,4441.60009765625,4444.39990234375,3118
2026-09-08 21:00:00,4444.39990234375,4449.2998046875,4442.39990234375,4445.2001953125,1292
2026-09-08 21:15:00,4445.5,4445.7998046875,4439.7998046875,4439.7998046875,1587
2026-09-08 21:30:00,4440.0,4440.39990234375,4425.10009765625,4431.5,4982
2026-09-08 21:45:00,4431.39990234375,4440.5,4428.7998046875,4438.89990234375,2318
2026-09-08 22:00:00,4438.89990234375,4441.39990234375,4437.60009765625,4438.7998046875,1160
2026-09-08 22:15:00,4438.89990234375,4443.39990234375,4434.89990234375,4438.2998046875,2352
2026-09-08 22:30:00,4438.39990234375,4448.60009765625,4438.39990234375,4440.2998046875,2043
2026-09-08 22:45:00,4440.39990234375,4442.2998046875,4436.7998046875,4438.89990234375,2587
2026-09-08 23:00:00,4438.89990234375,4439.7998046875,4429.7001953125,4429.7001953125,1732
2026-09-08 23:15:00,4429.89990234375,4434.7001953125,4429.5,4434.2998046875,1051
2026-09-08 23:30:00,4434.5,4434.7001953125,4428.39990234375,4432.10009765625,1490
2026-09-08 23:45:00,4432.0,4432.10009765625,4428.60009765625,4430.10009765625,1367
2026-09-09 00:00:00,4430.10009765625,4430.39990234375,4425.7998046875,4430.2001953125,902
2026-09-09 00:15:00,4430.10009765625,4431.2998046875,4402.39990234375,4420.10009765625,8135
2026-09-09 00:30:00,4420.2001953125,4421.7998046875,4413.89990234375,4415.0,1735
2026-09-09 00:45:00,4415.2998046875,4417.89990234375,4411.0,4413.60009765625,1239
2026-09-09 01:00:00,4413.39990234375,4414.7998046875,4406.2998046875,4413.7001953125,1524
2026-09-09 01:15:00,4413.7001953125,4413.89990234375,4401.10009765625,4404.5,3292
2026-09-09 01:30:00,4404.10009765625,4409.5,4400.7001953125,4405.0,2136
2026-09-09 01:45:00,4405.2998046875,4406.0,4400.10009765625,4401.0,920
2026-09-09 02:00:00,4401.60009765625,4403.39990234375,4400.89990234375,4402.5,370
2026-09-09 02:15:00,4402.7001953125,4402.7001953125,4381.0,4400.0,1978
2026-09-09 03:30:00,4399.0,4403.0,4396.60009765625,4399.7998046875,435
2026-09-09 03:45:00,4399.7001953125,4401.39990234375,4396.7998046875,4398.2998046875,335
2026-09-09 04:00:00,4398.2998046875,4399.7001953125,4393.7001953125,4395.2998046875,470
2026-09-09 04:15:00,4395.5,4397.7998046875,4394.2001953125,4397.39990234375,296
2026-09-09 04:30:00,4397.39990234375,4398.39990234375,4395.0,4395.60009765625,402
2026-09-09 04:45:00,4395.89990234375,4401.2998046875,4395.10009765625,4401.0,593
2026-09-09 05:00:00,4401.10009765625,4403.39990234375,4400.2001953125,4402.5,426
2026-09-09 05:15:00,4401.7001953125,4402.0,4392.39990234375,4393.10009765625,878
2026-09-09 05:30:00,4393.2998046875,4396.60009765625,4388.0,4393.5,1465
2026-09-09 05:45:00,4393.60009765625,4393.7998046875,4384.10009765625,4390.60009765625,1009
2026-09-09 06:00:00,4390.2998046875,4398.5,4387.5,4398.5,849
2026-09-09 06:15:00,4398.2998046875,4409.5,4396.60009765625,4408.7998046875,1598
2026-09-09 06:30:00,4408.60009765625,4412.7001953125,4397.7998046875,4412.2998046875,2104
2026-09-09 06:45:00,4411.7001953125,4417.0,4406.60009765625,4415.7998046875,1916
2026-09-09 07:00:00,4415.7998046875,4422.0,4414.60009765625,4420.2001953125,1696
2026-09-09 07:15:00,4420.2998046875,4422.0,4414.60009765625,4417.7001953125,964
2026-09-09 07:30:00,4417.2998046875,4419.89990234375,4414.39990234375,4417.39990234375,473
2026-09-09 07:45:00,4417.60009765625,4420.89990234375,4415.2998046875,4416.60009765625,350
2026-09-09 08:00:00,4416.60009765625,4418.2998046875,4411.0,4418.10009765625,780
2026-09-09 08:15:00,4417.7001953125,4428.39990234375,4416.7998046875,4426.0,1259
2026-09-09 08:30:00,4426.2001953125,4426.60009765625,4421.7998046875,4423.0,517
2026-09-09 08:45:00,4422.5,4423.0,4419.2001953125,4422.10009765625,475
2026-09-09 09:00:00,4421.89990234375,4423.89990234375,4419.2001953125,4422.7998046875,234
2026-09-09 09:15:00,4422.2998046875,4422.7998046875,4419.7998046875,4420.39990234375,320
2026-09-09 09:30:00,4418.7001953125,4419.7001953125,4414.2001953125,4417.0,492
2026-09-09 09:45:00,4416.89990234375,4424.2998046875,4416.0,4423.7001953125,653
2026-09-09 10:00:00,4423.5,4423.7001953125,4419.89990234375,4421.7998046875,507
2026-09-09 10:15:00,4421.89990234375,4426.2001953125,4421.2998046875,4425.2998046875,506
2026-09-09 10:30:00,4425.39990234375,4431.2998046875,4423.89990234375,4431.10009765625,1902
2026-09-09 10:45:00,4431.2001953125,4432.2998046875,4426.7001953125,4428.7998046875,1347
2026-09-09 11:00:00,4428.7001953125,4439.0,4428.0,4439.0,1694
2026-09-09 11:15:00,4438.89990234375,4444.60009765625,4435.7998046875,4442.2998046875,2327
2026-09-09 11:30:00,4442.39990234375,4448.7998046875,4441.7001953125,4445.0,1975
2026-09-09 11:45:00,4444.60009765625,4446.7001953125,4438.60009765625,4441.60009765625,1683
2026-09-09 12:00:00,4441.7001953125,4449.89990234375,4440.5,4444.10009765625,2251
2026-09-09 12:15:00,4444.10009765625,4445.39990234375,4442.39990234375,4444.7001953125,710
2026-09-09 12:30:00,4444.39990234375,4451.7001953125,4443.0,4450.10009765625,1327
2026-09-09 12:45:00,4450.10009765625,4452.60009765625,4446.5,4451.39990234375,1179
2026-09-09 13:00:00,4451.5,4454.2001953125,4449.89990234375,4454.0,982
2026-09-09 13:15:00,4454.0,4456.2998046875,4451.89990234375,4452.89990234375,2501
2026-09-09 13:30:00,4452.7998046875,4455.39990234375,4447.39990234375,4447.5,2044
2026-09-09 13:45:00,4447.5,4448.5,4442.60009765625,4443.7001953125,1295
2026-09-09 14:00:00,4443.60009765625,4447.60009765625,4442.89990234375,4443.89990234375,756
2026-09-09 14:15:00,4443.7998046875,4447.39990234375,4442.7998046875,4444.60009765625,775
2026-09-09 14:30:00,4444.7998046875,4446.2998046875,4442.10009765625,4442.5,683
2026-09-09 14:45:00,4442.5,4444.2998046875,4440.60009765625,4442.5,1016
2026-09-09 15:00:00,4442.5,4443.0,4439.5,4440.60009765625,1147
2026-09-09 15:15:00,4440.39990234375,4440.39990234375,4432.5,4434.60009765625,1655
2026-09-09 15:30:00,4434.5,4437.2001953125,4430.0,4434.7998046875,1518
2026-09-09 15:45:00,4434.7001953125,4439.7001953125,4432.7001953125,4438.2001953125,968
2026-09-09 16:00:00,4438.10009765625,4442.5,4437.0,4438.2001953125,876
2026-09-09 16:15:00,4438.39990234375,4447.0,4438.10009765625,4442.89990234375,1716
2026-09-09 16:30:00,4443.2998046875,4448.10009765625,4443.2001953125,4447.0,816
2026-09-09 16:45:00,4447.2998046875,4453.2001953125,4445.0,4452.0,1409
2026-09-09 17:00:00,4452.2998046875,4452.39990234375,4447.39990234375,4449.60009765625,1436
2026-09-09 17:15:00,4450.0,4459.89990234375,4447.7001953125,4451.60009765625,2951
2026-09-09 17:30:00,4451.5,4453.60009765625,4443.2998046875,4443.60009765625,1482
2026-09-09 17:45:00,4443.7001953125,4444.7001953125,4438.10009765625,4438.5,2256
2026-09-09 18:00:00,4438.0,4442.0,4435.2001953125,4439.10009765625,2396
2026-09-09 18:15:00,4439.5,4447.0,4439.5,4444.39990234375,1676
2026-09-09 18:30:00,4444.2001953125,4458.0,4442.7998046875,4457.7998046875,3034
2026-09-09 18:45:00,4457.7998046875,4475.10009765625,4455.10009765625,4474.2998046875,5836
2026-09-09 19:00:00,4474.10009765625,4479.0,4456.7001953125,4461.39990234375,6459
2026-09-09 19:15:00,4461.60009765625,4468.2001953125,4454.7001953125,4459.2998046875,3781
2026-09-09 19:30:00,4459.2001953125,4473.0,4458.60009765625,4467.5,3889
2026-09-09 19:45:00,4467.7001953125,4470.2001953125,4453.60009765625,4470.0,3822
2026-09-09 20:00:00,4470.2001953125,4471.39990234375,4463.0,4463.2001953125,2764
2026-09-09 20:15:00,4463.39990234375,4468.10009765625,4459.2001953125,4463.2001953125,2287
2026-09-09 20:30:00,4463.39990234375,4477.0,4424.60009765625,4434.7998046875,17898
2026-09-09 20:45:00,4434.5,4439.89990234375,4419.2998046875,4438.7001953125,6943
2026-09-09 21:00:00,4439.10009765625,4451.89990234375,4436.7998046875,4447.5,4938
2026-09-09 21:15:00,4447.5,4451.5,4442.2998046875,4442.7001953125,1690
2026-09-09 21:30:00,4442.89990234375,4447.2998046875,4439.2001953125,4442.39990234375,1942
2026-09-09 21:45:00,4442.60009765625,4447.0,4435.7998046875,4446.2001953125,2045
2026-09-09 22:00:00,4446.0,4453.10009765625,4443.2998046875,4452.2998046875,1795
2026-09-09 22:15:00,4452.2998046875,4455.39990234375,4450.39990234375,4454.39990234375,1393
2026-09-09 22:30:00,4454.5,4465.2998046875,4453.7998046875,4461.60009765625,3240
2026-09-09 22:45:00,4461.7998046875,4465.60009765625,4459.5,4459.7998046875,2349
2026-09-09 23:00:00,4460.0,4462.2001953125,4456.7998046875,4458.5,1634
2026-09-09 23:15:00,4458.7001953125,4462.10009765625,4458.39990234375,4461.2001953125,806
2026-09-09 23:30:00,4461.39990234375,4466.7001953125,4461.10009765625,4465.60009765625,1402
2026-09-09 23:45:00,4465.7001953125,4465.89990234375,4461.89990234375,4463.10009765625,1189
2026-09-10 00:00:00,4463.2998046875,4463.5,4454.7001953125,4455.10009765625,1878
2026-09-10 00:15:00,4455.10009765625,4455.2998046875,4446.5,4448.2001953125,1336
2026-09-10 00:30:00,4448.2001953125,4449.2998046875,4442.0,4445.7998046875,1389
2026-09-10 00:45:00,4446.0,4450.39990234375,4444.10009765625,4445.10009765625,1023
2026-09-10 01:00:00,4445.10009765625,4446.5,4441.10009765625,4445.2001953125,816
2026-09-10 01:15:00,4445.39990234375,4446.89990234375,4441.60009765625,4444.39990234375,955
2026-09-10 01:30:00,4444.2001953125,4444.60009765625,4441.60009765625,4442.60009765625,415
2026-09-10 01:45:00,4442.5,4442.7001953125,4438.89990234375,4440.39990234375,576
2026-09-10 02:00:00,4440.2998046875,4446.39990234375,4440.2001953125,4445.60009765625,474
2026-09-10 02:15:00,4445.7001953125,4448.10009765625,4445.0,4447.2001953125,391
2026-09-10 03:30:00,4448.0,4450.39990234375,4446.60009765625,4446.7998046875,390
2026-09-10 03:45:00,4447.10009765625,4448.5,4444.39990234375,4446.7001953125,471
2026-09-10 04:00:00,4446.7001953125,4448.2998046875,4444.10009765625,4445.89990234375,889
2026-09-10 04:15:00,4446.2001953125,4446.2001953125,4442.0,4443.89990234375,948
2026-09-10 04:30:00,4444.0,4447.5,4442.2001953125,4444.7998046875,1386
2026-09-10 04:45:00,4444.2998046875,4446.2998046875,4439.60009765625,4441.2001953125,1327
2026-09-10 05:00:00,4441.2001953125,4443.0,4437.0,4437.89990234375,618
2026-09-10 05:15:00,4438.2001953125,4438.89990234375,4436.7001953125,4437.5,393
2026-09-10 05:30:00,4437.7001953125,4440.89990234375,4433.2001953125,4438.60009765625,839
2026-09-10 05:45:00,4438.5,4442.2998046875,4436.0,4436.60009765625,511
2026-09-10 06:00:00,4436.2998046875,4445.0,4434.89990234375,4444.60009765625,787
2026-09-10 06:15:00,4444.0,4448.39990234375,4441.2998046875,4444.5,854
2026-09-10 06:30:00,4444.2998046875,4462.5,4443.5,4456.2001953125,1965
2026-09-10 06:45:00,4456.0,4459.7998046875,4453.5,4453.5,1176
2026-09-10 07:00:00,4453.7001953125,4454.10009765625,4448.5,4453.10009765625,783
2026-09-10 07:15:00,4453.0,4457.7001953125,4451.10009765625,4455.2001953125,839
2026-09-10 07:30:00,4455.2001953125,4462.2001953125,4454.89990234375,4457.7001953125,1539
2026-09-10 07:45:00,4457.39990234375,4460.89990234375,4451.2998046875,4460.2998046875,1252
2026-09-10 08:00:00,4460.5,4464.39990234375,4454.2998046875,4461.39990234375,1418
2026-09-10 08:15:00,4461.2998046875,4464.2001953125,4459.60009765625,4462.7001953125,431
2026-09-10 08:30:00,4462.7001953125,4464.5,4454.7998046875,4455.7998046875,984
2026-09-10 08:45:00,4456.10009765625,4458.10009765625,4452.5,4453.2998046875,444
2026-09-10 09:00:00,4453.10009765625,4455.7001953125,4450.10009765625,4450.7998046875,308
2026-09-10 09:15:00,4451.0,4453.2001953125,4449.89990234375,4451.89990234375,352
2026-09-10 09:30:00,4452.39990234375,4458.39990234375,4452.10009765625,4456.89990234375,474
2026-09-10 09:45:00,4456.89990234375,4458.39990234375,4453.89990234375,4454.60009765625,384
2026-09-10 10:00:00,4455.2998046875,4456.7001953125,4448.39990234375,4449.2001953125,486
2026-09-10 10:15:00,4449.60009765625,4454.60009765625,4449.0,4451.39990234375,337
2026-09-10 10:30:00,4451.2001953125,4461.60009765625,4451.10009765625,4461.60009765625,736
2026-09-10 10:45:00,4461.7998046875,4463.7998046875,4459.7001953125,4463.60009765625,586
2026-09-10 11:00:00,4463.89990234375,4472.89990234375,4460.5,4471.39990234375,2096
2026-09-10 11:15:00,4471.7001953125,4475.10009765625,4467.39990234375,4475.0,2188
2026-09-10 11:30:00,4475.10009765625,4479.89990234375,4459.7998046875,4459.89990234375,2719
2026-09-10 11:45:00,4460.10009765625,4460.89990234375,4454.39990234375,4460.7998046875,2279
2026-09-10 12:00:00,4460.7001953125,4470.60009765625,4456.2001953125,4470.0,2183
2026-09-10 12:15:00,4470.5,4472.5,4467.2998046875,4469.2998046875,2472
2026-09-10 12:30:00,4469.0,4469.5,4456.89990234375,4457.2001953125,2648
2026-09-10 12:45:00,4456.89990234375,4458.7998046875,4451.7001953125,4451.7998046875,1084
2026-09-10 13:00:00,4452.10009765625,4454.39990234375,4447.5,4453.0,1794
2026-09-10 13:15:00,4453.0,4458.7001953125,4452.39990234375,4454.89990234375,2076
2026-09-10 13:30:00,4454.7001953125,4455.7001953125,4447.60009765625,4448.7001953125,1032
2026-09-10 13:45:00,4448.89990234375,4450.7998046875,4447.0,4449.10009765625,954
2026-09-10 14:00:00,4448.7001953125,4449.2001953125,4437.60009765625,4438.7001953125,1739
2026-09-10 14:15:00,4438.7001953125,4441.2001953125,4435.0,4437.7998046875,2472
2026-09-10 14:30:00,4437.7998046875,4439.5,4432.2998046875,4437.5,1339
2026-09-10 14:45:00,4437.89990234375,4439.5,4434.2998046875,4435.5,925
2026-09-10 15:00:00,4435.2001953125,4435.7998046875,4431.0,4435.60009765625,1214
2026-09-10 15:15:00,4435.60009765625,4438.60009765625,4435.2998046875,4437.0,596
2026-09-10 15:30:00,4436.89990234375,4442.7998046875,4432.2001953125,4437.89990234375,1937
2026-09-10 15:45:00,4437.5,4442.7998046875,4436.2001953125,4436.7001953125,714
2026-09-10 16:00:00,4437.0,4437.5,4420.2001953125,4426.39990234375,3111
2026-09-10 16:15:00,4426.10009765625,4430.2998046875,4417.0,4421.39990234375,3125
2026-09-10 16:30:00,4421.10009765625,4426.89990234375,4417.39990234375,4425.60009765625,1868
2026-09-10 16:45:00,4425.7001953125,4431.2001953125,4421.89990234375,4428.0,1275
2026-09-10 17:00:00,4427.89990234375,4433.10009765625,4426.60009765625,4426.89990234375,1149
2026-09-10 17:15:00,4427.0,4427.60009765625,4415.10009765625,4416.7001953125,1614
2026-09-10 17:30:00,4416.7998046875,4419.89990234375,4411.7001953125,4417.39990234375,3565
2026-09-10 17:45:00,4417.10009765625,4419.2001953125,4403.60009765625,4406.2998046875,4031
2026-09-10 18:00:00,4406.89990234375,4415.39990234375,4365.39990234375,4382.5,16408
2026-09-10 18:15:00,4382.2998046875,4396.7998046875,4378.0,4381.7998046875,7851
2026-09-10 18:30:00,4382.10009765625,4397.39990234375,4380.39990234375,4385.7001953125,5747
2026-09-10 18:45:00,4385.5,4399.7998046875,4383.0,4399.60009765625,3673
2026-09-10 19:00:00,4399.7001953125,4416.0,4394.10009765625,4407.0,7139
2026-09-10 19:15:00,4407.10009765625,4418.10009765625,4404.39990234375,4408.5,7422
2026-09-10 19:30:00,4408.2998046875,4417.7998046875,4401.7001953125,4401.7998046875,4292
2026-09-10 19:45:00,4401.7001953125,4419.10009765625,4396.5,4405.89990234375,6764
2026-09-10 20:00:00,4406.0,4412.7998046875,4398.60009765625,4398.7998046875,3840
2026-09-10 20:15:00,4398.60009765625,4404.10009765625,4396.39990234375,4400.10009765625,2618
2026-09-10 20:30:00,4400.39990234375,4403.60009765625,4394.60009765625,4402.2998046875,2486
2026-09-10 20:45:00,4401.5,4409.7001953125,4400.5,4407.2998046875,2166
2026-09-10 21:00:00,4407.39990234375,4414.10009765625,4404.2998046875,4407.7998046875,2193
2026-09-10 21:15:00,4408.10009765625,4412.2998046875,4402.7001953125,4407.7998046875,1526
2026-09-10 21:30:00,4408.10009765625,4412.0,4395.5,4400.7998046875,2634
2026-09-10 21:45:00,4400.60009765625,4405.7001953125,4397.10009765625,4405.10009765625,1348
2026-09-10 22:00:00,4404.5,4407.5,4397.89990234375,4398.39990234375,2864
2026-09-10 22:15:00,4398.60009765625,4406.39990234375,4398.5,4406.39990234375,1739
2026-09-10 22:30:00,4406.2001953125,4410.5,4401.60009765625,4404.60009765625,2351
2026-09-10 22:45:00,4404.5,4409.0,4403.2001953125,4408.0,2354
2026-09-10 23:00:00,4407.89990234375,4408.39990234375,4397.10009765625,4401.2001953125,1926
2026-09-10 23:15:00,4401.10009765625,4401.89990234375,4392.7001953125,4394.2001953125,1475
2026-09-10 23:30:00,4394.39990234375,4397.7998046875,4382.0,4382.39990234375,3574
2026-09-10 23:45:00,4382.2998046875,4387.89990234375,4378.7998046875,4380.7001953125,2593
2026-09-11 00:00:00,4380.60009765625,4380.60009765625,4373.2998046875,4375.39990234375,2381
2026-09-11 00:15:00,4375.2001953125,4380.10009765625,4371.2998046875,4374.39990234375,3388
2026-09-11 00:30:00,4374.0,4374.0,4354.7001953125,4363.7001953125,5886
2026-09-11 00:45:00,4363.89990234375,4372.10009765625,4360.5,4368.7998046875,2062
2026-09-11 01:00:00,4368.7001953125,4371.0,4364.5,4365.2998046875,1472
2026-09-11 01:15:00,4365.60009765625,4367.10009765625,4361.2998046875,4365.7001953125,1409
2026-09-11 01:30:00,4365.5,4365.7001953125,4361.10009765625,4364.2998046875,733
2026-09-11 01:45:00,4364.10009765625,4364.2001953125,4357.60009765625,4359.7998046875,798
2026-09-11 02:00:00,4359.7001953125,4359.7998046875,4357.10009765625,4359.2001953125,584
2026-09-11 02:15:00,4359.5,4360.60009765625,4355.89990234375,4358.5,536
2026-09-11 03:30:00,4359.39990234375,4365.7998046875,4357.89990234375,4361.7001953125,247
2026-09-11 03:45:00,4362.0,4362.5,4359.2998046875,4360.2001953125,308
2026-09-11 04:00:00,4360.39990234375,4360.7998046875,4354.0,4356.60009765625,767
2026-09-11 04:15:00,4356.5,4359.7001953125,4355.7001953125,4358.7998046875,377
2026-09-11 04:30:00,4358.7001953125,4360.60009765625,4356.89990234375,4360.10009765625,459
2026-09-11 04:45:00,4359.7998046875,4361.0,4358.0,4358.7001953125,232
2026-09-11 05:00:00,4358.5,4360.89990234375,4354.89990234375,4356.39990234375,457
2026-09-11 05:15:00,4356.60009765625,4358.39990234375,4351.2998046875,4354.5,602
2026-09-11 05:30:00,4355.5,4364.39990234375,4353.2001953125,4359.60009765625,850
2026-09-11 05:45:00,4360.0,4364.7998046875,4357.2998046875,4364.2001953125,562
2026-09-11 06:00:00,4364.2001953125,4367.89990234375,4359.7001953125,4367.60009765625,1035
2026-09-11 06:15:00,4367.5,4374.10009765625,4367.0,4372.2001953125,987
2026-09-11 06:30:00,4372.2998046875,4380.7001953125,4368.2001953125,4373.39990234375,2097
2026-09-11 06:45:00,4373.10009765625,4377.2998046875,4361.0,4368.7998046875,2020
2026-09-11 07:00:00,4368.2998046875,4375.10009765625,4362.60009765625,4366.89990234375,1608
2026-09-11 07:15:00,4367.10009765625,4370.10009765625,4363.89990234375,4369.10009765625,991
2026-09-11 07:30:00,4369.5,4373.60009765625,4367.7998046875,4370.7001953125,1118
2026-09-11 07:45:00,4371.0,4374.5,4363.7001953125,4365.2998046875,701
2026-09-11 08:00:00,4365.0,4366.39990234375,4356.7998046875,4359.2001953125,1665
2026-09-11 08:15:00,4359.0,4367.2001953125,4356.2001953125,4363.2001953125,1365
2026-09-11 08:30:00,4362.7001953125,4366.7998046875,4354.5,4360.10009765625,1276
2026-09-11 08:45:00,4359.7001953125,4362.0,4344.39990234375,4350.10009765625,1941
2026-09-11 09:00:00,4350.10009765625,4353.2001953125,4346.7001953125,4348.7998046875,1074
2026-09-11 09:15:00,4348.7998046875,4349.0,4341.39990234375,4345.0,1534
2026-09-11 09:30:00,4344.2001953125,4365.60009765625,4342.39990234375,4362.0,2226
2026-09-11 09:45:00,4362.10009765625,4369.7998046875,4360.0,4369.10009765625,929
2026-09-11 10:00:00,4369.2001953125,4373.10009765625,4366.0,4370.60009765625,1399
2026-09-11 10:15:00,4370.7998046875,4375.60009765625,4369.39990234375,4372.10009765625,966
2026-09-11 10:30:00,4372.39990234375,4378.7001953125,4368.89990234375,4378.7001953125,1113
2026-09-11 10:45:00,4378.60009765625,4379.89990234375,4373.89990234375,4375.5,639
2026-09-11 11:00:00,4375.7001953125,4383.5,4374.10009765625,4383.2001953125,1759
2026-09-11 11:15:00,4383.0,4392.5,4380.10009765625,4386.60009765625,1586
2026-09-11 11:30:00,4386.7998046875,4402.0,4386.2998046875,4399.89990234375,2315
2026-09-11 11:45:00,4399.7001953125,4401.2001953125,4392.0,4392.89990234375,1321
2026-09-11 12:00:00,4392.2998046875,4394.89990234375,4387.89990234375,4391.7001953125,1522
2026-09-11 12:15:00,4391.7998046875,4396.10009765625,4390.5,4394.7998046875,776
2026-09-11 12:30:00,4394.2001953125,4397.2998046875,4390.89990234375,4392.7998046875,899
2026-09-11 12:45:00,4393.2998046875,4393.5,4387.2998046875,4387.2998046875,810
2026-09-11 13:00:00,4387.5,4388.7001953125,4384.39990234375,4386.39990234375,838
2026-09-11 13:15:00,4386.10009765625,4386.2998046875,4381.7001953125,4386.10009765625,673
2026-09-11 13:30:00,4386.2998046875,4390.7001953125,4383.0,4388.39990234375,1503
2026-09-11 13:45:00,4388.5,4399.2998046875,4384.7001953125,4393.2001953125,1961
2026-09-11 14:00:00,4393.0,4398.2001953125,4392.2998046875,4394.39990234375,962
2026-09-11 14:15:00,4394.2998046875,4397.7001953125,4387.39990234375,4388.7001953125,1309
2026-09-11 14:30:00,4388.89990234375,4395.39990234375,4384.10009765625,4384.60009765625,689
2026-09-11 14:45:00,4384.2998046875,4388.0,4383.2001953125,4385.60009765625,899
2026-09-11 15:00:00,4386.0,4386.7001953125,4382.5,4385.2998046875,969
2026-09-11 15:15:00,4385.2001953125,4389.7998046875,4384.39990234375,4388.2001953125,765
2026-09-11 15:30:00,4388.2998046875,4391.89990234375,4382.7001953125,4388.10009765625,1971
2026-09-11 15:45:00,4388.2998046875,4392.0,4387.7998046875,4391.5,832
2026-09-11 16:00:00,4391.5,4391.89990234375,4385.7998046875,4386.89990234375,759
2026-09-11 16:15:00,4387.39990234375,4387.39990234375,4378.5,4379.39990234375,1069
2026-09-11 16:30:00,4379.2998046875,4384.60009765625,4376.5,4380.0,1321
2026-09-11 16:45:00,4379.7998046875,4383.89990234375,4378.0,4378.2001953125,1015
2026-09-11 17:00:00,4378.60009765625,4379.2998046875,4372.10009765625,4376.5,1270
2026-09-11 17:15:00,4376.60009765625,4378.2998046875,4372.7001953125,4375.0,1206
2026-09-11 17:30:00,4375.2998046875,4376.60009765625,4366.10009765625,4369.7001953125,2443
2026-09-11 17:45:00,4369.60009765625,4385.5,4368.89990234375,4382.10009765625,2454
2026-09-11 18:00:00,4383.39990234375,4404.2998046875,4333.0,4395.39990234375,20822
2026-09-11 18:15:00,4395.60009765625,4432.60009765625,4394.10009765625,4430.2998046875,11394
2026-09-11 18:30:00,4430.5,4436.39990234375,4422.60009765625,4431.2001953125,9271
2026-09-11 18:45:00,4431.2998046875,4440.39990234375,4421.89990234375,4431.60009765625,6076
2026-09-11 19:00:00,4432.2998046875,4442.39990234375,4423.2998046875,4436.5,6618
2026-09-11 19:15:00,4436.89990234375,4444.89990234375,4429.10009765625,4443.89990234375,3981
2026-09-11 19:30:00,4443.7001953125,4444.89990234375,4423.7998046875,4425.2001953125,5225
2026-09-11 19:45:00,4425.0,4427.7001953125,4416.2001953125,4417.0,4342
2026-09-11 20:00:00,4417.2001953125,4417.5,4406.2998046875,4413.10009765625,4140
2026-09-11 20:15:00,4412.89990234375,4426.10009765625,4412.2998046875,4412.5,4476
2026-09-11 20:30:00,4412.5,4414.7998046875,4401.0,4404.2998046875,3567
2026-09-11 20:45:00,4404.10009765625,4414.0,4403.39990234375,4412.0,3317
2026-09-11 21:00:00,4411.7998046875,4418.7001953125,4410.60009765625,4414.5,2176
2026-09-11 21:15:00,4414.2998046875,4415.2998046875,4406.7998046875,4408.60009765625,1692
2026-09-11 21:30:00,4408.60009765625,4414.39990234375,4402.7001953125,4403.0,1637
2026-09-11 21:45:00,4402.7998046875,4405.7998046875,4393.2998046875,4396.2001953125,4954
2026-09-11 22:00:00,4396.5,4407.39990234375,4394.7001953125,4405.39990234375,2719
2026-09-11 22:15:00,4405.5,4406.89990234375,4402.10009765625,4403.7998046875,833
2026-09-11 22:30:00,4403.7001953125,4411.39990234375,4402.89990234375,4407.60009765625,2033
2026-09-11 22:45:00,4407.7001953125,4412.2998046875,4405.5,4409.10009765625,2631
2026-09-11 23:00:00,4409.10009765625,4412.7001953125,4402.10009765625,4404.39990234375,1962
2026-09-11 23:15:00,4404.10009765625,4406.2998046875,4400.0,4400.60009765625,1130
2026-09-11 23:30:00,4400.5,4402.39990234375,4387.10009765625,4389.0,2544
2026-09-11 23:45:00,4389.0,4395.2998046875,4385.7998046875,4392.89990234375,2633
2026-09-12 00:00:00,4392.89990234375,4393.89990234375,4388.0,4389.2001953125,721
2026-09-12 00:15:00,4389.10009765625,4389.39990234375,4386.2998046875,4389.10009765625,830
2026-09-12 00:30:00,4389.2998046875,4394.10009765625,4386.2998046875,4394.10009765625,1362
2026-09-12 00:45:00,4393.7998046875,4395.7998046875,4389.60009765625,4389.60009765625,992
2026-09-12 01:00:00,4389.89990234375,4390.60009765625,4387.5,4388.89990234375,847
2026-09-12 01:15:00,4388.5,4391.7998046875,4384.89990234375,4391.0,1503
2026-09-12 01:30:00,4391.0,4393.7998046875,4390.2998046875,4391.10009765625,423
2026-09-12 01:45:00,4390.7998046875,4392.7001953125,4388.60009765625,4390.7998046875,294
2026-09-12 02:00:00,4390.7998046875,4391.2001953125,4388.0,4388.7001953125,253
2026-09-12 02:15:00,4388.7998046875,4408.89990234375,4387.2998046875,4408.89990234375,529
2026-09-14 03:30:00,4371.89990234375,4374.7001953125,4370.7001953125,4372.0,491
2026-09-14 03:45:00,4371.5,4377.0,4368.60009765625,4376.89990234375,948
2026-09-14 04:00:00,4376.89990234375,4378.7001953125,4374.5,4377.7001953125,510
2026-09-14 04:15:00,4378.0,4380.89990234375,4375.7998046875,4378.39990234375,980
2026-09-14 04:30:00,4378.60009765625,4383.0,4378.60009765625,4380.10009765625,545
2026-09-14 04:45:00,4380.2998046875,4381.2998046875,4376.2998046875,4379.89990234375,355
2026-09-14 05:00:00,4379.7998046875,4382.89990234375,4378.39990234375,4379.39990234375,294
2026-09-14 05:15:00,4378.39990234375,4379.0,4372.60009765625,4373.2998046875,409
2026-09-14 05:30:00,4373.2998046875,4388.7998046875,4370.89990234375,4384.0,1315
2026-09-14 05:45:00,4385.39990234375,4386.2998046875,4374.2998046875,4378.89990234375,663
2026-09-14 06:00:00,4379.2998046875,4381.7998046875,4373.39990234375,4379.10009765625,704
2026-09-14 06:15:00,4379.2998046875,4384.39990234375,4378.5,4379.60009765625,768
2026-09-14 06:30:00,4379.7001953125,4385.89990234375,4370.60009765625,4373.0,2214
2026-09-14 06:45:00,4372.39990234375,4379.10009765625,4367.10009765625,4376.7001953125,1309
2026-09-14 07:00:00,4376.2998046875,4387.60009765625,4369.2998046875,4383.2001953125,1472
2026-09-14 07:15:00,4384.7001953125,4396.5,4383.7998046875,4394.5,1366
2026-09-14 07:30:00,4394.39990234375,4396.2001953125,4389.7001953125,4390.5,1163
2026-09-14 07:45:00,4390.5,4395.2998046875,4389.2998046875,4393.2001953125,349
2026-09-14 08:00:00,4393.7001953125,4396.7998046875,4384.5,4386.60009765625,1125
2026-09-14 08:15:00,4386.89990234375,4389.39990234375,4371.10009765625,4371.7998046875,1306
2026-09-14 08:30:00,4371.5,4376.89990234375,4368.2998046875,4374.2001953125,1298
2026-09-14 08:45:00,4374.2001953125,4377.10009765625,4372.5,4375.10009765625,393
2026-09-14 09:00:00,4375.5,4375.7001953125,4367.2001953125,4369.39990234375,855
2026-09-14 09:15:00,4369.39990234375,4373.7998046875,4368.7998046875,4370.60009765625,634
2026-09-14 09:30:00,4370.60009765625,4371.89990234375,4369.2998046875,4369.39990234375,288
2026-09-14 09:45:00,4369.39990234375,4371.89990234375,4369.0,4371.7998046875,269
2026-09-14 10:00:00,4371.7998046875,4371.7998046875,4363.39990234375,4363.5,1112
2026-09-14 10:15:00,4363.7998046875,4371.7998046875,4362.10009765625,4369.60009765625,1018
2026-09-14 10:30:00,4369.7998046875,4372.7001953125,4366.7001953125,4371.0,800
2026-09-14 10:45:00,4370.7001953125,4372.39990234375,4366.5,4366.5,392
2026-09-14 11:00:00,4366.89990234375,4377.39990234375,4365.39990234375,4371.39990234375,1731
2026-09-14 11:15:00,4371.2998046875,4378.10009765625,4363.5,4378.10009765625,1480
2026-09-14 11:30:00,4377.89990234375,4379.2998046875,4367.39990234375,4370.5,1124
2026-09-14 11:45:00,4370.2001953125,4373.0,4367.39990234375,4370.89990234375,576
2026-09-14 12:00:00,4370.39990234375,4372.89990234375,4365.7001953125,4367.7998046875,786
2026-09-14 12:15:00,4368.0,4370.5,4360.89990234375,4362.5,1020
2026-09-14 12:30:00,4362.39990234375,4364.5,4357.89990234375,4364.5,1175
2026-09-14 12:45:00,4364.39990234375,4364.39990234375,4356.7001953125,4357.2998046875,986
2026-09-14 13:00:00,4357.2001953125,4359.7998046875,4355.7001953125,4359.2998046875,1065
2026-09-14 13:15:00,4359.2998046875,4362.2001953125,4348.0,4350.7001953125,1929
2026-09-14 13:30:00,4350.89990234375,4358.39990234375,4350.7998046875,4353.2998046875,1089
2026-09-14 13:45:00,4353.0,4354.60009765625,4350.2001953125,4350.7001953125,822
2026-09-14 14:00:00,4350.0,4356.10009765625,4349.5,4351.89990234375,978
2026-09-14 14:15:00,4352.0,4353.5,4343.2001953125,4346.60009765625,1343
2026-09-14 14:30:00,4346.2998046875,4351.7998046875,4344.7998046875,4345.60009765625,1408
2026-09-14 14:45:00,4345.5,4345.89990234375,4320.10009765625,4327.89990234375,6499
2026-09-14 15:00:00,4327.39990234375,4329.2001953125,4318.60009765625,4321.0,3758
2026-09-14 15:15:00,4321.2998046875,4328.0,4317.2998046875,4325.2001953125,2340
2026-09-14 15:30:00,4325.10009765625,4329.39990234375,4317.7998046875,4328.2001953125,1829
2026-09-14 15:45:00,4327.7998046875,4332.39990234375,4325.7001953125,4330.89990234375,1371
2026-09-14 16:00:00,4331.0,4334.7998046875,4328.89990234375,4333.5,1002
2026-09-14 16:15:00,4333.89990234375,4336.5,4329.7001953125,4334.39990234375,1341
2026-09-14 16:30:00,4334.39990234375,4336.7998046875,4331.2001953125,4332.2998046875,1325
2026-09-14 16:45:00,4332.10009765625,4337.10009765625,4331.10009765625,4336.2998046875,704
2026-09-14 17:00:00,4336.10009765625,4337.10009765625,4332.0,4332.5,867
2026-09-14 17:15:00,4332.7001953125,4333.60009765625,4324.10009765625,4326.89990234375,1619
2026-09-14 17:30:00,4327.10009765625,4336.7998046875,4325.10009765625,4334.60009765625,1584
2026-09-14 17:45:00,4334.89990234375,4337.7001953125,4322.89990234375,4326.2998046875,3546
2026-09-14 18:00:00,4326.2998046875,4329.89990234375,4313.0,4323.7998046875,4877
2026-09-14 18:15:00,4323.60009765625,4323.60009765625,4305.7001953125,4310.7998046875,3236
2026-09-14 18:30:00,4311.2001953125,4312.89990234375,4293.0,4306.10009765625,7264
2026-09-14 18:45:00,4306.0,4317.5,4303.7998046875,4313.7001953125,3217
2026-09-14 19:00:00,4313.7001953125,4318.39990234375,4306.5,4314.7998046875,3387
2026-09-14 19:15:00,4314.7001953125,4321.89990234375,4309.5,4312.2001953125,3572
2026-09-14 19:30:00,4312.10009765625,4322.5,4304.7001953125,4322.10009765625,4170
2026-09-14 19:45:00,4322.2001953125,4323.39990234375,4303.7001953125,4310.39990234375,3379
2026-09-14 20:00:00,4310.39990234375,4317.39990234375,4306.0,4317.0,2134
2026-09-14 20:15:00,4317.5,4320.10009765625,4314.39990234375,4320.10009765625,2420
2026-09-14 20:30:00,4320.2001953125,4327.7998046875,4313.10009765625,4317.60009765625,5118
2026-09-14 20:45:00,4317.5,4325.60009765625,4313.2001953125,4324.2998046875,2477
2026-09-14 21:00:00,4324.2998046875,4339.39990234375,4323.60009765625,4334.89990234375,6136
2026-09-14 21:15:00,4335.39990234375,4336.2001953125,4327.2001953125,4329.10009765625,2758
2026-09-14 21:30:00,4329.2998046875,4338.89990234375,4327.2998046875,4334.89990234375,2000
2026-09-14 21:45:00,4335.10009765625,4346.39990234375,4334.89990234375,4340.89990234375,2833
2026-09-14 22:00:00,4340.7998046875,4348.89990234375,4340.2001953125,4346.89990234375,1689
2026-09-14 22:15:00,4347.0,4358.89990234375,4345.60009765625,4356.5,4965
2026-09-14 22:30:00,4356.5,4357.39990234375,4351.60009765625,4351.89990234375,1986
2026-09-14 22:45:00,4351.5,4354.7001953125,4349.7001953125,4352.2998046875,3301
2026-09-14 23:00:00,4352.2998046875,4354.10009765625,4348.2001953125,4350.39990234375,1411
2026-09-14 23:15:00,4350.2001953125,4354.2998046875,4348.89990234375,4351.60009765625,1297
2026-09-14 23:30:00,4351.7001953125,4356.7001953125,4348.7001953125,4353.2001953125,1980
2026-09-14 23:45:00,4352.7001953125,4353.0,4346.60009765625,4350.2001953125,1021
2026-09-15 00:00:00,4349.89990234375,4353.60009765625,4348.7001953125,4349.89990234375,843
2026-09-15 00:15:00,4349.5,4350.10009765625,4345.0,4347.7998046875,1133
2026-09-15 00:30:00,4347.89990234375,4348.2998046875,4343.10009765625,4346.39990234375,1123
2026-09-15 00:45:00,4346.2998046875,4346.2998046875,4336.5,4337.10009765625,1564
2026-09-15 01:00:00,4337.10009765625,4338.0,4331.2001953125,4332.39990234375,1443
2026-09-15 01:15:00,4332.39990234375,4332.39990234375,4323.2001953125,4324.10009765625,2171
2026-09-15 01:30:00,4324.10009765625,4329.2001953125,4322.7998046875,4328.39990234375,1131
2026-09-15 01:45:00,4328.5,4339.2001953125,4328.39990234375,4337.5,1157
2026-09-15 02:00:00,4337.60009765625,4340.39990234375,4335.2998046875,4335.7001953125,410
2026-09-15 02:15:00,4335.60009765625,4340.39990234375,4335.60009765625,4340.0,386
2026-09-15 03:30:00,4340.2998046875,4343.60009765625,4336.89990234375,4337.2001953125,256
2026-09-15 03:45:00,4337.60009765625,4338.39990234375,4332.60009765625,4336.2001953125,980
2026-09-15 04:00:00,4336.10009765625,4339.2001953125,4334.0,4336.2001953125,1462
2026-09-15 04:15:00,4336.2998046875,4338.89990234375,4333.7998046875,4335.89990234375,1317
2026-09-15 04:30:00,4335.7998046875,4338.10009765625,4330.7998046875,4332.5,1511
2026-09-15 04:45:00,4332.89990234375,4332.89990234375,4327.5,4330.5,1242
2026-09-15 05:00:00,4330.2998046875,4332.39990234375,4328.2001953125,4329.89990234375,895
2026-09-15 05:15:00,4330.0,4330.0,4327.7001953125,4329.0,361
2026-09-15 05:30:00,4328.89990234375,4329.7001953125,4324.2001953125,4327.5,585
2026-09-15 05:45:00,4327.2998046875,4330.7998046875,4324.2001953125,4328.89990234375,1025
2026-09-15 06:00:00,4328.60009765625,4333.7998046875,4323.7998046875,4333.2998046875,974
2026-09-15 06:15:00,4333.60009765625,4337.2998046875,4332.5,4333.60009765625,685
2026-09-15 06:30:00,4333.7998046875,4340.10009765625,4328.39990234375,4339.7998046875,1767
2026-09-15 06:45:00,4339.7001953125,4346.0,4339.2998046875,4341.7998046875,1391
2026-09-15 07:00:00,4342.10009765625,4347.0,4335.2001953125,4339.10009765625,1440
2026-09-15 07:15:00,4338.60009765625,4344.89990234375,4333.89990234375,4344.10009765625,1170
2026-09-15 07:30:00,4344.5,4352.10009765625,4344.39990234375,4347.5,2186
2026-09-15 07:45:00,4347.5,4350.5,4345.60009765625,4350.39990234375,688
2026-09-15 08:00:00,4350.89990234375,4358.2001953125,4347.60009765625,4352.10009765625,1559
2026-09-15 08:15:00,4351.89990234375,4357.89990234375,4351.7998046875,4354.89990234375,1019
2026-09-15 08:30:00,4354.7998046875,4355.2001953125,4350.5,4351.10009765625,834
2026-09-15 08:45:00,4351.2998046875,4354.89990234375,4350.39990234375,4351.5,1242
2026-09-15 09:00:00,4351.5,4354.10009765625,4348.7001953125,4349.2998046875,1339
2026-09-15 09:15:00,4348.89990234375,4350.7001953125,4343.89990234375,4345.10009765625,974
2026-09-15 09:30:00,4344.0,4350.39990234375,4343.10009765625,4348.0,1382
2026-09-15 09:45:00,4348.2001953125,4349.39990234375,4343.2001953125,4344.0,561
2026-09-15 10:00:00,4344.2001953125,4346.5,4341.2998046875,4345.39990234375,1327
2026-09-15 10:15:00,4345.2001953125,4348.10009765625,4344.2998046875,4344.7998046875,639
2026-09-15 10:30:00,4344.89990234375,4347.89990234375,4340.39990234375,4341.60009765625,589
2026-09-15 10:45:00,4341.7001953125,4341.89990234375,4336.5,4337.2001953125,785
2026-09-15 11:00:00,4337.0,4340.0,4329.10009765625,4336.39990234375,1840
2026-09-15 11:15:00,4336.39990234375,4340.10009765625,4331.0,4331.2001953125,885
2026-09-15 11:30:00,4331.10009765625,4334.7001953125,4326.0,4330.10009765625,1810
2026-09-15 11:45:00,4330.2001953125,4332.60009765625,4327.2998046875,4329.5,809
2026-09-15 12:00:00,4329.5,4331.39990234375,4325.89990234375,4330.7001953125,891
2026-09-15 12:15:00,4330.7998046875,4335.2998046875,4330.7001953125,4333.60009765625,1756
2026-09-15 12:30:00,4333.5,4335.7001953125,4326.89990234375,4328.2998046875,1630
2026-09-15 12:45:00,4328.5,4332.60009765625,4327.89990234375,4332.10009765625,975
2026-09-15 13:00:00,4332.39990234375,4333.2998046875,4320.60009765625,4324.10009765625,1522
2026-09-15 13:15:00,4324.2001953125,4330.7998046875,4316.60009765625,4320.7001953125,2188
2026-09-15 13:30:00,4320.7998046875,4320.89990234375,4304.0,4308.2998046875,3533
2026-09-15 13:45:00,4308.0,4316.0,4307.2998046875,4313.7998046875,1631
2026-09-15 14:00:00,4313.7998046875,4315.2998046875,4307.7998046875,4307.89990234375,1050
2026-09-15 14:15:00,4308.39990234375,4310.5,4301.7001953125,4302.7998046875,1458
2026-09-15 14:30:00,4303.10009765625,4307.7998046875,4302.2998046875,4306.0,1639
2026-09-15 14:45:00,4305.89990234375,4309.5,4301.60009765625,4307.10009765625,2169
2026-09-15 15:00:00,4306.7998046875,4312.39990234375,4304.89990234375,4309.5,1997
2026-09-15 15:15:00,4309.7001953125,4312.10009765625,4307.89990234375,4308.7001953125,1036
2026-09-15 15:30:00,4308.7998046875,4318.39990234375,4308.7998046875,4313.39990234375,1704
2026-09-15 15:45:00,4313.60009765625,4315.10009765625,4310.2998046875,4314.39990234375,839
2026-09-15 16:00:00,4314.60009765625,4317.2998046875,4313.5,4314.7998046875,899
2026-09-15 16:15:00,4315.0,4324.0,4314.39990234375,4321.7998046875,1775
2026-09-15 16:30:00,4321.2001953125,4324.0,4318.7998046875,4323.7998046875,1067
2026-09-15 16:45:00,4323.89990234375,4325.7001953125,4322.39990234375,4323.2998046875,1185
2026-09-15 17:00:00,4323.2001953125,4325.2998046875,4320.10009765625,4322.5,840
2026-09-15 17:15:00,4322.5,4326.7001953125,4322.10009765625,4324.39990234375,1225
2026-09-15 17:30:00,4324.39990234375,4324.7998046875,4315.60009765625,4318.5,1496
2026-09-15 17:45:00,4318.2998046875,4319.0,4311.0,4317.60009765625,2035
2026-09-15 18:00:00,4317.39990234375,4325.7001953125,4314.2998046875,4321.2001953125,2502
2026-09-15 18:15:00,4321.0,4336.2998046875,4320.7998046875,4330.60009765625,4514
2026-09-15 18:30:00,4330.2001953125,4334.60009765625,4323.60009765625,4326.7998046875,2706
2026-09-15 18:45:00,4326.89990234375,4333.39990234375,4323.2998046875,4327.39990234375,2484
2026-09-15 19:00:00,4327.60009765625,4334.0,4324.0,4329.60009765625,3097
2026-09-15 19:15:00,4329.0,4338.5,4328.0,4334.60009765625,3161
2026-09-15 19:30:00,4334.60009765625,4340.7001953125,4333.39990234375,4334.5,3211
2026-09-15 19:45:00,4334.7001953125,4335.7998046875,4322.2998046875,4324.39990234375,2810
2026-09-15 20:00:00,4324.2998046875,4326.2001953125,4315.7001953125,4318.10009765625,3535
2026-09-15 20:15:00,4317.89990234375,4322.7998046875,4313.0,4316.7998046875,3349
2026-09-15 20:30:00,4316.89990234375,4326.2998046875,4316.60009765625,4325.39990234375,2106
2026-09-15 20:45:00,4325.2001953125,4327.89990234375,4322.5,4324.10009765625,1657
2026-09-15 21:00:00,4324.2001953125,4330.7998046875,4321.7001953125,4328.10009765625,1784
2026-09-15 21:15:00,4328.10009765625,4335.2001953125,4325.2998046875,4329.89990234375,3251
2026-09-15 21:30:00,4329.60009765625,4331.7998046875,4326.2001953125,4326.2001953125,1418
2026-09-15 21:45:00,4326.2998046875,4337.2998046875,4325.39990234375,4335.89990234375,2213
2026-09-15 22:00:00,4335.7001953125,4338.2001953125,4331.60009765625,4336.7998046875,2251
2026-09-15 22:15:00,4336.89990234375,4338.39990234375,4335.2001953125,4335.60009765625,1511
2026-09-15 22:30:00,4335.7998046875,4339.7001953125,4330.5,4335.39990234375,2742
2026-09-15 22:45:00,4335.60009765625,4337.10009765625,4331.89990234375,4333.7001953125,3227
2026-09-15 23:00:00,4333.60009765625,4339.7998046875,4332.7001953125,4333.7998046875,2189
2026-09-15 23:15:00,4334.0,4336.89990234375,4333.7001953125,4335.2998046875,967
2026-09-15 23:30:00,4335.5,4344.7001953125,4332.89990234375,4342.39990234375,2486
2026-09-15 23:45:00,4342.7998046875,4347.2001953125,4342.39990234375,4345.0,2025
2026-09-16 00:00:00,4344.89990234375,4348.7998046875,4341.7998046875,4344.89990234375,1407
2026-09-16 00:15:00,4345.10009765625,4350.60009765625,4344.2998046875,4348.7001953125,954
2026-09-16 00:30:00,4348.7001953125,4350.7998046875,4339.89990234375,4339.89990234375,1365
2026-09-16 00:45:00,4339.89990234375,4342.0,4337.7998046875,4340.89990234375,778
2026-09-16 01:00:00,4340.60009765625,4342.10009765625,4336.2998046875,4336.39990234375,718
2026-09-16 01:15:00,4336.10009765625,4339.60009765625,4333.7001953125,4337.2998046875,1637
2026-09-16 01:30:00,4337.2998046875,4338.7998046875,4335.2001953125,4336.10009765625,865
2026-09-16 01:45:00,4336.10009765625,4336.7001953125,4333.7001953125,4334.10009765625,570
2026-09-16 02:00:00,4334.2998046875,4335.89990234375,4331.60009765625,4332.7998046875,462
2026-09-16 02:15:00,4332.89990234375,4334.2998046875,4331.7998046875,4333.39990234375,363
2026-09-16 03:30:00,4333.5,4335.89990234375,4331.89990234375,4332.60009765625,433
2026-09-16 03:45:00,4332.7001953125,4339.10009765625,4330.89990234375,4339.0,2034
2026-09-16 04:00:00,4339.10009765625,4339.5,4334.89990234375,4335.39990234375,713
2026-09-16 04:15:00,4335.2998046875,4335.89990234375,4329.2001953125,4329.2001953125,1332
2026-09-16 04:30:00,4329.10009765625,4329.7001953125,4324.7998046875,4326.39990234375,1167
2026-09-16 04:45:00,4326.10009765625,4327.2998046875,4322.0,4324.39990234375,918
2026-09-16 05:00:00,4324.0,4328.10009765625,4322.89990234375,4325.60009765625,1851
2026-09-16 05:15:00,4325.10009765625,4327.0,4321.2001953125,4323.2998046875,1396
2026-09-16 05:30:00,4323.89990234375,4325.10009765625,4320.7001953125,4322.7998046875,663
2026-09-16 05:45:00,4323.10009765625,4326.5,4322.10009765625,4324.39990234375,441
2026-09-16 06:00:00,4324.7998046875,4325.89990234375,4319.7001953125,4323.7001953125,892
2026-09-16 06:15:00,4323.60009765625,4325.2001953125,4315.2001953125,4317.10009765625,1713
2026-09-16 06:30:00,4317.10009765625,4327.60009765625,4316.2998046875,4327.0,2223
2026-09-16 06:45:00,4327.10009765625,4333.2998046875,4324.10009765625,4330.10009765625,1973
2026-09-16 07:00:00,4330.10009765625,4331.2001953125,4325.2001953125,4328.10009765625,848
2026-09-16 07:15:00,4327.89990234375,4328.60009765625,4319.39990234375,4321.7998046875,1276
2026-09-16 07:30:00,4322.0,4334.60009765625,4321.39990234375,4332.0,1516
2026-09-16 07:45:00,4331.7998046875,4340.5,4329.7001953125,4338.7998046875,2046
2026-09-16 08:00:00,4338.89990234375,4356.7001953125,4338.2998046875,4351.2998046875,4392
2026-09-16 08:15:00,4351.60009765625,4363.89990234375,4351.2001953125,4362.10009765625,3204
2026-09-16 08:30:00,4362.2998046875,4379.7001953125,4361.89990234375,4378.0,4479
2026-09-16 08:45:00,4378.10009765625,4381.89990234375,4372.60009765625,4372.60009765625,2528
2026-09-16 09:00:00,4372.5,4373.39990234375,4366.7001953125,4367.89990234375,1359
2026-09-16 09:15:00,4368.0,4368.89990234375,4363.2998046875,4367.2001953125,962
2026-09-16 09:30:00,4368.0,4369.2001953125,4366.2998046875,4367.60009765625,553
2026-09-16 09:45:00,4367.89990234375,4369.2001953125,4364.0,4366.60009765625,511
2026-09-16 10:00:00,4366.39990234375,4369.10009765625,4363.5,4363.7998046875,345
2026-09-16 10:15:00,4363.7001953125,4364.39990234375,4361.5,4362.60009765625,466
2026-09-16 10:30:00,4362.7998046875,4365.39990234375,4361.7001953125,4362.5,835
2026-09-16 10:45:00,4362.5,4367.7001953125,4362.39990234375,4365.7001953125,635
2026-09-16 11:00:00,4365.89990234375,4373.39990234375,4365.0,4373.39990234375,1229
2026-09-16 11:15:00,4373.39990234375,4374.2998046875,4366.89990234375,4366.89990234375,845
2026-09-16 11:30:00,4366.89990234375,4372.39990234375,4361.7001953125,4366.10009765625,1424
2026-09-16 11:45:00,4366.10009765625,4370.39990234375,4365.0,4367.0,876
2026-09-16 12:00:00,4366.7998046875,4368.39990234375,4364.0,4368.2001953125,758
2026-09-16 12:15:00,4368.0,4373.39990234375,4365.2001953125,4373.2001953125,1031
2026-09-16 12:30:00,4372.7001953125,4376.2001953125,4370.0,4375.5,1408
2026-09-16 12:45:00,4376.0,4378.0,4372.2998046875,4375.7998046875,809
2026-09-16 13:00:00,4375.89990234375,4379.10009765625,4374.0,4375.7998046875,1051
2026-09-16 13:15:00,4376.10009765625,4377.7001953125,4368.2001953125,4369.0,1509
2026-09-16 13:30:00,4369.0,4369.2998046875,4362.60009765625,4367.39990234375,1887
2026-09-16 13:45:00,4367.10009765625,4377.7001953125,4366.39990234375,4374.2998046875,3108
2026-09-16 14:00:00,4374.39990234375,4374.60009765625,4363.89990234375,4368.7998046875,1405
2026-09-16 14:15:00,4368.89990234375,4372.2001953125,4365.2001953125,4371.10009765625,1172
2026-09-16 14:30:00,4371.2001953125,4373.5,4370.5,4372.7998046875,1032
2026-09-16 14:45:00,4373.0,4375.0,4368.2998046875,4370.60009765625,2101
2026-09-16 15:00:00,4370.2998046875,4378.39990234375,4370.2998046875,4376.10009765625,1887
2026-09-16 15:15:00,4376.10009765625,4380.2998046875,4372.2001953125,4379.10009765625,1303
2026-09-16 15:30:00,4379.10009765625,4390.2001953125,4378.60009765625,4383.7998046875,4567
2026-09-16 15:45:00,4384.0,4390.0,4382.0,4389.2998046875,2136
2026-09-16 16:00:00,4389.39990234375,4390.60009765625,4386.89990234375,4390.2001953125,1236
2026-09-16 16:15:00,4390.10009765625,4393.0,4386.60009765625,4391.89990234375,1359
2026-09-16 16:30:00,4392.0,4394.5,4387.89990234375,4388.10009765625,2877
2026-09-16 16:45:00,4388.0,4394.7998046875,4387.39990234375,4391.7998046875,1747
2026-09-16 17:00:00,4391.7001953125,4394.2001953125,4388.2001953125,4390.89990234375,1594
2026-09-16 17:15:00,4391.2998046875,4391.7998046875,4382.7001953125,4382.7998046875,1440
2026-09-16 17:30:00,4382.7998046875,4389.2998046875,4381.60009765625,4384.5,2474
2026-09-16 17:45:00,4384.2998046875,4386.60009765625,4378.60009765625,4381.0,2498
2026-09-16 18:00:00,4380.7001953125,4386.2001953125,4375.0,4384.60009765625,2434
2026-09-16 18:15:00,4384.60009765625,4390.10009765625,4383.60009765625,4388.39990234375,2419
2026-09-16 18:30:00,4388.5,4398.60009765625,4385.0,4397.7001953125,4072
2026-09-16 18:45:00,4398.0,4402.89990234375,4390.60009765625,4393.2001953125,3312
2026-09-16 19:00:00,4393.10009765625,4395.5,4381.60009765625,4381.60009765625,3480
2026-09-16 19:15:00,4381.7001953125,4387.10009765625,4376.2998046875,4379.89990234375,2897
2026-09-16 19:30:00,4379.89990234375,4381.89990234375,4364.5,4381.7001953125,7778
2026-09-16 19:45:00,4381.7001953125,4382.89990234375,4372.39990234375,4379.7001953125,3069
2026-09-16 20:00:00,4379.60009765625,4387.89990234375,4376.0,4387.39990234375,2259
2026-09-16 20:15:00,4387.5,4398.10009765625,4386.89990234375,4397.2998046875,4021
2026-09-16 20:30:00,4397.2001953125,4400.2001953125,4391.89990234375,4395.2001953125,3827
2026-09-16 20:45:00,4395.39990234375,4397.2998046875,4385.89990234375,4386.10009765625,2568
2026-09-16 21:00:00,4386.2001953125,4394.60009765625,4384.5,4392.5,2102
2026-09-16 21:15:00,4392.60009765625,4405.2001953125,4392.0,4394.7001953125,4365
2026-09-16 21:30:00,4394.89990234375,4395.0,4388.5,4392.0,1380
2026-09-16 21:45:00,4392.0,4394.10009765625,4386.10009765625,4387.7998046875,1448
2026-09-16 22:00:00,4387.7001953125,4390.2998046875,4386.7998046875,4389.39990234375,1393
2026-09-16 22:15:00,4389.2998046875,4390.60009765625,4385.2998046875,4388.5,1499
2026-09-16 22:30:00,4388.2998046875,4388.5,4383.39990234375,4385.10009765625,1672
2026-09-16 22:45:00,4385.10009765625,4389.0,4383.89990234375,4388.2001953125,2299
2026-09-16 23:00:00,4388.39990234375,4391.60009765625,4385.0,4385.2998046875,1835
2026-09-16 23:15:00,4385.7998046875,4413.10009765625,4384.10009765625,4399.0,3429
2026-09-16 23:30:00,4404.2001953125,4412.0,4349.10009765625,4352.0,19307
2026-09-16 23:45:00,4351.7998046875,4365.7998046875,4347.89990234375,4363.89990234375,6850
2026-09-17 00:00:00,4363.5,4365.0,4298.89990234375,4341.60009765625,20150
2026-09-17 00:15:00,4341.60009765625,4347.7998046875,4296.2001953125,4301.2998046875,11621
2026-09-17 00:30:00,4301.0,4326.89990234375,4273.2998046875,4291.7001953125,16794
2026-09-17 00:45:00,4291.7998046875,4296.7998046875,4278.7001953125,4292.60009765625,5585
2026-09-17 01:00:00,4292.89990234375,4310.2001953125,4292.5,4304.10009765625,4341
2026-09-17 01:15:00,4303.5,4315.5,4303.5,4311.39990234375,3704
2026-09-17 01:30:00,4311.2001953125,4312.89990234375,4302.89990234375,4304.2998046875,1671
2026-09-17 01:45:00,4304.5,4307.60009765625,4296.89990234375,4299.7998046875,894
2026-09-17 02:00:00,4299.7001953125,4304.7001953125,4297.60009765625,4301.60009765625,668
2026-09-17 02:15:00,4301.7998046875,4305.5,4299.89990234375,4302.5,488
2026-09-17 03:30:00,4301.39990234375,4302.7001953125,4296.0,4296.10009765625,526
2026-09-17 03:45:00,4296.2998046875,4300.60009765625,4294.5,4299.10009765625,703
2026-09-17 04:00:00,4299.2998046875,4314.0,4299.0,4310.7001953125,1868
2026-09-17 04:15:00,4311.2001953125,4311.7001953125,4303.2001953125,4304.7001953125,1101
2026-09-17 04:30:00,4304.0,4306.10009765625,4296.7998046875,4300.39990234375,2105
2026-09-17 04:45:00,4300.7998046875,4311.10009765625,4300.0,4309.7998046875,924
2026-09-17 05:00:00,4309.89990234375,4313.0,4306.39990234375,4311.5,1055
2026-09-17 05:15:00,4311.7001953125,4313.7001953125,4309.2998046875,4309.7001953125,938
2026-09-17 05:30:00,4309.7998046875,4324.7998046875,4304.39990234375,4322.7998046875,2096
2026-09-17 05:45:00,4322.60009765625,4327.7001953125,4319.5,4322.7998046875,1767
2026-09-17 06:00:00,4322.5,4330.39990234375,4320.39990234375,4327.0,1207
2026-09-17 06:15:00,4327.0,4327.39990234375,4315.2001953125,4318.5,1605
2026-09-17 06:30:00,4318.39990234375,4348.7001953125,4318.39990234375,4337.10009765625,5262
2026-09-17 06:45:00,4336.7001953125,4350.89990234375,4336.2998046875,4348.10009765625,1948
2026-09-17 07:00:00,4347.39990234375,4356.2001953125,4346.60009765625,4347.10009765625,2350
2026-09-17 07:15:00,4347.0,4349.7998046875,4335.7998046875,4337.89990234375,1666
2026-09-17 07:30:00,4338.2001953125,4338.89990234375,4319.0,4325.5,2720
2026-09-17 07:45:00,4325.7001953125,4331.2998046875,4325.2998046875,4330.10009765625,1110
2026-09-17 08:00:00,4330.10009765625,4331.10009765625,4319.7001953125,4326.60009765625,1580
2026-09-17 08:15:00,4326.7001953125,4327.7001953125,4312.0,4315.2001953125,1648
2026-09-17 08:30:00,4315.2001953125,4324.5,4315.2001953125,4322.89990234375,1010
2026-09-17 08:45:00,4323.10009765625,4325.0,4321.0,4323.7998046875,422
2026-09-17 09:00:00,4323.7998046875,4334.60009765625,4323.7998046875,4334.10009765625,1222
2026-09-17 09:15:00,4334.5,4336.0,4332.2001953125,4335.39990234375,820
2026-09-17 09:30:00,4334.2001953125,4335.10009765625,4331.2001953125,4332.2001953125,607
2026-09-17 09:45:00,4332.39990234375,4334.10009765625,4329.39990234375,4330.0,513
2026-09-17 10:00:00,4329.60009765625,4335.0,4328.7001953125,4334.0,646
2026-09-17 10:15:00,4333.89990234375,4337.5,4333.89990234375,4336.10009765625,890
2026-09-17 10:30:00,4335.60009765625,4337.60009765625,4332.60009765625,4332.7998046875,399
2026-09-17 10:45:00,4332.39990234375,4332.39990234375,4323.7001953125,4324.7998046875,867
2026-09-17 11:00:00,4324.89990234375,4336.5,4324.60009765625,4335.5,1003
2026-09-17 11:15:00,4335.60009765625,4343.7001953125,4334.2998046875,4342.60009765625,990
2026-09-17 11:30:00,4342.5,4351.0,4342.2998046875,4350.5,1818
2026-09-17 11:45:00,4350.89990234375,4351.60009765625,4343.2001953125,4350.7001953125,1030
2026-09-17 12:00:00,4350.39990234375,4353.7998046875,4344.2998046875,4347.7998046875,1184
2026-09-17 12:15:00,4348.0,4350.2998046875,4345.2998046875,4349.5,1080
2026-09-17 12:30:00,4349.39990234375,4362.10009765625,4347.7998046875,4361.60009765625,2231
2026-09-17 12:45:00,4361.7998046875,4368.7998046875,4358.0,4368.2001953125,2648
2026-09-17 13:00:00,4368.2998046875,4373.89990234375,4368.0,4370.39990234375,2007
2026-09-17 13:15:00,4370.5,4374.39990234375,4362.7001953125,4366.10009765625,2262
2026-09-17 13:30:00,4366.39990234375,4367.2001953125,4356.89990234375,4359.10009765625,1725
2026-09-17 13:45:00,4359.10009765625,4361.10009765625,4353.7001953125,4355.10009765625,1755
2026-09-17 14:00:00,4355.2001953125,4359.0,4351.2998046875,4353.0,1386
2026-09-17 14:15:00,4352.7998046875,4353.2001953125,4349.2001953125,4350.7001953125,1015
2026-09-17 14:30:00,4351.2998046875,4358.5,4351.2001953125,4355.10009765625,1278
2026-09-17 14:45:00,4354.89990234375,4355.60009765625,4344.7998046875,4345.39990234375,1408
2026-09-17 15:00:00,4345.2998046875,4350.2001953125,4343.89990234375,4348.5,1424
2026-09-17 15:15:00,4348.10009765625,4350.39990234375,4344.60009765625,4345.10009765625,796
2026-09-17 15:30:00,4345.2998046875,4352.7998046875,4343.7998046875,4349.2001953125,805
2026-09-17 15:45:00,4349.2001953125,4355.10009765625,4345.89990234375,4352.7998046875,758
2026-09-17 16:00:00,4353.0,4358.10009765625,4351.60009765625,4356.0,977
2026-09-17 16:15:00,4355.7001953125,4364.7001953125,4355.60009765625,4363.7001953125,1227
2026-09-17 16:30:00,4363.89990234375,4379.7001953125,4363.2001953125,4371.89990234375,3834
2026-09-17 16:45:00,4371.89990234375,4374.5,4366.0,4368.0,1804
2026-09-17 17:00:00,4368.10009765625,4368.5,4362.89990234375,4364.60009765625,1397
2026-09-17 17:15:00,4364.5,4393.5,4364.2001953125,4390.0,4734
2026-09-17 17:30:00,4390.0,4395.60009765625,4383.7998046875,4394.89990234375,5621
2026-09-17 17:45:00,4395.10009765625,4423.2998046875,4393.60009765625,4421.2998046875,8017
2026-09-17 18:00:00,4421.0,4421.0,4400.7001953125,4400.89990234375,5140
2026-09-17 18:15:00,4401.10009765625,4415.2998046875,4399.39990234375,4413.7998046875,3613
2026-09-17 18:30:00,4413.7998046875,4415.0,4400.60009765625,4406.5,3739
2026-09-17 18:45:00,4406.7998046875,4415.7998046875,4405.5,4407.39990234375,2279
2026-09-17 19:00:00,4407.60009765625,4415.0,4396.7998046875,4398.89990234375,5159
2026-09-17 19:15:00,4398.7998046875,4412.5,4395.89990234375,4407.39990234375,3961
2026-09-17 19:30:00,4407.2998046875,4420.89990234375,4405.2001953125,4412.39990234375,4338
2026-09-17 19:45:00,4412.7001953125,4413.60009765625,4406.10009765625,4407.5,2196
2026-09-17 20:00:00,4407.89990234375,4408.5,4400.2001953125,4401.7001953125,2929
2026-09-17 20:15:00,4401.89990234375,4405.39990234375,4392.2001953125,4394.5,3248
2026-09-17 20:30:00,4394.60009765625,4402.7001953125,4391.7998046875,4402.39990234375,2207
2026-09-17 20:45:00,4402.2998046875,4405.2001953125,4397.0,4398.2998046875,1971
2026-09-17 21:00:00,4399.10009765625,4407.39990234375,4396.0,4405.89990234375,1903
2026-09-17 21:15:00,4405.89990234375,4410.2001953125,4403.60009765625,4409.7998046875,1929
2026-09-17 21:30:00,4410.10009765625,4412.7001953125,4406.7998046875,4407.60009765625,2337
2026-09-17 21:45:00,4407.7998046875,4408.60009765625,4403.2998046875,4407.2998046875,1469
2026-09-17 22:00:00,4407.2001953125,4407.39990234375,4397.10009765625,4399.7001953125,2046
2026-09-17 22:15:00,4399.60009765625,4402.10009765625,4395.2998046875,4401.89990234375,2303
2026-09-17 22:30:00,4402.10009765625,4405.7001953125,4398.2001953125,4401.7001953125,1619
2026-09-17 22:45:00,4401.89990234375,4403.0,4397.60009765625,4400.2001953125,2350
2026-09-17 23:00:00,4400.2998046875,4403.7001953125,4397.2998046875,4400.2001953125,949
2026-09-17 23:15:00,4400.2001953125,4401.39990234375,4398.60009765625,4400.2998046875,527
2026-09-17 23:30:00,4401.2001953125,4405.5,4400.10009765625,4404.7001953125,705
2026-09-17 23:45:00,4404.7998046875,4405.60009765625,4395.7998046875,4396.0,909
2026-09-18 00:00:00,4396.2998046875,4396.5,4388.10009765625,4391.5,1815
2026-09-18 00:15:00,4391.60009765625,4392.2001953125,4388.7001953125,4390.89990234375,985
2026-09-18 00:30:00,4391.2001953125,4395.39990234375,4390.7001953125,4394.10009765625,779
2026-09-18 00:45:00,4394.0,4394.2001953125,4382.39990234375,4382.39990234375,1540
2026-09-18 01:00:00,4382.5,4386.0,4381.60009765625,4384.60009765625,792
2026-09-18 01:15:00,4384.5,4388.7998046875,4383.2001953125,4385.2001953125,1388
2026-09-18 01:30:00,4385.60009765625,4386.2001953125,4381.7001953125,4382.2998046875,559
2026-09-18 01:45:00,4382.60009765625,4384.7001953125,4381.39990234375,4381.7001953125,376
2026-09-18 02:00:00,4381.7998046875,4383.39990234375,4380.2998046875,4380.89990234375,529
2026-09-18 02:15:00,4380.7001953125,4382.10009765625,4380.2998046875,4380.60009765625,348
2026-09-18 03:30:00,4381.60009765625,4384.10009765625,4380.7001953125,4383.39990234375,221
2026-09-18 03:45:00,4383.5,4384.0,4380.5,4383.7001953125,924
2026-09-18 04:00:00,4383.7998046875,4388.5,4383.2001953125,4383.2001953125,1276
2026-09-18 04:15:00,4383.2998046875,4385.0,4380.10009765625,4383.0,1702
2026-09-18 04:30:00,4383.2001953125,4385.2001953125,4378.2998046875,4383.89990234375,881
2026-09-18 04:45:00,4383.7998046875,4386.7001953125,4380.39990234375,4383.2001953125,1185
2026-09-18 05:00:00,4383.0,4383.7998046875,4382.0,4383.10009765625,200
2026-09-18 05:15:00,4383.0,4387.10009765625,4382.10009765625,4385.0,296
2026-09-18 05:30:00,4384.39990234375,4393.60009765625,4380.7001953125,4393.2998046875,899
2026-09-18 05:45:00,4393.0,4396.2998046875,4389.60009765625,4392.5,968
2026-09-18 06:00:00,4392.0,4399.5,4391.89990234375,4397.7001953125,723
2026-09-18 06:15:00,4397.7998046875,4398.39990234375,4391.2998046875,4394.89990234375,754
2026-09-18 06:30:00,4395.5,4404.60009765625,4395.5,4397.0,1825
2026-09-18 06:45:00,4396.7998046875,4403.2998046875,4393.60009765625,4398.5,1242
2026-09-18 07:00:00,4398.60009765625,4398.7001953125,4385.89990234375,4386.0,1210
2026-09-18 07:15:00,4386.0,4389.2998046875,4382.60009765625,4387.0,992
2026-09-18 07:30:00,4387.0,4390.7001953125,4384.89990234375,4389.2001953125,849
2026-09-18 07:45:00,4389.10009765625,4392.5,4386.7001953125,4391.5,671
2026-09-18 08:00:00,4392.10009765625,4395.10009765625,4388.7998046875,4390.2998046875,894
2026-09-18 08:15:00,4390.2998046875,4394.39990234375,4381.7998046875,4385.39990234375,1092
2026-09-18 08:30:00,4384.7998046875,4390.39990234375,4382.7001953125,4383.2001953125,1186
2026-09-18 08:45:00,4383.2998046875,4383.2998046875,4372.2001953125,4379.2998046875,2804
2026-09-18 09:00:00,4379.0,4397.10009765625,4378.7998046875,4395.7001953125,1872
2026-09-18 09:15:00,4395.60009765625,4399.5,4395.2998046875,4396.60009765625,1245
2026-09-18 09:30:00,4397.60009765625,4400.60009765625,4395.5,4395.5,694
2026-09-18 09:45:00,4396.0,4397.5,4391.7998046875,4397.5,618
2026-09-18 10:00:00,4397.2001953125,4405.0,4396.10009765625,4403.7998046875,847
2026-09-18 10:15:00,4404.10009765625,4406.89990234375,4400.5,4406.39990234375,1276
2026-09-18 10:30:00,4406.7001953125,4409.2001953125,4403.60009765625,4405.39990234375,1072
2026-09-18 10:45:00,4405.2998046875,4409.2998046875,4403.60009765625,4404.2001953125,627
2026-09-18 11:00:00,4404.39990234375,4418.10009765625,4399.7998046875,4416.7001953125,2745
2026-09-18 11:15:00,4416.60009765625,4417.7001953125,4410.10009765625,4416.89990234375,1690
2026-09-18 11:30:00,4417.0,4430.2001953125,4416.7001953125,4428.39990234375,3354
2026-09-18 11:45:00,4428.5,4433.7001953125,4421.5,4432.10009765625,1541
2026-09-18 12:00:00,4432.0,4436.60009765625,4430.2998046875,4436.0,1184
2026-09-18 12:15:00,4435.5,4437.10009765625,4429.39990234375,4433.5,1526
2026-09-18 12:30:00,4433.2001953125,4435.60009765625,4429.0,4430.2001953125,1223
2026-09-18 12:45:00,4430.60009765625,4435.89990234375,4429.5,4435.5,1143
2026-09-18 13:00:00,4435.5,4437.39990234375,4431.10009765625,4433.7001953125,1473
2026-09-18 13:15:00,4433.60009765625,4439.7998046875,4432.5,4433.2998046875,1936
2026-09-18 13:30:00,4433.2001953125,4438.2998046875,4430.2001953125,4430.5,1114
2026-09-18 13:45:00,4430.5,4434.0,4427.39990234375,4427.7001953125,1310
2026-09-18 14:00:00,4428.2001953125,4429.5,4424.89990234375,4426.5,1056
2026-09-18 14:15:00,4426.5,4434.2001953125,4425.89990234375,4432.10009765625,1056
2026-09-18 14:30:00,4432.2998046875,4438.2998046875,4431.5,4434.60009765625,984
2026-09-18 14:45:00,4434.7001953125,4435.2998046875,4425.89990234375,4428.0,1148
2026-09-18 15:00:00,4427.7001953125,4429.0,4416.60009765625,4416.60009765625,1929
2026-09-18 15:15:00,4416.5,4418.2998046875,4413.10009765625,4416.10009765625,1619
2026-09-18 15:30:00,4416.39990234375,4419.89990234375,4415.5,4418.7998046875,869
2026-09-18 15:45:00,4419.0,4421.39990234375,4417.2001953125,4421.39990234375,499
2026-09-18 16:00:00,4421.2998046875,4422.2001953125,4418.10009765625,4421.10009765625,807
2026-09-18 16:15:00,4420.89990234375,4421.60009765625,4415.7998046875,4421.2998046875,662
2026-09-18 16:30:00,4421.2001953125,4428.10009765625,4416.7998046875,4427.7998046875,1885
2026-09-18 16:45:00,4427.39990234375,4427.89990234375,4416.89990234375,4416.89990234375,843
2026-09-18 17:00:00,4417.2998046875,4422.0,4413.7998046875,4414.7998046875,1027
2026-09-18 17:15:00,4415.0,4421.10009765625,4411.39990234375,4420.7998046875,1768
2026-09-18 17:30:00,4420.89990234375,4421.89990234375,4409.39990234375,4412.0,2638
2026-09-18 17:45:00,4412.5,4415.89990234375,4392.39990234375,4397.0,4463
2026-09-18 18:00:00,4397.0,4412.2001953125,4396.7001953125,4407.89990234375,2753
2026-09-18 18:15:00,4408.2001953125,4409.7001953125,4405.10009765625,4407.60009765625,1206
2026-09-18 18:30:00,4408.0,4414.5,4402.5,4410.60009765625,2715
2026-09-18 18:45:00,4410.7001953125,4413.39990234375,4401.7001953125,4406.10009765625,2261
2026-09-18 19:00:00,4406.0,4406.60009765625,4390.7001953125,4392.10009765625,3845
2026-09-18 19:15:00,4392.0,4397.10009765625,4385.60009765625,4387.60009765625,3157
2026-09-18 19:30:00,4387.5,4394.89990234375,4386.10009765625,4389.89990234375,2818
2026-09-18 19:45:00,4390.2001953125,4393.60009765625,4381.2998046875,4381.5,2869
2026-09-18 20:00:00,4381.2001953125,4393.2998046875,4381.0,4391.7998046875,2693
2026-09-18 20:15:00,4391.2001953125,4400.10009765625,4390.0,4391.5,3231
2026-09-18 20:30:00,4391.2001953125,4394.7001953125,4386.10009765625,4390.5,2177
2026-09-18 20:45:00,4390.5,4395.39990234375,4389.89990234375,4394.5,1418
2026-09-18 21:00:00,4394.60009765625,4395.7998046875,4387.10009765625,4393.0,2209
2026-09-18 21:15:00,4393.39990234375,4396.60009765625,4390.7001953125,4395.0,1309
2026-09-18 21:30:00,4395.2001953125,4403.39990234375,4393.39990234375,4400.0,1843
2026-09-18 21:45:00,4400.0,4416.89990234375,4398.2998046875,4416.2001953125,3097
2026-09-18 22:00:00,4416.2998046875,4422.60009765625,4413.0,4416.7001953125,2821
2026-09-18 22:15:00,4416.7001953125,4422.2001953125,4415.39990234375,4421.10009765625,1769
2026-09-18 22:30:00,4421.2001953125,4425.7998046875,4419.89990234375,4424.0,2305
2026-09-18 22:45:00,4424.0,4427.60009765625,4421.0,4425.2998046875,2586
2026-09-18 23:00:00,4425.2998046875,4435.0,4423.7001953125,4431.2001953125,2877
2026-09-18 23:15:00,4430.7998046875,4435.2001953125,4430.10009765625,4431.2998046875,1070
2026-09-18 23:30:00,4431.39990234375,4432.89990234375,4427.39990234375,4430.7998046875,1619
2026-09-18 23:45:00,4431.10009765625,4431.2998046875,4427.60009765625,4429.2001953125,591
2026-09-19 00:00:00,4429.2001953125,4429.2001953125,4419.2001953125,4419.2998046875,1209
2026-09-19 00:15:00,4419.2998046875,4422.60009765625,4418.2001953125,4420.7998046875,1396
2026-09-19 00:30:00,4420.7001953125,4424.2998046875,4418.0,4422.7001953125,964
2026-09-19 00:45:00,4422.7998046875,4423.39990234375,4417.10009765625,4418.7001953125,1197
2026-09-19 01:00:00,4418.7001953125,4420.60009765625,4417.7998046875,4419.39990234375,521
2026-09-19 01:15:00,4419.2998046875,4421.5,4413.5,4415.60009765625,1502
2026-09-19 01:30:00,4415.60009765625,4421.5,4414.39990234375,4419.89990234375,886
2026-09-19 01:45:00,4419.39990234375,4421.39990234375,4417.2001953125,4419.2998046875,336
2026-09-19 02:00:00,4419.2998046875,4421.0,4417.5,4419.0,268
2026-09-19 02:15:00,4419.0,4424.89990234375,4414.5,4424.89990234375,682
2026-09-21 03:30:00,4415.0,4417.5,4415.0,4417.0,151
2026-09-21 03:45:00,4417.5,4417.7998046875,4412.7998046875,4414.10009765625,459
2026-09-21 04:00:00,4414.0,4416.2001953125,4412.7001953125,4412.7001953125,374
2026-09-21 04:15:00,4413.0,4415.2001953125,4412.0,4412.10009765625,347
2026-09-21 04:30:00,4412.2001953125,4412.89990234375,4409.2998046875,4411.5,480
2026-09-21 04:45:00,4411.60009765625,4413.2001953125,4410.0,4412.7998046875,312
2026-09-21 05:00:00,4412.5,4414.7998046875,4409.39990234375,4409.60009765625,314
2026-09-21 05:15:00,4409.60009765625,4412.0,4406.89990234375,4411.60009765625,431
2026-09-21 05:30:00,4411.5,4411.5,4402.10009765625,4403.0,1120
2026-09-21 05:45:00,4403.10009765625,4407.89990234375,4396.39990234375,4406.10009765625,1572
2026-09-21 06:00:00,4406.0,4414.2998046875,4404.0,4407.10009765625,955
2026-09-21 06:15:00,4407.60009765625,4409.0,4400.5,4404.7998046875,1124
2026-09-21 06:30:00,4404.7998046875,4419.39990234375,4404.7998046875,4419.10009765625,2170
2026-09-21 06:45:00,4419.39990234375,4422.10009765625,4412.89990234375,4413.2998046875,1791
2026-09-21 07:00:00,4413.10009765625,4419.2001953125,4412.10009765625,4417.89990234375,905
2026-09-21 07:15:00,4417.7998046875,4421.60009765625,4414.0,4415.7001953125,1134
2026-09-21 07:30:00,4416.0,4416.2001953125,4406.39990234375,4406.7998046875,1133
2026-09-21 07:45:00,4406.89990234375,4407.60009765625,4399.0,4407.5,1257
2026-09-21 08:00:00,4407.60009765625,4410.39990234375,4402.0,4404.2001953125,1169
2026-09-21 08:15:00,4404.39990234375,4408.0,4400.5,4401.5,886
2026-09-21 08:30:00,4401.7001953125,4404.60009765625,4396.7998046875,4400.7998046875,1525
2026-09-21 08:45:00,4400.89990234375,4403.39990234375,4396.7001953125,4397.7998046875,799
2026-09-21 09:00:00,4397.5,4405.7998046875,4397.2001953125,4405.10009765625,894
2026-09-21 09:15:00,4405.2001953125,4406.0,4395.39990234375,4395.7998046875,657
2026-09-21 09:30:00,4396.7998046875,4398.7001953125,4393.39990234375,4397.2998046875,658
2026-09-21 09:45:00,4397.2998046875,4402.89990234375,4396.7001953125,4399.2001953125,465
2026-09-21 10:00:00,4399.2001953125,4400.7001953125,4395.60009765625,4399.10009765625,758
2026-09-21 10:15:00,4398.89990234375,4399.7001953125,4392.2001953125,4393.10009765625,559
2026-09-21 10:30:00,4392.89990234375,4394.60009765625,4389.7001953125,4393.0,839
2026-09-21 10:45:00,4393.39990234375,4398.2998046875,4391.0,4394.60009765625,950
2026-09-21 11:00:00,4394.5,4399.2998046875,4389.2001953125,4392.2001953125,1424
2026-09-21 11:15:00,4391.60009765625,4393.2001953125,4386.2998046875,4388.0,1209
2026-09-21 11:30:00,4387.89990234375,4393.10009765625,4386.5,4390.39990234375,1135
2026-09-21 11:45:00,4390.39990234375,4392.0,4383.5,4384.39990234375,1175
2026-09-21 12:00:00,4384.60009765625,4391.5,4384.60009765625,4389.60009765625,795
2026-09-21 12:15:00,4389.5,4392.2998046875,4387.7001953125,4390.7001953125,999
2026-09-21 12:30:00,4390.7998046875,4393.7001953125,4383.10009765625,4390.39990234375,2045
2026-09-21 12:45:00,4390.2998046875,4393.0,4384.2998046875,4387.89990234375,959
2026-09-21 13:00:00,4388.39990234375,4392.7001953125,4379.0,4384.39990234375,2354
2026-09-21 13:15:00,4384.2998046875,4387.2998046875,4381.5,4381.60009765625,1020
2026-09-21 13:30:00,4381.5,4390.7001953125,4380.7998046875,4388.2001953125,1331
2026-09-21 13:45:00,4387.60009765625,4393.0,4387.2998046875,4390.7998046875,911
2026-09-21 14:00:00,4390.5,4395.2001953125,4388.39990234375,4395.10009765625,1258
2026-09-21 14:15:00,4395.10009765625,4395.10009765625,4387.2998046875,4390.7001953125,769
2026-09-21 14:30:00,4390.7001953125,4391.5,4386.7998046875,4391.39990234375,601
2026-09-21 14:45:00,4391.10009765625,4392.39990234375,4383.7001953125,4383.7001953125,1157
2026-09-21 15:00:00,4383.7001953125,4385.7001953125,4377.5,4385.39990234375,2707
2026-09-21 15:15:00,4385.2998046875,4386.2998046875,4381.2998046875,4383.60009765625,804
2026-09-21 15:30:00,4383.39990234375,4391.0,4383.2001953125,4391.0,969
2026-09-21 15:45:00,4391.5,4394.60009765625,4387.7998046875,4388.7001953125,962
2026-09-21 16:00:00,4388.60009765625,4390.2001953125,4385.5,4386.10009765625,576
2026-09-21 16:15:00,4385.7001953125,4388.5,4380.10009765625,4380.39990234375,492
2026-09-21 16:30:00,4380.2001953125,4386.0,4379.5,4385.60009765625,783
2026-09-21 16:45:00,4386.10009765625,4393.0,4386.10009765625,4391.5,750
2026-09-21 17:00:00,4391.10009765625,4405.39990234375,4389.7001953125,4404.39990234375,2037
2026-09-21 17:15:00,4404.60009765625,4409.39990234375,4402.60009765625,4407.2998046875,1832
2026-09-21 17:30:00,4407.10009765625,4413.0,4400.10009765625,4407.39990234375,2237
2026-09-21 17:45:00,4407.7001953125,4409.2001953125,4388.7998046875,4393.0,2868
2026-09-21 18:00:00,4393.0,4401.39990234375,4388.7001953125,4401.0,2973
2026-09-21 18:15:00,4400.7998046875,4401.7001953125,4391.60009765625,4397.39990234375,1615
2026-09-21 18:30:00,4397.2001953125,4402.2998046875,4393.7001953125,4400.7998046875,1710
2026-09-21 18:45:00,4401.10009765625,4407.7998046875,4398.39990234375,4402.2998046875,1856
2026-09-21 19:00:00,4402.2998046875,4402.5,4386.7998046875,4390.60009765625,3939
2026-09-21 19:15:00,4390.5,4393.89990234375,4383.60009765625,4383.7998046875,2448
2026-09-21 19:30:00,4383.7001953125,4384.7998046875,4360.2998046875,4378.39990234375,11060
2026-09-21 19:45:00,4378.2001953125,4381.2001953125,4372.0,4379.60009765625,3333
2026-09-21 20:00:00,4379.60009765625,4382.0,4370.0,4370.2998046875,2868
2026-09-21 20:15:00,4370.2001953125,4380.89990234375,4370.2001953125,4376.89990234375,2372
2026-09-21 20:30:00,4377.10009765625,4388.60009765625,4377.0,4387.39990234375,2699
2026-09-21 20:45:00,4387.7001953125,4392.39990234375,4386.7998046875,4389.2001953125,2054
2026-09-21 21:00:00,4389.5,4394.60009765625,4386.5,4388.10009765625,1961
2026-09-21 21:15:00,4388.2998046875,4392.89990234375,4384.60009765625,4386.2998046875,2331
2026-09-21 21:30:00,4386.5,4394.2001953125,4383.0,4390.0,3174
2026-09-21 21:45:00,4390.2001953125,4395.7001953125,4387.2001953125,4389.2001953125,2241
2026-09-21 22:00:00,4389.2001953125,4391.0,4381.60009765625,4382.2001953125,1160
2026-09-21 22:15:00,4381.89990234375,4384.89990234375,4381.0,4381.39990234375,1321
2026-09-21 22:30:00,4381.5,4385.2998046875,4379.89990234375,4384.2001953125,1126
2026-09-21 22:45:00,4384.2998046875,4384.89990234375,4379.5,4384.39990234375,2424
2026-09-21 23:00:00,4384.39990234375,4385.10009765625,4375.7001953125,4379.0,2425
2026-09-21 23:15:00,4378.7001953125,4384.5,4377.60009765625,4383.0,1227
2026-09-21 23:30:00,4383.0,4389.2998046875,4382.2001953125,4388.2998046875,1567
2026-09-21 23:45:00,4388.5,4390.89990234375,4387.2001953125,4388.7998046875,1216
2026-09-22 00:00:00,4388.89990234375,4390.0,4384.7001953125,4385.39990234375,1063
2026-09-22 00:15:00,4385.7998046875,4387.2998046875,4384.2998046875,4384.39990234375,696
2026-09-22 00:30:00,4384.2998046875,4384.89990234375,4380.39990234375,4383.7998046875,902
2026-09-22 00:45:00,4383.5,4388.5,4382.89990234375,4387.10009765625,671
2026-09-22 01:00:00,4387.0,4391.89990234375,4385.2998046875,4386.10009765625,1283
2026-09-22 01:15:00,4385.7998046875,4386.2998046875,4382.39990234375,4383.0,1026
2026-09-22 01:30:00,4383.0,4383.2998046875,4379.5,4379.60009765625,511
2026-09-22 01:45:00,4379.7998046875,4379.89990234375,4378.0,4378.7001953125,294
2026-09-22 02:00:00,4378.5,4381.10009765625,4377.2998046875,4380.10009765625,210
2026-09-22 02:15:00,4380.39990234375,4382.2998046875,4378.7001953125,4381.0,422
2026-09-22 03:30:00,4382.5,4388.2001953125,4382.0,4387.0,249
2026-09-22 03:45:00,4387.2998046875,4390.39990234375,4386.7998046875,4390.10009765625,1046
2026-09-22 04:00:00,4390.2998046875,4390.7001953125,4388.7001953125,4389.89990234375,339
2026-09-22 04:15:00,4390.2001953125,4402.7998046875,4390.2001953125,4398.7001953125,1341
2026-09-22 04:30:00,4398.7001953125,4403.7001953125,4397.2001953125,4397.2001953125,1157
2026-09-22 04:45:00,4397.39990234375,4402.10009765625,4395.5,4396.7998046875,1506
2026-09-22 05:00:00,4397.2998046875,4408.60009765625,4395.7001953125,4406.39990234375,2100
2026-09-22 05:15:00,4406.60009765625,4408.60009765625,4401.7998046875,4406.7998046875,1320
2026-09-22 05:30:00,4407.0,4414.10009765625,4405.0,4408.2001953125,1887
2026-09-22 05:45:00,4407.7998046875,4407.7998046875,4395.60009765625,4395.89990234375,1404
2026-09-22 06:00:00,4395.7998046875,4397.0,4385.89990234375,4393.0,1408
2026-09-22 06:15:00,4393.2001953125,4397.7001953125,4391.0,4397.7001953125,994
2026-09-22 06:30:00,4397.60009765625,4402.5,4390.5,4391.10009765625,1954
2026-09-22 06:45:00,4390.7001953125,4396.0,4387.0,4393.60009765625,1091
2026-09-22 07:00:00,4393.10009765625,4394.60009765625,4386.5,4386.7001953125,740
2026-09-22 07:15:00,4386.5,4388.60009765625,4380.60009765625,4385.89990234375,1319
2026-09-22 07:30:00,4386.2001953125,4390.5,4379.0,4379.39990234375,1597
2026-09-22 07:45:00,4379.7001953125,4389.2001953125,4376.2998046875,4388.60009765625,1197
2026-09-22 08:00:00,4389.0,4392.7998046875,4383.5,4384.0,1371
2026-09-22 08:15:00,4384.10009765625,4384.10009765625,4377.2998046875,4381.7998046875,1720
2026-09-22 08:30:00,4381.60009765625,4383.0,4376.5,4382.60009765625,839
2026-09-22 08:45:00,4382.60009765625,4383.39990234375,4378.2998046875,4383.2001953125,479
2026-09-22 09:00:00,4382.89990234375,4386.60009765625,4377.7998046875,4379.89990234375,1170
2026-09-22 09:15:00,4379.89990234375,4381.2001953125,4377.5,4379.10009765625,342
2026-09-22 09:30:00,4378.5,4378.89990234375,4371.39990234375,4375.10009765625,1710
2026-09-22 09:45:00,4375.2001953125,4376.5,4372.7998046875,4374.5,795
2026-09-22 10:00:00,4374.2001953125,4377.7998046875,4373.2001953125,4377.2001953125,397
2026-09-22 10:15:00,4377.10009765625,4379.7998046875,4375.60009765625,4379.5,755
2026-09-22 10:30:00,4379.60009765625,4384.2001953125,4377.10009765625,4383.10009765625,1337
2026-09-22 10:45:00,4383.0,4383.5,4359.2001953125,4368.7001953125,3357
2026-09-22 11:00:00,4368.5,4370.0,4352.7001953125,4357.2998046875,3823
2026-09-22 11:15:00,4357.60009765625,4369.7998046875,4356.60009765625,4360.2998046875,1390
2026-09-22 11:30:00,4360.39990234375,4361.0,4351.7998046875,4356.2998046875,2077
2026-09-22 11:45:00,4356.10009765625,4357.39990234375,4352.2001953125,4354.7001953125,962
2026-09-22 12:00:00,4354.7998046875,4357.39990234375,4352.10009765625,4357.0,1322
2026-09-22 12:15:00,4357.0,4358.39990234375,4351.89990234375,4355.0,942
2026-09-22 12:30:00,4354.2998046875,4360.0,4351.2998046875,4356.89990234375,1271
2026-09-22 12:45:00,4357.0,4361.0,4351.7001953125,4351.7998046875,826
2026-09-22 13:00:00,4351.7998046875,4352.2998046875,4345.10009765625,4347.0,2173
2026-09-22 13:15:00,4347.0,4352.2998046875,4335.5,4337.5,4332
2026-09-22 13:30:00,4337.2001953125,4348.2998046875,4335.10009765625,4340.0,3410
2026-09-22 13:45:00,4340.10009765625,4344.2001953125,4333.39990234375,4337.0,2188
2026-09-22 14:00:00,4337.2998046875,4358.10009765625,4327.60009765625,4356.5,4257
2026-09-22 14:15:00,4356.7001953125,4372.7001953125,4352.10009765625,4367.2998046875,4156
2026-09-22 14:30:00,4366.2998046875,4367.7001953125,4353.2998046875,4354.89990234375,2520
2026-09-22 14:45:00,4354.7998046875,4360.2001953125,4350.7998046875,4351.2001953125,1523
2026-09-22 15:00:00,4351.5,4357.60009765625,4349.0,4357.2001953125,2568
2026-09-22 15:15:00,4357.39990234375,4375.2998046875,4356.0,4374.10009765625,4269
2026-09-22 15:30:00,4373.7998046875,4375.2998046875,4366.0,4367.89990234375,1633
2026-09-22 15:45:00,4368.10009765625,4369.2998046875,4365.2001953125,4367.2998046875,625
2026-09-22 16:00:00,4367.10009765625,4371.39990234375,4365.0,4368.2998046875,688
2026-09-22 16:15:00,4368.7001953125,4368.7001953125,4359.0,4359.0,1335
2026-09-22 16:30:00,4358.7998046875,4360.60009765625,4346.2998046875,4352.7001953125,3182
2026-09-22 16:45:00,4352.2998046875,4355.7001953125,4349.10009765625,4355.10009765625,1353
2026-09-22 17:00:00,4354.89990234375,4357.2998046875,4351.0,4354.89990234375,938
2026-09-22 17:15:00,4355.0,4360.7998046875,4353.7001953125,4359.89990234375,1462
2026-09-22 17:30:00,4360.2001953125,4364.10009765625,4357.10009765625,4360.89990234375,1256
2026-09-22 17:45:00,4361.10009765625,4380.0,4359.7998046875,4374.5,3885
2026-09-22 18:00:00,4374.2001953125,4381.39990234375,4369.2998046875,4369.2998046875,2892
2026-09-22 18:15:00,4369.7998046875,4375.2001953125,4368.2998046875,4371.5,2133
2026-09-22 18:30:00,4371.60009765625,4380.0,4368.0,4378.2998046875,3149
2026-09-22 18:45:00,4378.2998046875,4380.60009765625,4367.39990234375,4368.0,2180
2026-09-22 19:00:00,4368.10009765625,4380.60009765625,4365.2001953125,4379.0,3892
2026-09-22 19:15:00,4379.0,4381.89990234375,4367.5,4371.0,2944
2026-09-22 19:30:00,4370.7998046875,4376.39990234375,4365.2001953125,4371.5,3943
2026-09-22 19:45:00,4371.2001953125,4372.10009765625,4362.2998046875,4365.60009765625,2735
2026-09-22 20:00:00,4365.60009765625,4371.7998046875,4351.7998046875,4357.39990234375,5745
2026-09-22 20:15:00,4357.5,4365.89990234375,4354.89990234375,4365.2998046875,2569
2026-09-22 20:30:00,4365.5,4378.0,4362.7001953125,4374.0,3840
2026-09-22 20:45:00,4373.89990234375,4378.2998046875,4369.7998046875,4369.7998046875,2282
2026-09-22 21:00:00,4369.7001953125,4370.89990234375,4364.7998046875,4365.5,1654
2026-09-22 21:15:00,4365.2001953125,4369.39990234375,4362.60009765625,4368.7001953125,1404
2026-09-22 21:30:00,4368.60009765625,4369.7998046875,4359.7998046875,4361.10009765625,1787
2026-09-22 21:45:00,4361.0,4364.89990234375,4360.7001953125,4364.2998046875,1279
2026-09-22 22:00:00,4364.39990234375,4370.0,4363.60009765625,4369.7001953125,952
2026-09-22 22:15:00,4369.7998046875,4379.7998046875,4368.7998046875,4374.10009765625,3214
2026-09-22 22:30:00,4374.0,4378.89990234375,4372.5,4375.7001953125,1325
2026-09-22 22:45:00,4375.7998046875,4378.10009765625,4373.2001953125,4377.2001953125,2098
2026-09-22 23:00:00,4377.2998046875,4378.0,4372.7001953125,4376.2001953125,700
2026-09-22 23:15:00,4376.39990234375,4391.2998046875,4375.89990234375,4388.89990234375,4584
2026-09-22 23:30:00,4388.7998046875,4398.2998046875,4385.5,4396.2001953125,3907
2026-09-22 23:45:00,4396.0,4398.7998046875,4391.7001953125,4394.10009765625,1843
2026-09-23 00:00:00,4394.39990234375,4394.89990234375,4386.2998046875,4388.0,1530
2026-09-23 00:15:00,4388.39990234375,4391.7998046875,4388.2998046875,4390.89990234375,1004
2026-09-23 00:30:00,4391.10009765625,4396.7998046875,4390.7001953125,4395.5,1014
2026-09-23 00:45:00,4396.0,4399.0,4393.89990234375,4397.10009765625,1649
2026-09-23 01:00:00,4397.2001953125,4409.60009765625,4397.2001953125,4407.2998046875,4162
2026-09-23 01:15:00,4407.60009765625,4408.7001953125,4401.10009765625,4401.7998046875,1581
2026-09-23 01:30:00,4402.10009765625,4402.5,4396.10009765625,4397.10009765625,1622
2026-09-23 01:45:00,4397.2001953125,4398.7001953125,4396.39990234375,4397.5,325
2026-09-23 02:00:00,4397.60009765625,4398.2998046875,4395.39990234375,4396.60009765625,526
2026-09-23 02:15:00,4396.60009765625,4398.10009765625,4393.5,4396.2001953125,696
2026-09-23 03:30:00,4394.7001953125,4402.7998046875,4394.7001953125,4402.2001953125,304
2026-09-23 03:45:00,4401.89990234375,4403.5,4400.39990234375,4403.0,622
2026-09-23 04:00:00,4402.89990234375,4403.7998046875,4401.2998046875,4401.39990234375,368
2026-09-23 04:15:00,4401.39990234375,4401.60009765625,4398.89990234375,4400.60009765625,358
2026-09-23 04:30:00,4400.7998046875,4402.7001953125,4399.2998046875,4400.10009765625,406
2026-09-23 04:45:00,4400.0,4404.10009765625,4398.89990234375,4402.2998046875,321
2026-09-23 05:00:00,4402.10009765625,4403.2998046875,4399.10009765625,4402.2001953125,514
2026-09-23 05:15:00,4402.7001953125,4403.5,4396.39990234375,4402.0,955
2026-09-23 05:30:00,4401.39990234375,4407.5,4399.39990234375,4403.39990234375,696
2026-09-23 05:45:00,4403.10009765625,4403.89990234375,4396.2001953125,4396.60009765625,742
2026-09-23 06:00:00,4396.2998046875,4399.2001953125,4392.2998046875,4396.60009765625,2098
2026-09-23 06:15:00,4396.5,4398.2001953125,4393.60009765625,4394.7998046875,829
2026-09-23 06:30:00,4395.0,4396.60009765625,4383.39990234375,4387.0,2168
2026-09-23 06:45:00,4386.89990234375,4386.89990234375,4379.39990234375,4380.7001953125,1149
2026-09-23 07:00:00,4380.60009765625,4383.39990234375,4378.60009765625,4381.7998046875,1147
2026-09-23 07:15:00,4381.89990234375,4383.7001953125,4375.89990234375,4378.2998046875,1021
2026-09-23 07:30:00,4378.2001953125,4378.2998046875,4374.0,4374.10009765625,718
2026-09-23 07:45:00,4374.2998046875,4376.7001953125,4371.2998046875,4375.2998046875,1174
2026-09-23 08:00:00,4375.5,4376.2001953125,4370.2001953125,4374.0,892
2026-09-23 08:15:00,4374.0,4374.89990234375,4370.10009765625,4370.7001953125,703
2026-09-23 08:30:00,4370.7001953125,4376.60009765625,4370.0,4375.5,766
2026-09-23 08:45:00,4375.89990234375,4377.2001953125,4372.60009765625,4375.0,536
2026-09-23 09:00:00,4374.7001953125,4378.7001953125,4374.10009765625,4378.5,461
2026-09-23 09:15:00,4378.5,4382.39990234375,4378.5,4380.0,864
2026-09-23 09:30:00,4379.39990234375,4384.2001953125,4379.2001953125,4383.10009765625,632
2026-09-23 09:45:00,4382.89990234375,4384.39990234375,4381.60009765625,4382.2998046875,285
2026-09-23 10:00:00,4382.39990234375,4383.7998046875,4380.5,4381.5,281
2026-09-23 10:15:00,4381.5,4383.7998046875,4380.7001953125,4381.0,338
2026-09-23 10:30:00,4381.2001953125,4382.89990234375,4379.2001953125,4379.39990234375,593
2026-09-23 10:45:00,4379.7998046875,4380.7001953125,4377.2998046875,4378.2001953125,636
2026-09-23 11:00:00,4378.2001953125,4379.39990234375,4366.2001953125,4366.7998046875,1707
2026-09-23 11:15:00,4366.89990234375,4372.5,4365.10009765625,4372.2998046875,957
2026-09-23 11:30:00,4371.7998046875,4374.10009765625,4366.5,4368.0,1251
2026-09-23 11:45:00,4367.7001953125,4368.2998046875,4363.2998046875,4365.89990234375,1179
2026-09-23 12:00:00,4366.2001953125,4371.7998046875,4365.7001953125,4371.10009765625,762
2026-09-23 12:15:00,4371.10009765625,4374.10009765625,4367.10009765625,4368.5,937
2026-09-23 12:30:00,4367.7998046875,4369.60009765625,4360.5,4361.5,1928
2026-09-23 12:45:00,4361.7001953125,4365.39990234375,4358.89990234375,4360.7998046875,1798
2026-09-23 13:00:00,4360.7001953125,4362.2001953125,4356.10009765625,4359.2001953125,1956
2026-09-23 13:15:00,4359.2001953125,4362.2998046875,4355.10009765625,4356.2001953125,1430
2026-09-23 13:30:00,4356.2001953125,4358.39990234375,4353.7998046875,4356.60009765625,1379
2026-09-23 13:45:00,4356.7001953125,4359.7998046875,4354.10009765625,4356.2001953125,1221
2026-09-23 14:00:00,4356.0,4357.2998046875,4352.7001953125,4353.60009765625,1030
2026-09-23 14:15:00,4353.2998046875,4356.2998046875,4352.2001953125,4355.0,800
2026-09-23 14:30:00,4354.89990234375,4357.2998046875,4354.10009765625,4356.7998046875,646
2026-09-23 14:45:00,4356.7001953125,4357.0,4352.2998046875,4354.0,798
2026-09-23 15:00:00,4353.89990234375,4356.0,4350.2001953125,4353.39990234375,937
2026-09-23 15:15:00,4353.2998046875,4353.2998046875,4345.2998046875,4350.60009765625,1895
2026-09-23 15:30:00,4351.10009765625,4355.89990234375,4350.5,4353.7998046875,1319
2026-09-23 15:45:00,4353.60009765625,4354.89990234375,4351.2001953125,4354.5,562
2026-09-23 16:00:00,4354.5,4356.0,4351.2001953125,4352.5,625
2026-09-23 16:15:00,4352.2998046875,4352.89990234375,4349.0,4352.5,726
2026-09-23 16:30:00,4352.10009765625,4354.0,4349.7001953125,4351.89990234375,561
2026-09-23 16:45:00,4351.89990234375,4352.60009765625,4340.5,4342.89990234375,2140
2026-09-23 17:00:00,4343.10009765625,4343.5,4330.89990234375,4341.5,2881
2026-09-23 17:15:00,4341.2998046875,4346.7001953125,4340.7001953125,4346.2998046875,1465
2026-09-23 17:30:00,4346.39990234375,4355.60009765625,4345.7998046875,4355.60009765625,1891
2026-09-23 17:45:00,4355.5,4355.5,4346.5,4347.7001953125,2270
2026-09-23 18:00:00,4347.60009765625,4347.7998046875,4338.5,4340.2998046875,2896
2026-09-23 18:15:00,4340.2001953125,4347.39990234375,4337.2001953125,4346.2998046875,2079
2026-09-23 18:30:00,4346.2998046875,4347.2001953125,4334.7998046875,4339.2998046875,2684
2026-09-23 18:45:00,4339.0,4349.2998046875,4338.39990234375,4349.2998046875,1759
2026-09-23 19:00:00,4349.10009765625,4350.60009765625,4323.0,4329.60009765625,5900
2026-09-23 19:15:00,4329.2001953125,4329.2001953125,4317.2998046875,4320.39990234375,7280
2026-09-23 19:30:00,4320.10009765625,4330.2001953125,4318.5,4320.2998046875,5009
2026-09-23 19:45:00,4320.10009765625,4324.2998046875,4313.89990234375,4317.10009765625,4683
2026-09-23 20:00:00,4316.7998046875,4328.5,4316.5,4323.0,3848
2026-09-23 20:15:00,4323.10009765625,4335.0,4320.2001953125,4330.60009765625,5590
2026-09-23 20:30:00,4330.60009765625,4333.60009765625,4325.60009765625,4330.39990234375,2652
2026-09-23 20:45:00,4330.2998046875,4331.5,4319.10009765625,4319.60009765625,2337
2026-09-23 21:00:00,4319.7001953125,4322.0,4314.7001953125,4320.10009765625,2904
2026-09-23 21:15:00,4319.7998046875,4321.2998046875,4313.2998046875,4318.2998046875,2374
2026-09-23 21:30:00,4318.2998046875,4320.60009765625,4314.5,4319.2001953125,1377
2026-09-23 21:45:00,4319.39990234375,4322.0,4318.2998046875,4322.0,1049
2026-09-23 22:00:00,4322.2001953125,4326.10009765625,4321.0,4322.2001953125,1294
2026-09-23 22:15:00,4322.39990234375,4323.0,4314.7001953125,4321.10009765625,2430
2026-09-23 22:30:00,4321.2001953125,4322.0,4311.5,4315.2001953125,3327
2026-09-23 22:45:00,4315.0,4320.2998046875,4312.7001953125,4318.60009765625,3077
2026-09-23 23:00:00,4318.39990234375,4326.0,4310.7001953125,4324.7001953125,3335
2026-09-23 23:15:00,4324.2001953125,4330.0,4323.60009765625,4329.5,1639
2026-09-23 23:30:00,4329.60009765625,4331.5,4324.5,4325.7998046875,956
2026-09-23 23:45:00,4325.7001953125,4327.7001953125,4319.89990234375,4322.2001953125,945
2026-09-24 00:00:00,4322.2998046875,4323.7998046875,4320.2998046875,4320.39990234375,574
2026-09-24 00:15:00,4320.2001953125,4327.0,4319.0,4326.7998046875,1065
2026-09-24 00:30:00,4326.7001953125,4329.89990234375,4320.89990234375,4320.89990234375,1091
2026-09-24 00:45:00,4321.10009765625,4323.89990234375,4319.7001953125,4323.2001953125,840
2026-09-24 01:00:00,4323.2001953125,4323.7998046875,4317.2998046875,4318.89990234375,1064
2026-09-24 01:15:00,4318.89990234375,4323.5,4318.2998046875,4320.60009765625,1583
2026-09-24 01:30:00,4320.2998046875,4324.0,4319.5,4320.89990234375,741
2026-09-24 01:45:00,4321.10009765625,4321.89990234375,4318.39990234375,4321.2001953125,1090
2026-09-24 02:00:00,4321.7998046875,4322.2998046875,4318.60009765625,4321.5,385
2026-09-24 02:15:00,4321.2001953125,4326.5,4321.2001953125,4322.7001953125,834
2026-09-24 02:30:00,4322.7001953125,4322.7001953125,4322.7001953125,4322.7001953125,1
2026-09-24 03:30:00,4324.39990234375,4328.7998046875,4320.89990234375,4322.7998046875,1098
2026-09-24 03:45:00,4323.0,4327.39990234375,4321.5,4323.7998046875,1693
2026-09-24 04:00:00,4323.5,4326.10009765625,4322.5,4324.0,1541
2026-09-24 04:15:00,4323.7998046875,4326.2001953125,4322.39990234375,4324.2001953125,812
2026-09-24 04:30:00,4324.0,4326.60009765625,4323.7998046875,4326.0,323
2026-09-24 04:45:00,4326.39990234375,4328.7998046875,4323.0,4323.2001953125,566
2026-09-24 05:00:00,4323.60009765625,4324.2001953125,4320.2001953125,4320.39990234375,414
2026-09-24 05:15:00,4320.39990234375,4327.10009765625,4320.2998046875,4323.7998046875,744
2026-09-24 05:30:00,4324.10009765625,4327.2998046875,4322.5,4324.2001953125,673
2026-09-24 05:45:00,4324.2001953125,4327.7998046875,4319.0,4327.39990234375,1198
2026-09-24 06:00:00,4327.10009765625,4330.39990234375,4325.60009765625,4329.7998046875,643
2026-09-24 06:15:00,4329.2001953125,4334.60009765625,4326.60009765625,4333.7001953125,931
2026-09-24 06:30:00,4333.7998046875,4337.89990234375,4324.5,4337.89990234375,2300
2026-09-24 06:45:00,4337.89990234375,4338.0,4330.2001953125,4334.10009765625,1248
2026-09-24 07:00:00,4334.7001953125,4335.89990234375,4324.39990234375,4324.89990234375,1386
2026-09-24 07:15:00,4324.7998046875,4325.5,4312.60009765625,4314.7998046875,2217
2026-09-24 07:30:00,4314.0,4317.39990234375,4308.0,4317.2998046875,3687
2026-09-24 07:45:00,4317.2001953125,4322.5,4317.10009765625,4320.7998046875,1298
2026-09-24 08:00:00,4321.10009765625,4332.0,4319.2001953125,4330.2001953125,1708
2026-09-24 08:15:00,4330.10009765625,4330.5,4321.89990234375,4325.7001953125,1999
2026-09-24 08:30:00,4325.39990234375,4328.7001953125,4319.89990234375,4322.10009765625,925
2026-09-24 08:45:00,4322.2998046875,4325.7001953125,4320.2001953125,4320.7998046875,568
2026-09-24 09:00:00,4320.60009765625,4322.0,4316.39990234375,4316.7001953125,624
2026-09-24 09:15:00,4316.7998046875,4320.0,4315.60009765625,4318.89990234375,904
2026-09-24 09:30:00,4320.10009765625,4321.7998046875,4316.39990234375,4319.60009765625,708
2026-09-24 09:45:00,4319.7001953125,4322.7998046875,4318.7998046875,4321.0,311
2026-09-24 10:00:00,4321.2001953125,4323.89990234375,4320.39990234375,4321.2998046875,243
2026-09-24 10:15:00,4321.5,4325.10009765625,4320.7998046875,4324.2998046875,334
2026-09-24 10:30:00,4324.39990234375,4331.2001953125,4324.39990234375,4325.10009765625,798
2026-09-24 10:45:00,4324.7001953125,4326.10009765625,4320.89990234375,4325.10009765625,342
2026-09-24 11:00:00,4325.5,4325.7001953125,4315.0,4315.89990234375,1050
2026-09-24 11:15:00,4315.39990234375,4320.2998046875,4312.0,4313.60009765625,891
2026-09-24 11:30:00,4313.7998046875,4321.2998046875,4313.39990234375,4317.0,1080
2026-09-24 11:45:00,4317.0,4321.0,4315.39990234375,4317.2998046875,860
2026-09-24 12:00:00,4316.7998046875,4318.5,4310.2001953125,4312.7998046875,1531
2026-09-24 12:15:00,4313.0,4313.0,4309.0,4311.2998046875,1326
2026-09-24 12:30:00,4311.2001953125,4320.0,4309.0,4319.2001953125,1839
2026-09-24 12:45:00,4319.0,4323.0,4316.0,4320.0,916
2026-09-24 13:00:00,4320.0,4323.0,4315.10009765625,4318.0,696
2026-09-24 13:15:00,4317.89990234375,4320.5,4310.89990234375,4313.2998046875,923
2026-09-24 13:30:00,4313.39990234375,4320.2998046875,4311.0,4311.89990234375,1475
2026-09-24 13:45:00,4312.10009765625,4313.5,4296.60009765625,4298.7001953125,4199
2026-09-24 14:00:00,4298.60009765625,4308.2001953125,4297.7001953125,4302.2998046875,2299
2026-09-24 14:15:00,4302.2998046875,4304.89990234375,4295.0,4295.5,1366
2026-09-24 14:30:00,4295.5,4301.7001953125,4293.10009765625,4297.0,1422
2026-09-24 14:45:00,4297.2001953125,4299.7001953125,4289.2998046875,4289.60009765625,1452
2026-09-24 15:00:00,4289.89990234375,4294.89990234375,4285.0,4286.5,2004
2026-09-24 15:15:00,4286.2001953125,4290.7001953125,4286.2001953125,4289.7001953125,1315
2026-09-24 15:30:00,4289.60009765625,4293.7998046875,4284.7001953125,4287.0,2430
2026-09-24 15:45:00,4286.60009765625,4289.60009765625,4279.0,4280.10009765625,2997
2026-09-24 16:00:00,4280.2001953125,4296.89990234375,4278.2998046875,4292.89990234375,2594
2026-09-24 16:15:00,4292.89990234375,4299.39990234375,4290.10009765625,4292.5,1523
2026-09-24 16:30:00,4292.39990234375,4295.0,4286.39990234375,4293.2001953125,1166
2026-09-24 16:45:00,4293.0,4302.39990234375,4291.0,4298.2001953125,2185
2026-09-24 17:00:00,4298.2001953125,4300.39990234375,4292.7998046875,4295.10009765625,665
2026-09-24 17:15:00,4295.0,4300.7998046875,4293.2998046875,4300.39990234375,1163
2026-09-24 17:30:00,4300.2001953125,4304.39990234375,4295.0,4303.7998046875,1223
2026-09-24 17:45:00,4303.2998046875,4306.60009765625,4301.2998046875,4306.5,2463
2026-09-24 18:00:00,4305.60009765625,4309.0,4299.39990234375,4306.39990234375,2107
2026-09-24 18:15:00,4306.60009765625,4318.2001953125,4306.0,4316.0,2534
2026-09-24 18:30:00,4316.2001953125,4320.0,4311.7001953125,4313.10009765625,2433
2026-09-24 18:45:00,4313.2998046875,4314.10009765625,4310.2998046875,4311.2998046875,1567
2026-09-24 19:00:00,4311.60009765625,4312.7998046875,4302.39990234375,4308.2001953125,3554
2026-09-24 19:15:00,4308.0,4311.5,4299.7001953125,4302.5,3196
2026-09-24 19:30:00,4302.5,4308.39990234375,4300.39990234375,4304.60009765625,2846
2026-09-24 19:45:00,4304.89990234375,4306.7001953125,4295.7998046875,4302.39990234375,3246
2026-09-24 20:00:00,4302.2998046875,4302.2998046875,4288.7001953125,4291.39990234375,3198
2026-09-24 20:15:00,4291.2998046875,4297.2998046875,4287.39990234375,4288.0,2831
2026-09-24 20:30:00,4288.2998046875,4289.2998046875,4279.5,4282.10009765625,3112
2026-09-24 20:45:00,4281.89990234375,4290.7001953125,4281.2998046875,4285.39990234375,3257
2026-09-24 21:00:00,4285.39990234375,4290.5,4281.5,4289.89990234375,2053
2026-09-24 21:15:00,4290.10009765625,4295.10009765625,4288.2001953125,4291.2998046875,1987
2026-09-24 21:30:00,4291.5,4294.39990234375,4287.2001953125,4294.0,1540
2026-09-24 21:45:00,4294.0,4324.2998046875,4292.7998046875,4310.89990234375,10620
2026-09-24 22:00:00,4311.2001953125,4320.7001953125,4305.39990234375,4309.60009765625,3845
2026-09-24 22:15:00,4309.7001953125,4313.60009765625,4306.0,4308.7001953125,2127
2026-09-24 22:30:00,4308.0,4313.0,4301.5,4305.89990234375,3270
2026-09-24 22:45:00,4306.5,4306.5,4294.39990234375,4298.5,4322
2026-09-24 23:00:00,4298.5,4302.7001953125,4293.39990234375,4294.2001953125,2129
2026-09-24 23:15:00,4294.2001953125,4301.39990234375,4293.2001953125,4300.10009765625,1547
2026-09-24 23:30:00,4300.2001953125,4305.0,4291.2998046875,4304.7998046875,2857
2026-09-24 23:45:00,4304.89990234375,4310.5,4302.10009765625,4309.5,1560
2026-09-25 00:00:00,4309.60009765625,4317.2001953125,4302.7998046875,4306.7001953125,2793
2026-09-25 00:15:00,4306.7998046875,4312.39990234375,4305.89990234375,4307.10009765625,1200
2026-09-25 00:30:00,4307.2001953125,4308.0,4302.2001953125,4302.5,1043
2026-09-25 00:45:00,4302.5,4310.89990234375,4302.39990234375,4307.2998046875,1046
2026-09-25 01:00:00,4307.39990234375,4310.7001953125,4306.2998046875,4309.39990234375,903
2026-09-25 01:15:00,4309.2001953125,4310.7001953125,4307.5,4309.39990234375,970
2026-09-25 01:30:00,4309.10009765625,4309.89990234375,4305.10009765625,4305.2001953125,1856
2026-09-25 01:45:00,4305.2001953125,4305.7998046875,4299.7001953125,4300.7998046875,875
2026-09-25 02:00:00,4300.89990234375,4306.89990234375,4300.39990234375,4306.5,532
2026-09-25 02:15:00,4306.5,4311.39990234375,4305.7998046875,4310.10009765625,588
2026-09-25 03:30:00,4309.5,4312.7998046875,4305.7998046875,4305.89990234375,234
2026-09-25 03:45:00,4305.89990234375,4307.0,4303.10009765625,4306.5,487
2026-09-25 04:00:00,4306.39990234375,4308.5,4304.0,4305.89990234375,1104
2026-09-25 04:15:00,4306.0,4309.7001953125,4305.7998046875,4307.5,546
2026-09-25 04:30:00,4307.7998046875,4310.2998046875,4306.89990234375,4308.60009765625,1598
2026-09-25 04:45:00,4308.5,4310.10009765625,4306.7001953125,4307.2001953125,884
2026-09-25 05:00:00,4307.2001953125,4311.39990234375,4306.0,4309.60009765625,1066
2026-09-25 05:15:00,4309.60009765625,4309.7001953125,4299.89990234375,4300.10009765625,533
2026-09-25 05:30:00,4299.89990234375,4305.5,4299.2998046875,4301.2001953125,905
2026-09-25 05:45:00,4301.10009765625,4305.5,4299.89990234375,4305.10009765625,454
2026-09-25 06:00:00,4305.10009765625,4307.39990234375,4302.2001953125,4305.89990234375,279
2026-09-25 06:15:00,4306.10009765625,4315.5,4305.0,4313.0,796
2026-09-25 06:30:00,4313.2001953125,4325.39990234375,4311.7001953125,4324.7001953125,1578
2026-09-25 06:45:00,4324.89990234375,4329.5,4323.5,4328.89990234375,1174
2026-09-25 07:00:00,4328.89990234375,4331.0,4326.60009765625,4327.89990234375,904
2026-09-25 07:15:00,4327.89990234375,4327.89990234375,4321.60009765625,4323.2001953125,876
2026-09-25 07:30:00,4323.2001953125,4330.5,4323.2001953125,4325.2998046875,658
2026-09-25 07:45:00,4325.2998046875,4327.7001953125,4323.0,4323.2998046875,417
2026-09-25 08:00:00,4323.0,4323.60009765625,4317.2001953125,4321.2998046875,707
2026-09-25 08:15:00,4321.2001953125,4321.60009765625,4313.0,4318.89990234375,938
2026-09-25 08:30:00,4319.0,4321.60009765625,4317.5,4318.0,492
2026-09-25 08:45:00,4318.0,4319.89990234375,4313.10009765625,4313.10009765625,342
2026-09-25 09:00:00,4313.2998046875,4313.2998046875,4308.2998046875,4308.2998046875,807
2026-09-25 09:15:00,4308.60009765625,4309.10009765625,4305.39990234375,4305.7001953125,433
2026-09-25 09:30:00,4304.7998046875,4306.7001953125,4302.7001953125,4303.10009765625,687
2026-09-25 09:45:00,4303.0,4306.5,4302.2998046875,4306.0,462
2026-09-25 10:00:00,4306.0,4308.39990234375,4305.0,4306.7001953125,377
2026-09-25 10:15:00,4306.89990234375,4308.2001953125,4297.0,4297.39990234375,1263
2026-09-25 10:30:00,4297.0,4298.60009765625,4290.2998046875,4291.2998046875,1309
2026-09-25 10:45:00,4291.2001953125,4299.2998046875,4291.10009765625,4298.7001953125,704
2026-09-25 11:00:00,4298.5,4311.89990234375,4297.5,4309.0,1878
2026-09-25 11:15:00,4309.0,4310.5,4300.39990234375,4301.2998046875,539
2026-09-25 11:30:00,4301.10009765625,4310.39990234375,4300.7998046875,4308.89990234375,941
2026-09-25 11:45:00,4309.2001953125,4316.39990234375,4309.10009765625,4310.0,1738
2026-09-25 12:00:00,4310.2001953125,4313.2998046875,4309.7998046875,4312.2998046875,923
2026-09-25 12:15:00,4312.0,4313.2001953125,4309.60009765625,4311.0,883
2026-09-25 12:30:00,4310.89990234375,4315.60009765625,4308.60009765625,4311.0,767
2026-09-25 12:45:00,4310.7001953125,4312.7998046875,4306.7998046875,4309.2998046875,733
2026-09-25 13:00:00,4309.2998046875,4315.2001953125,4306.2001953125,4311.89990234375,915
2026-09-25 13:15:00,4312.10009765625,4317.0,4312.10009765625,4314.7998046875,1442
2026-09-25 13:30:00,4314.5,4317.39990234375,4310.0,4317.10009765625,937
2026-09-25 13:45:00,4316.89990234375,4319.60009765625,4313.89990234375,4318.89990234375,721
2026-09-25 14:00:00,4319.0,4327.7998046875,4318.7001953125,4327.5,1168
2026-09-25 14:15:00,4327.60009765625,4332.7001953125,4325.39990234375,4328.89990234375,1894
2026-09-25 14:30:00,4329.0,4333.5,4328.39990234375,4329.7001953125,1260
2026-09-25 14:45:00,4329.60009765625,4332.39990234375,4325.39990234375,4326.2001953125,1643
2026-09-25 15:00:00,4326.39990234375,4333.2998046875,4325.7998046875,4330.39990234375,1487
2026-09-25 15:15:00,4330.60009765625,4331.0,4326.7998046875,4330.7998046875,930
2026-09-25 15:30:00,4330.7001953125,4344.0,4329.60009765625,4342.89990234375,2268
2026-09-25 15:45:00,4342.89990234375,4345.2998046875,4339.2001953125,4344.2001953125,1318
2026-09-25 16:00:00,4344.2001953125,4344.60009765625,4338.0,4341.2001953125,852
2026-09-25 16:15:00,4341.2998046875,4347.5,4339.60009765625,4346.7998046875,826
2026-09-25 16:30:00,4346.89990234375,4351.60009765625,4345.39990234375,4348.2998046875,1460
2026-09-25 16:45:00,4348.39990234375,4350.2998046875,4340.7001953125,4341.0,1666
2026-09-25 17:00:00,4341.10009765625,4345.2001953125,4335.89990234375,4337.7998046875,2572
2026-09-25 17:15:00,4337.7001953125,4341.2998046875,4336.2998046875,4338.60009765625,1333
2026-09-25 17:30:00,4339.10009765625,4340.7001953125,4333.89990234375,4336.0,1519
2026-09-25 17:45:00,4335.89990234375,4345.2998046875,4333.2998046875,4342.7001953125,2360
2026-09-25 18:00:00,4342.7998046875,4343.2998046875,4332.7998046875,4337.2998046875,2511
2026-09-25 18:15:00,4337.60009765625,4344.7001953125,4332.2998046875,4333.89990234375,2780
2026-09-25 18:30:00,4333.89990234375,4335.2998046875,4326.5,4328.10009765625,2319
2026-09-25 18:45:00,4327.7998046875,4329.2001953125,4312.7998046875,4313.5,2943
2026-09-25 19:00:00,4313.7001953125,4319.7998046875,4308.60009765625,4314.2998046875,4615
2026-09-25 19:15:00,4314.10009765625,4318.7998046875,4309.39990234375,4310.89990234375,2516
2026-09-25 19:30:00,4310.7001953125,4313.0,4289.2001953125,4302.60009765625,7903
2026-09-25 19:45:00,4302.2998046875,4306.2001953125,4294.89990234375,4300.89990234375,2583
2026-09-25 20:00:00,4300.7998046875,4308.10009765625,4297.5,4307.89990234375,2474
2026-09-25 20:15:00,4308.2001953125,4315.89990234375,4304.7001953125,4314.10009765625,3307
2026-09-25 20:30:00,4314.10009765625,4317.7001953125,4309.10009765625,4315.10009765625,2124
2026-09-25 20:45:00,4315.2998046875,4316.5,4307.0,4314.5,2089
2026-09-25 21:00:00,4315.0,4321.0,4309.7998046875,4310.10009765625,3842
2026-09-25 21:15:00,4310.2998046875,4326.60009765625,4304.89990234375,4326.39990234375,3848
2026-09-25 21:30:00,4326.5,4336.0,4322.39990234375,4325.39990234375,6140
2026-09-25 21:45:00,4325.7001953125,4328.2001953125,4319.7998046875,4327.39990234375,2777
2026-09-25 22:00:00,4327.89990234375,4328.39990234375,4314.5,4322.5,3175
2026-09-25 22:15:00,4322.5,4323.2001953125,4317.2998046875,4321.5,1673
2026-09-25 22:30:00,4321.60009765625,4328.2998046875,4320.39990234375,4326.7001953125,1780
2026-09-25 22:45:00,4326.60009765625,4328.39990234375,4320.10009765625,4321.2998046875,1886
2026-09-25 23:00:00,4321.5,4323.2001953125,4314.5,4320.7001953125,1608
2026-09-25 23:15:00,4320.60009765625,4321.7001953125,4317.0,4318.10009765625,907
2026-09-25 23:30:00,4318.2998046875,4321.0,4317.7001953125,4319.7998046875,485
2026-09-25 23:45:00,4319.60009765625,4325.2001953125,4319.2001953125,4322.2001953125,1397
2026-09-26 00:00:00,4322.2998046875,4329.2998046875,4322.10009765625,4326.7998046875,1202
2026-09-26 00:15:00,4326.7001953125,4331.10009765625,4325.89990234375,4329.7998046875,816
2026-09-26 00:30:00,4329.7998046875,4332.39990234375,4323.39990234375,4331.7001953125,2052
2026-09-26 00:45:00,4331.7998046875,4331.7998046875,4323.2998046875,4324.10009765625,895
2026-09-26 01:00:00,4324.0,4329.60009765625,4322.7001953125,4327.7001953125,1389
2026-09-26 01:15:00,4328.0,4329.60009765625,4325.10009765625,4326.60009765625,921
2026-09-26 01:30:00,4326.5,4327.60009765625,4325.5,4326.5,368
2026-09-26 01:45:00,4326.10009765625,4326.2998046875,4322.39990234375,4323.10009765625,322
2026-09-26 02:00:00,4323.10009765625,4323.2001953125,4320.60009765625,4320.60009765625,630
2026-09-26 02:15:00,4320.5,4323.0,4320.0,4321.2001953125,581
