Datetime,Open,High,Low,Close,Volume
2026-07-16 09:30:00,4041.800048828125,4041.800048828125,4037.10009765625,4037.10009765625,94
2026-07-16 09:40:00,4037.10009765625,4043.10009765625,4037.10009765625,4038.300048828125,285
2026-07-16 09:50:00,4038.60009765625,4040.39990234375,4037.0,4039.10009765625,246
2026-07-16 10:00:00,4039.300048828125,4040.300048828125,4037.0,4038.5,209
2026-07-16 10:10:00,4038.5,4040.5,4037.300048828125,4039.800048828125,147
2026-07-16 10:20:00,4039.39990234375,4040.300048828125,4038.300048828125,4038.300048828125,109
2026-07-16 10:30:00,4038.199951171875,4038.89990234375,4035.300048828125,4036.5,330
2026-07-16 10:40:00,4036.199951171875,4036.199951171875,4034.39990234375,4034.800048828125,98
2026-07-16 10:50:00,4051.800048828125,4051.800048828125,4031.60009765625,4032.699951171875,661
2026-07-16 11:00:00,4032.60009765625,4037.0,4030.300048828125,4034.699951171875,596
2026-07-16 11:10:00,4034.60009765625,4038.5,4032.0,4032.699951171875,488
2026-07-16 11:20:00,4033.10009765625,4036.10009765625,4030.89990234375,4032.199951171875,640
2026-07-16 11:30:00,4032.39990234375,4041.5,4032.39990234375,4040.60009765625,856
2026-07-16 11:40:00,4039.60009765625,4039.60009765625,4033.300048828125,4034.300048828125,530
2026-07-16 11:50:00,4034.699951171875,4037.199951171875,4032.699951171875,4035.300048828125,570
2026-07-16 12:00:00,4035.10009765625,4035.699951171875,4027.699951171875,4031.39990234375,1135
2026-07-16 12:10:00,4031.10009765625,4033.800048828125,4030.0,4033.39990234375,408
2026-07-16 12:20:00,4033.5,4036.60009765625,4033.0,4035.800048828125,322
2026-07-16 12:30:00,4035.60009765625,4035.800048828125,4032.5,4034.39990234375,269
2026-07-16 12:40:00,4034.699951171875,4034.800048828125,4028.699951171875,4029.39990234375,427
2026-07-16 12:50:00,4029.800048828125,4031.800048828125,4028.800048828125,4029.5,592
2026-07-16 13:00:00,4029.10009765625,4030.699951171875,4027.800048828125,4030.300048828125,626
2026-07-16 13:10:00,4030.0,4037.10009765625,4030.0,4035.60009765625,742
2026-07-16 13:20:00,4035.699951171875,4036.199951171875,4031.89990234375,4036.10009765625,510
2026-07-16 13:30:00,4035.5,4039.300048828125,4033.5,4033.5,665
2026-07-16 13:40:00,4033.5,4034.0,4030.0,4033.89990234375,689
2026-07-16 13:50:00,4034.0,4038.39990234375,4033.60009765625,4036.89990234375,498
2026-07-16 14:00:00,4037.0,4040.699951171875,4036.89990234375,4038.10009765625,536
2026-07-16 14:10:00,4038.199951171875,4041.699951171875,4036.89990234375,4041.0,452
2026-07-16 14:20:00,4040.39990234375,4041.10009765625,4038.300048828125,4040.300048828125,288
2026-07-16 14:30:00,4040.60009765625,4042.60009765625,4040.39990234375,4041.800048828125,310
2026-07-16 14:40:00,4041.60009765625,4043.199951171875,4040.800048828125,4041.10009765625,378
2026-07-16 14:50:00,4041.300048828125,4041.300048828125,4036.0,4038.10009765625,574
2026-07-16 15:00:00,4038.39990234375,4040.10009765625,4035.699951171875,4038.60009765625,762
2026-07-16 15:10:00,4038.89990234375,4040.699951171875,4037.199951171875,4037.699951171875,607
2026-07-16 15:20:00,4038.10009765625,4042.10009765625,4037.39990234375,4037.39990234375,414
2026-07-16 15:30:00,4037.199951171875,4038.300048828125,4035.300048828125,4038.0,420
2026-07-16 15:40:00,4038.10009765625,4038.5,4035.0,4038.0,156
2026-07-16 15:50:00,4037.5,4040.10009765625,4036.89990234375,4038.699951171875,214
2026-07-16 16:00:00,4039.199951171875,4040.10009765625,4037.300048828125,4037.39990234375,101
2026-07-16 16:10:00,4037.199951171875,4040.10009765625,4036.199951171875,4036.199951171875,286
2026-07-16 16:20:00,4036.300048828125,4038.0,4034.39990234375,4035.10009765625,340
2026-07-16 16:30:00,4035.199951171875,4035.800048828125,4033.0,4034.5,418
2026-07-16 16:40:00,4034.199951171875,4035.199951171875,4030.199951171875,4031.60009765625,524
2026-07-16 16:50:00,4031.39990234375,4032.699951171875,4026.199951171875,4029.39990234375,955
2026-07-16 17:00:00,4029.39990234375,4037.89990234375,4028.5,4036.39990234375,730
2026-07-16 17:10:00,4036.300048828125,4048.39990234375,4032.800048828125,4038.0,1963
2026-07-16 17:20:00,4037.800048828125,4047.300048828125,4034.60009765625,4044.10009765625,1513
2026-07-16 17:30:00,4044.39990234375,4048.699951171875,4037.800048828125,4038.39990234375,2274
2026-07-16 17:40:00,4038.5,4038.5,4017.39990234375,4033.300048828125,5553
2026-07-16 17:50:00,4033.800048828125,4034.300048828125,4021.5,4030.199951171875,1828
2026-07-16 18:00:00,4030.300048828125,4034.5,4019.199951171875,4019.60009765625,1796
2026-07-16 18:10:00,4019.89990234375,4019.89990234375,4003.300048828125,4003.300048828125,5359
2026-07-16 18:20:00,4003.60009765625,4006.89990234375,3994.199951171875,3996.39990234375,4376
2026-07-16 18:30:00,3996.300048828125,4001.10009765625,3977.10009765625,3987.699951171875,6425
2026-07-16 18:40:00,3987.5,4000.0,3986.10009765625,3999.5,2830
2026-07-16 18:50:00,3999.199951171875,4010.5,3995.39990234375,4009.800048828125,2427
2026-07-16 19:00:00,4010.10009765625,4012.60009765625,3985.5,3987.199951171875,4209
2026-07-16 19:10:00,3987.10009765625,3997.39990234375,3987.10009765625,3996.0,2124
2026-07-16 19:20:00,3995.699951171875,4001.10009765625,3992.300048828125,3994.0,1234
2026-07-16 19:30:00,3993.89990234375,4001.60009765625,3993.10009765625,3997.0,1692
2026-07-16 19:40:00,3997.0,4001.699951171875,3991.199951171875,3999.800048828125,1310
2026-07-16 19:50:00,4000.199951171875,4005.0,3994.800048828125,4004.0,1091
2026-07-16 20:00:00,4003.300048828125,4009.199951171875,3999.800048828125,4004.10009765625,1804
2026-07-16 20:10:00,4004.39990234375,4011.0,4003.300048828125,4003.60009765625,1287
2026-07-16 20:20:00,4003.699951171875,4004.699951171875,3996.5,4002.0,1252
2026-07-16 20:30:00,4002.199951171875,4002.699951171875,3994.5,3999.699951171875,1142
2026-07-16 20:40:00,3999.199951171875,4003.300048828125,3993.300048828125,4002.89990234375,1612
2026-07-16 20:50:00,4002.699951171875,4021.800048828125,4002.699951171875,4015.5,2573
2026-07-16 21:00:00,4015.800048828125,4021.199951171875,4011.699951171875,4018.5,1620
2026-07-16 21:10:00,4018.800048828125,4019.0,4012.5,4015.10009765625,1371
2026-07-16 21:20:00,4015.5,4017.699951171875,4009.89990234375,4011.800048828125,892
2026-07-16 21:30:00,4011.39990234375,4012.300048828125,4002.0,4003.300048828125,1333
2026-07-16 21:40:00,4003.300048828125,4003.300048828125,3989.699951171875,3991.39990234375,2006
2026-07-16 21:50:00,3991.89990234375,3993.800048828125,3986.5,3991.5,1565
2026-07-16 22:00:00,3992.0,3996.39990234375,3991.300048828125,3995.199951171875,1003
2026-07-16 22:10:00,3995.39990234375,3997.0,3992.800048828125,3996.5,717
2026-07-16 22:20:00,3995.5,4001.39990234375,3995.10009765625,3996.39990234375,904
2026-07-16 22:30:00,3996.699951171875,3997.300048828125,3991.60009765625,3992.0,623
2026-07-16 22:40:00,3992.39990234375,3992.89990234375,3988.89990234375,3992.199951171875,1668
2026-07-16 22:50:00,3992.39990234375,3993.5,3987.199951171875,3992.300048828125,2476
2026-07-16 23:00:00,3992.10009765625,3993.300048828125,3985.699951171875,3986.89990234375,1184
2026-07-16 23:10:00,3986.89990234375,3990.300048828125,3983.89990234375,3989.10009765625,733
2026-07-16 23:20:00,3989.800048828125,3992.199951171875,3988.10009765625,3989.5,386
2026-07-16 23:30:00,3989.699951171875,3992.800048828125,3988.300048828125,3992.10009765625,307
2026-07-16 23:40:00,3992.60009765625,3994.10009765625,3988.89990234375,3992.89990234375,814
2026-07-16 23:50:00,3992.699951171875,3995.199951171875,3990.39990234375,3991.39990234375,415
2026-07-17 00:00:00,3991.10009765625,3991.10009765625,3981.0,3983.10009765625,1277
2026-07-17 00:10:00,3983.0,3989.699951171875,3982.300048828125,3987.800048828125,645
2026-07-17 00:20:00,3987.699951171875,3988.60009765625,3983.89990234375,3984.699951171875,384
2026-07-17 00:30:00,3984.89990234375,3990.800048828125,3983.699951171875,3987.300048828125,404
2026-07-17 00:40:00,3986.800048828125,3987.300048828125,3983.300048828125,3987.10009765625,422
2026-07-17 00:50:00,3987.39990234375,3988.89990234375,3983.0,3983.60009765625,350
2026-07-17 01:00:00,3983.800048828125,3984.0,3973.39990234375,3979.699951171875,1566
2026-07-17 01:10:00,3979.300048828125,3981.800048828125,3977.199951171875,3979.300048828125,671
2026-07-17 01:20:00,3979.5,3986.89990234375,3977.89990234375,3984.60009765625,784
2026-07-17 01:30:00,3984.800048828125,3984.800048828125,3979.699951171875,3980.699951171875,393
2026-07-17 01:40:00,3980.5,3980.800048828125,3976.699951171875,3977.10009765625,268
2026-07-17 01:50:00,3976.89990234375,3979.699951171875,3976.199951171875,3979.0,203
2026-07-17 02:00:00,3979.300048828125,3980.5,3977.60009765625,3979.0,112
2026-07-17 02:10:00,3978.800048828125,3980.699951171875,3978.199951171875,3979.800048828125,132
2026-07-17 02:20:00,3978.800048828125,3981.0,3978.199951171875,3979.89990234375,209
2026-07-17 02:30:00,,,,,0
2026-07-17 02:40:00,,,,,0
2026-07-17 02:50:00,,,,,0
2026-07-17 03:00:00,,,,,0
2026-07-17 03:10:00,,,,,0
2026-07-17 03:20:00,,,,,0
2026-07-17 03:30:00,3980.10009765625,3984.10009765625,3980.0,3981.60009765625,98
2026-07-17 03:40:00,3981.89990234375,3981.89990234375,3978.89990234375,3979.39990234375,217
2026-07-17 03:50:00,3979.10009765625,3980.10009765625,3978.199951171875,3979.89990234375,138
2026-07-17 04:00:00,3980.199951171875,3980.60009765625,3977.89990234375,3979.800048828125,126
2026-07-17 04:10:00,3979.5,3980.0,3976.800048828125,3977.199951171875,131
2026-07-17 04:20:00,3977.60009765625,3982.199951171875,3977.39990234375,3982.10009765625,208
2026-07-17 04:30:00,3982.10009765625,3983.199951171875,3978.60009765625,3982.5,306
2026-07-17 04:40:00,3982.0,3984.199951171875,3981.5,3982.60009765625,116
2026-07-17 04:50:00,3982.199951171875,3984.300048828125,3981.300048828125,3982.5,223
2026-07-17 05:00:00,3981.89990234375,3984.89990234375,3979.0,3983.300048828125,412
2026-07-17 05:10:00,3983.5,3985.699951171875,3980.199951171875,3981.60009765625,275
2026-07-17 05:20:00,3982.5,3989.89990234375,3982.5,3989.199951171875,257
2026-07-17 05:30:00,3989.5,3991.10009765625,3986.89990234375,3989.39990234375,236
2026-07-17 05:40:00,3989.800048828125,3994.300048828125,3986.800048828125,3991.60009765625,361
2026-07-17 05:50:00,3991.199951171875,3993.699951171875,3987.199951171875,3988.199951171875,327
2026-07-17 06:00:00,3988.0,3988.39990234375,3983.89990234375,3985.0,380
2026-07-17 06:10:00,3984.89990234375,3991.0,3983.800048828125,3989.699951171875,393
2026-07-17 06:20:00,3989.89990234375,3995.89990234375,3989.699951171875,3995.89990234375,455
2026-07-17 06:30:00,3996.0,3999.0,3991.199951171875,3994.39990234375,847
2026-07-17 06:40:00,3994.199951171875,4000.10009765625,3992.10009765625,3998.39990234375,702
2026-07-17 06:50:00,3997.199951171875,3999.199951171875,3991.5,3994.89990234375,621
2026-07-17 07:00:00,3993.699951171875,3999.10009765625,3992.0,3995.800048828125,558
2026-07-17 07:10:00,3996.10009765625,3998.10009765625,3987.300048828125,3987.5,747
2026-07-17 07:20:00,3987.60009765625,3988.699951171875,3982.699951171875,3986.5,721
2026-07-17 07:30:00,3987.0,3991.10009765625,3983.60009765625,3983.60009765625,425
2026-07-17 07:40:00,3983.39990234375,3987.800048828125,3983.300048828125,3986.60009765625,182
2026-07-17 07:50:00,3986.5,3987.89990234375,3984.10009765625,3986.60009765625,206
2026-07-17 08:00:00,3986.10009765625,3987.39990234375,3974.10009765625,3976.89990234375,678
2026-07-17 08:10:00,3977.199951171875,3982.699951171875,3975.89990234375,3980.699951171875,413
2026-07-17 08:20:00,3980.800048828125,3983.39990234375,3978.10009765625,3982.199951171875,442
2026-07-17 08:30:00,3982.5,3996.800048828125,3982.199951171875,3993.89990234375,906
2026-07-17 08:40:00,3993.0,4006.199951171875,3991.199951171875,4006.0,1132
2026-07-17 08:50:00,4006.199951171875,4012.199951171875,4001.800048828125,4005.10009765625,1626
2026-07-17 09:00:00,4004.800048828125,4005.300048828125,3999.699951171875,4002.800048828125,578
2026-07-17 09:10:00,4002.800048828125,4003.699951171875,3997.89990234375,3998.5,360
2026-07-17 09:20:00,3998.5,3999.199951171875,3994.0,3995.699951171875,524
2026-07-17 09:30:00,3995.0,3995.10009765625,3990.199951171875,3990.60009765625,118
2026-07-17 09:40:00,3991.0,3993.39990234375,3989.699951171875,3991.699951171875,574
2026-07-17 09:50:00,3992.10009765625,3993.39990234375,3988.300048828125,3989.5,623
2026-07-17 10:00:00,3989.60009765625,3991.60009765625,3984.10009765625,3986.60009765625,552
2026-07-17 10:10:00,3986.39990234375,3987.89990234375,3983.10009765625,3985.39990234375,468
2026-07-17 10:20:00,3985.199951171875,3985.699951171875,3983.5,3985.0,169
2026-07-17 10:30:00,3984.800048828125,3986.0,3980.199951171875,3981.699951171875,409
2026-07-17 10:40:00,3981.0,3984.39990234375,3979.199951171875,3979.39990234375,674
2026-07-17 10:50:00,3979.10009765625,3985.199951171875,3978.39990234375,3982.89990234375,808
2026-07-17 11:00:00,3983.0,3989.89990234375,3981.5,3989.0,1016
2026-07-17 11:10:00,3989.60009765625,3994.0,3985.199951171875,3991.60009765625,784
2026-07-17 11:20:00,3991.39990234375,3995.300048828125,3988.39990234375,3988.60009765625,637
2026-07-17 11:30:00,3988.60009765625,3996.800048828125,3988.5,3992.800048828125,619
2026-07-17 11:40:00,3993.0,4006.5,3992.60009765625,4005.800048828125,939
2026-07-17 11:50:00,4006.0,4009.699951171875,4004.39990234375,4007.5,1027
2026-07-17 12:00:00,4007.199951171875,4010.699951171875,4002.300048828125,4003.199951171875,616
2026-07-17 12:10:00,4003.300048828125,4003.89990234375,3999.300048828125,4001.800048828125,451
2026-07-17 12:20:00,4001.89990234375,4005.300048828125,4000.300048828125,4003.10009765625,365
2026-07-17 12:30:00,4003.10009765625,4006.60009765625,3998.39990234375,3999.0,621
2026-07-17 12:40:00,3999.10009765625,4003.199951171875,3997.10009765625,4001.300048828125,450
2026-07-17 12:50:00,4001.0,4002.300048828125,3998.0,4000.0,337
2026-07-17 13:00:00,4000.39990234375,4002.199951171875,3998.0,4000.39990234375,381
2026-07-17 13:10:00,4000.60009765625,4002.60009765625,3998.0,4000.39990234375,223
2026-07-17 13:20:00,4000.39990234375,4001.89990234375,3996.699951171875,3997.0,198
2026-07-17 13:30:00,3996.60009765625,4003.800048828125,3996.0,4001.5,345
2026-07-17 13:40:00,4001.39990234375,4001.5,3992.89990234375,3993.10009765625,704
2026-07-17 13:50:00,3994.699951171875,3999.199951171875,3992.0,3996.300048828125,1109
2026-07-17 14:00:00,3996.300048828125,3997.199951171875,3991.300048828125,3992.89990234375,251
2026-07-17 14:10:00,3993.199951171875,4003.39990234375,3992.800048828125,4002.199951171875,387
2026-07-17 14:20:00,4002.10009765625,4002.300048828125,3997.699951171875,3998.39990234375,456
2026-07-17 14:30:00,3997.89990234375,4001.800048828125,3996.800048828125,3999.89990234375,450
2026-07-17 14:40:00,3999.699951171875,4002.5,3999.199951171875,4000.0,298
2026-07-17 14:50:00,4000.0,4006.5,3999.800048828125,4002.89990234375,687
2026-07-17 15:00:00,4003.39990234375,4003.800048828125,3999.10009765625,4000.699951171875,396
2026-07-17 15:10:00,4001.39990234375,4003.199951171875,3998.800048828125,3999.300048828125,322
2026-07-17 15:20:00,3999.60009765625,4002.39990234375,3998.60009765625,4001.800048828125,300
2026-07-17 15:30:00,4001.699951171875,4002.39990234375,3998.800048828125,4000.199951171875,367
2026-07-17 15:40:00,4000.300048828125,4002.300048828125,3998.0,3998.5,343
2026-07-17 15:50:00,3998.300048828125,4002.89990234375,3998.300048828125,3999.60009765625,624
2026-07-17 16:00:00,3999.800048828125,4000.89990234375,3997.699951171875,3999.5,341
2026-07-17 16:10:00,3999.199951171875,4000.89990234375,3997.199951171875,3999.5,428
2026-07-17 16:20:00,3998.89990234375,3999.39990234375,3994.10009765625,3994.39990234375,535
2026-07-17 16:30:00,3994.5,3997.89990234375,3993.699951171875,3995.0,268
2026-07-17 16:40:00,3994.89990234375,3997.300048828125,3993.60009765625,3997.0,382
2026-07-17 16:50:00,3996.60009765625,4000.10009765625,3996.300048828125,3999.39990234375,441
2026-07-17 17:00:00,3999.800048828125,4000.300048828125,3995.10009765625,3997.10009765625,357
2026-07-17 17:10:00,3997.39990234375,4000.199951171875,3995.199951171875,3997.699951171875,632
2026-07-17 17:20:00,3997.60009765625,4002.699951171875,3997.0,3997.89990234375,703
2026-07-17 17:30:00,3998.199951171875,3999.60009765625,3991.800048828125,3994.300048828125,1048
2026-07-17 17:40:00,3994.5,3997.39990234375,3992.39990234375,3995.199951171875,889
2026-07-17 17:50:00,3995.10009765625,3995.5,3987.800048828125,3990.800048828125,1277
2026-07-17 18:00:00,3991.0,3991.800048828125,3980.699951171875,3981.5,1363
2026-07-17 18:10:00,3981.199951171875,3981.89990234375,3968.60009765625,3971.39990234375,3426
2026-07-17 18:20:00,3970.800048828125,3977.0,3967.699951171875,3969.5,1885
2026-07-17 18:30:00,3970.10009765625,3979.60009765625,3963.0,3973.0,3860
2026-07-17 18:40:00,3973.300048828125,3976.199951171875,3969.800048828125,3974.5,1480
2026-07-17 18:50:00,3974.39990234375,3978.699951171875,3970.699951171875,3971.89990234375,1030
2026-07-17 19:00:00,3971.89990234375,4007.89990234375,3967.10009765625,3997.39990234375,5168
2026-07-17 19:10:00,3998.0,3998.0,3984.800048828125,3993.699951171875,2537
2026-07-17 19:20:00,3993.60009765625,4001.39990234375,3991.39990234375,4001.39990234375,2380
2026-07-17 19:30:00,4000.699951171875,4004.800048828125,3994.199951171875,4000.699951171875,3126
2026-07-17 19:40:00,4000.699951171875,4005.10009765625,3997.60009765625,4001.5,1350
2026-07-17 19:50:00,4001.199951171875,4008.89990234375,4000.300048828125,4002.699951171875,1863
2026-07-17 20:00:00,4002.800048828125,4003.89990234375,3996.300048828125,4001.89990234375,1344
2026-07-17 20:10:00,4001.39990234375,4005.10009765625,3998.89990234375,4000.10009765625,1078
2026-07-17 20:20:00,4000.39990234375,4005.800048828125,3997.199951171875,4005.5,922
2026-07-17 20:30:00,4005.5,4019.39990234375,4002.0,4012.800048828125,4636
2026-07-17 20:40:00,4012.800048828125,4018.39990234375,4007.699951171875,4010.10009765625,1583
2026-07-17 20:50:00,4010.0,4018.10009765625,4009.199951171875,4018.10009765625,1085
2026-07-17 21:00:00,4017.89990234375,4021.199951171875,4013.60009765625,4018.800048828125,2022
2026-07-17 21:10:00,4019.199951171875,4023.300048828125,4016.5,4021.300048828125,1301
2026-07-17 21:20:00,4021.39990234375,4026.10009765625,4021.199951171875,4024.10009765625,1954
2026-07-17 21:30:00,4024.39990234375,4024.60009765625,4016.0,4022.5,2525
2026-07-17 21:40:00,4022.699951171875,4026.699951171875,4022.60009765625,4026.10009765625,943
2026-07-17 21:50:00,4026.300048828125,4028.89990234375,4021.89990234375,4023.800048828125,1605
2026-07-17 22:00:00,4023.800048828125,4024.10009765625,4018.0,4018.39990234375,1083
2026-07-17 22:10:00,4018.89990234375,4025.10009765625,4017.5,4024.800048828125,1746
2026-07-17 22:20:00,4025.300048828125,4025.39990234375,4019.39990234375,4019.60009765625,943
2026-07-17 22:30:00,4020.0,4024.0,4020.0,4022.60009765625,762
2026-07-17 22:40:00,4022.39990234375,4023.300048828125,4017.199951171875,4017.800048828125,806
2026-07-17 22:50:00,4017.89990234375,4020.800048828125,4017.0,4018.699951171875,1501
2026-07-17 23:00:00,4018.699951171875,4019.5,4014.699951171875,4017.39990234375,617
2026-07-17 23:10:00,4017.199951171875,4017.699951171875,4014.699951171875,4017.60009765625,365
2026-07-17 23:20:00,4017.89990234375,4018.300048828125,4012.89990234375,4014.800048828125,698
2026-07-17 23:30:00,4014.89990234375,4017.300048828125,4012.5,4017.300048828125,602
2026-07-17 23:40:00,4017.199951171875,4018.39990234375,4014.10009765625,4016.800048828125,345
2026-07-17 23:50:00,4016.800048828125,4021.10009765625,4015.199951171875,4020.699951171875,398
2026-07-18 00:00:00,4020.300048828125,4021.300048828125,4016.5,4016.60009765625,504
2026-07-18 00:10:00,4016.60009765625,4016.89990234375,4011.60009765625,4012.89990234375,537
2026-07-18 00:20:00,4012.300048828125,4017.199951171875,4012.0,4016.10009765625,409
2026-07-18 00:30:00,4016.39990234375,4016.39990234375,4009.60009765625,4010.10009765625,511
2026-07-18 00:40:00,4010.10009765625,4011.300048828125,4008.89990234375,4011.199951171875,460
2026-07-18 00:50:00,4010.800048828125,4011.10009765625,4006.800048828125,4009.89990234375,443
2026-07-18 01:00:00,4009.89990234375,4013.699951171875,4009.60009765625,4011.60009765625,545
2026-07-18 01:10:00,4011.0,4016.0,4010.5,4015.300048828125,251
2026-07-18 01:20:00,4015.199951171875,4020.89990234375,4015.10009765625,4019.89990234375,692
2026-07-18 01:30:00,4019.89990234375,4020.300048828125,4016.699951171875,4017.89990234375,349
2026-07-18 01:40:00,4018.0,4018.0,4013.5,4013.89990234375,172
2026-07-18 01:50:00,4014.10009765625,4016.10009765625,4013.60009765625,4015.39990234375,136
2026-07-18 02:00:00,4015.699951171875,4015.699951171875,4013.199951171875,4015.199951171875,146
2026-07-18 02:10:00,4015.0,4021.5,4015.0,4020.300048828125,333
2026-07-18 02:20:00,4019.89990234375,4023.0,4018.800048828125,4018.800048828125,242
2026-07-18 02:30:00,,,,,0
2026-07-18 02:40:00,,,,,0
2026-07-18 02:50:00,,,,,0
2026-07-18 03:00:00,,,,,0
2026-07-18 03:10:00,,,,,0
2026-07-18 03:20:00,,,,,0
2026-07-18 03:30:00,,,,,0
2026-07-18 03:40:00,,,,,0
2026-07-18 03:50:00,,,,,0
2026-07-18 04:00:00,,,,,0
2026-07-18 04:10:00,,,,,0
2026-07-18 04:20:00,,,,,0
2026-07-18 04:30:00,,,,,0
2026-07-18 04:40:00,,,,,0
2026-07-18 04:50:00,,,,,0
2026-07-18 05:00:00,,,,,0
2026-07-18 05:10:00,,,,,0
2026-07-18 05:20:00,,,,,0
2026-07-18 05:30:00,,,,,0
2026-07-18 05:40:00,,,,,0
2026-07-18 05:50:00,,,,,0
2026-07-18 06:00:00,,,,,0
2026-07-18 06:10:00,,,,,0
2026-07-18 06:20:00,,,,,0
2026-07-18 06:30:00,,,,,0
2026-07-18 06:40:00,,,,,0
2026-07-18 06:50:00,,,,,0
2026-07-18 07:00:00,,,,,0
2026-07-18 07:10:00,,,,,0
2026-07-18 07:20:00,,,,,0
2026-07-18 07:30:00,,,,,0
2026-07-18 07:40:00,,,,,0
2026-07-18 07:50:00,,,,,0
2026-07-18 08:00:00,,,,,0
2026-07-18 08:10:00,,,,,0
2026-07-18 08:20:00,,,,,0
2026-07-18 08:30:00,,,,,0
2026-07-18 08:40:00,,,,,0
2026-07-18 08:50:00,,,,,0
2026-07-18 09:00:00,,,,,0
2026-07-18 09:10:00,,,,,0
2026-07-18 09:20:00,,,,,0
2026-07-18 09:30:00,,,,,0
2026-07-18 09:40:00,,,,,0
2026-07-18 09:50:00,,,,,0
2026-07-18 10:00:00,,,,,0
2026-07-18 10:10:00,,,,,0
2026-07-18 10:20:00,,,,,0
2026-07-18 10:30:00,,,,,0
2026-07-18 10:40:00,,,,,0
2026-07-18 10:50:00,,,,,0
2026-07-18 11:00:00,,,,,0
2026-07-18 11:10:00,,,,,0
2026-07-18 11:20:00,,,,,0
2026-07-18 11:30:00,,,,,0
2026-07-18 11:40:00,,,,,0
2026-07-18 11:50:00,,,,,0
2026-07-18 12:00:00,,,,,0
2026-07-18 12:10:00,,,,,0
2026-07-18 12:20:00,,,,,0
2026-07-18 12:30:00,,,,,0
2026-07-18 12:40:00,,,,,0
2026-07-18 12:50:00,,,,,0
2026-07-18 13:00:00,,,,,0
2026-07-18 13:10:00,,,,,0
2026-07-18 13:20:00,,,,,0
2026-07-18 13:30:00,,,,,0
2026-07-18 13:40:00,,,,,0
2026-07-18 13:50:00,,,,,0
2026-07-18 14:00:00,,,,,0
2026-07-18 14:10:00,,,,,0
2026-07-18 14:20:00,,,,,0
2026-07-18 14:30:00,,,,,0
2026-07-18 14:40:00,,,,,0
2026-07-18 14:50:00,,,,,0
2026-07-18 15:00:00,,,,,0
2026-07-18 15:10:00,,,,,0
2026-07-18 15:20:00,,,,,0
2026-07-18 15:30:00,,,,,0
2026-07-18 15:40:00,,,,,0
2026-07-18 15:50:00,,,,,0
2026-07-18 16:00:00,,,,,0
2026-07-18 16:10:00,,,,,0
2026-07-18 16:20:00,,,,,0
2026-07-18 16:30:00,,,,,0
2026-07-18 16:40:00,,,,,0
2026-07-18 16:50:00,,,,,0
2026-07-18 17:00:00,,,,,0
2026-07-18 17:10:00,,,,,0
2026-07-18 17:20:00,,,,,0
2026-07-18 17:30:00,,,,,0
2026-07-18 17:40:00,,,,,0
2026-07-18 17:50:00,,,,,0
2026-07-18 18:00:00,,,,,0
2026-07-18 18:10:00,,,,,0
2026-07-18 18:20:00,,,,,0
2026-07-18 18:30:00,,,,,0
2026-07-18 18:40:00,,,,,0
2026-07-18 18:50:00,,,,,0
2026-07-18 19:00:00,,,,,0
2026-07-18 19:10:00,,,,,0
2026-07-18 19:20:00,,,,,0
2026-07-18 19:30:00,,,,,0
2026-07-18 19:40:00,,,,,0
2026-07-18 19:50:00,,,,,0
2026-07-18 20:00:00,,,,,0
2026-07-18 20:10:00,,,,,0
2026-07-18 20:20:00,,,,,0
2026-07-18 20:30:00,,,,,0
2026-07-18 20:40:00,,,,,0
2026-07-18 20:50:00,,,,,0
2026-07-18 21:00:00,,,,,0
2026-07-18 21:10:00,,,,,0
2026-07-18 21:20:00,,,,,0
2026-07-18 21:30:00,,,,,0
2026-07-18 21:40:00,,,,,0
2026-07-18 21:50:00,,,,,0
2026-07-18 22:00:00,,,,,0
2026-07-18 22:10:00,,,,,0
2026-07-18 22:20:00,,,,,0
2026-07-18 22:30:00,,,,,0
2026-07-18 22:40:00,,,,,0
2026-07-18 22:50:00,,,,,0
2026-07-18 23:00:00,,,,,0
2026-07-18 23:10:00,,,,,0
2026-07-18 23:20:00,,,,,0
2026-07-18 23:30:00,,,,,0
2026-07-18 23:40:00,,,,,0
2026-07-18 23:50:00,,,,,0
2026-07-19 00:00:00,,,,,0
2026-07-19 00:10:00,,,,,0
2026-07-19 00:20:00,,,,,0
2026-07-19 00:30:00,,,,,0
2026-07-19 00:40:00,,,,,0
2026-07-19 00:50:00,,,,,0
2026-07-19 01:00:00,,,,,0
2026-07-19 01:10:00,,,,,0
2026-07-19 01:20:00,,,,,0
2026-07-19 01:30:00,,,,,0
2026-07-19 01:40:00,,,,,0
2026-07-19 01:50:00,,,,,0
2026-07-19 02:00:00,,,,,0
2026-07-19 02:10:00,,,,,0
2026-07-19 02:20:00,,,,,0
2026-07-19 02:30:00,,,,,0
2026-07-19 02:40:00,,,,,0
2026-07-19 02:50:00,,,,,0
2026-07-19 03:00:00,,,,,0
2026-07-19 03:10:00,,,,,0
2026-07-19 03:20:00,,,,,0
2026-07-19 03:30:00,,,,,0
2026-07-19 03:40:00,,,,,0
2026-07-19 03:50:00,,,,,0
2026-07-19 04:00:00,,,,,0
2026-07-19 04:10:00,,,,,0
2026-07-19 04:20:00,,,,,0
2026-07-19 04:30:00,,,,,0
2026-07-19 04:40:00,,,,,0
2026-07-19 04:50:00,,,,,0
2026-07-19 05:00:00,,,,,0
2026-07-19 05:10:00,,,,,0
2026-07-19 05:20:00,,,,,0
2026-07-19 05:30:00,,,,,0
2026-07-19 05:40:00,,,,,0
2026-07-19 05:50:00,,,,,0
2026-07-19 06:00:00,,,,,0
2026-07-19 06:10:00,,,,,0
2026-07-19 06:20:00,,,,,0
2026-07-19 06:30:00,,,,,0
2026-07-19 06:40:00,,,,,0
2026-07-19 06:50:00,,,,,0
2026-07-19 07:00:00,,,,,0
2026-07-19 07:10:00,,,,,0
2026-07-19 07:20:00,,,,,0
2026-07-19 07:30:00,,,,,0
2026-07-19 07:40:00,,,,,0
2026-07-19 07:50:00,,,,,0
2026-07-19 08:00:00,,,,,0
2026-07-19 08:10:00,,,,,0
2026-07-19 08:20:00,,,,,0
2026-07-19 08:30:00,,,,,0
2026-07-19 08:40:00,,,,,0
2026-07-19 08:50:00,,,,,0
2026-07-19 09:00:00,,,,,0
2026-07-19 09:10:00,,,,,0
2026-07-19 09:20:00,,,,,0
2026-07-19 09:30:00,,,,,0
2026-07-19 09:40:00,,,,,0
2026-07-19 09:50:00,,,,,0
2026-07-19 10:00:00,,,,,0
2026-07-19 10:10:00,,,,,0
2026-07-19 10:20:00,,,,,0
2026-07-19 10:30:00,,,,,0
2026-07-19 10:40:00,,,,,0
2026-07-19 10:50:00,,,,,0
2026-07-19 11:00:00,,,,,0
2026-07-19 11:10:00,,,,,0
2026-07-19 11:20:00,,,,,0
2026-07-19 11:30:00,,,,,0
2026-07-19 11:40:00,,,,,0
2026-07-19 11:50:00,,,,,0
2026-07-19 12:00:00,,,,,0
2026-07-19 12:10:00,,,,,0
2026-07-19 12:20:00,,,,,0
2026-07-19 12:30:00,,,,,0
2026-07-19 12:40:00,,,,,0
2026-07-19 12:50:00,,,,,0
2026-07-19 13:00:00,,,,,0
2026-07-19 13:10:00,,,,,0
2026-07-19 13:20:00,,,,,0
2026-07-19 13:30:00,,,,,0
2026-07-19 13:40:00,,,,,0
2026-07-19 13:50:00,,,,,0
2026-07-19 14:00:00,,,,,0
2026-07-19 14:10:00,,,,,0
2026-07-19 14:20:00,,,,,0
2026-07-19 14:30:00,,,,,0
2026-07-19 14:40:00,,,,,0
2026-07-19 14:50:00,,,,,0
2026-07-19 15:00:00,,,,,0
2026-07-19 15:10:00,,,,,0
2026-07-19 15:20:00,,,,,0
2026-07-19 15:30:00,,,,,0
2026-07-19 15:40:00,,,,,0
2026-07-19 15:50:00,,,,,0
2026-07-19 16:00:00,,,,,0
2026-07-19 16:10:00,,,,,0
2026-07-19 16:20:00,,,,,0
2026-07-19 16:30:00,,,,,0
2026-07-19 16:40:00,,,,,0
2026-07-19 16:50:00,,,,,0
2026-07-19 17:00:00,,,,,0
2026-07-19 17:10:00,,,,,0
2026-07-19 17:20:00,,,,,0
2026-07-19 17:30:00,,,,,0
2026-07-19 17:40:00,,,,,0
2026-07-19 17:50:00,,,,,0
2026-07-19 18:00:00,,,,,0
2026-07-19 18:10:00,,,,,0
2026-07-19 18:20:00,,,,,0
2026-07-19 18:30:00,,,,,0
2026-07-19 18:40:00,,,,,0
2026-07-19 18:50:00,,,,,0
2026-07-19 19:00:00,,,,,0
2026-07-19 19:10:00,,,,,0
2026-07-19 19:20:00,,,,,0
2026-07-19 19:30:00,,,,,0
2026-07-19 19:40:00,,,,,0
2026-07-19 19:50:00,,,,,0
2026-07-19 20:00:00,,,,,0
2026-07-19 20:10:00,,,,,0
2026-07-19 20:20:00,,,,,0
2026-07-19 20:30:00,,,,,0
2026-07-19 20:40:00,,,,,0
2026-07-19 20:50:00,,,,,0
2026-07-19 21:00:00,,,,,0
2026-07-19 21:10:00,,,,,0
2026-07-19 21:20:00,,,,,0
2026-07-19 21:30:00,,,,,0
2026-07-19 21:40:00,,,,,0
2026-07-19 21:50:00,,,,,0
2026-07-19 22:00:00,,,,,0
2026-07-19 22:10:00,,,,,0
2026-07-19 22:20:00,,,,,0
2026-07-19 22:30:00,,,,,0
2026-07-19 22:40:00,,,,,0
2026-07-19 22:50:00,,,,,0
2026-07-19 23:00:00,,,,,0
2026-07-19 23:10:00,,,,,0
2026-07-19 23:20:00,,,,,0
2026-07-19 23:30:00,,,,,0
2026-07-19 23:40:00,,,,,0
2026-07-19 23:50:00,,,,,0
2026-07-20 00:00:00,,,,,0
2026-07-20 00:10:00,,,,,0
2026-07-20 00:20:00,,,,,0
2026-07-20 00:30:00,,,,,0
2026-07-20 00:40:00,,,,,0
2026-07-20 00:50:00,,,,,0
2026-07-20 01:00:00,,,,,0
2026-07-20 01:10:00,,,,,0
2026-07-20 01:20:00,,,,,0
2026-07-20 01:30:00,,,,,0
2026-07-20 01:40:00,,,,,0
2026-07-20 01:50:00,,,,,0
2026-07-20 02:00:00,,,,,0
2026-07-20 02:10:00,,,,,0
2026-07-20 02:20:00,,,,,0
2026-07-20 02:30:00,,,,,0
2026-07-20 02:40:00,,,,,0
2026-07-20 02:50:00,,,,,0
2026-07-20 03:00:00,,,,,0
2026-07-20 03:10:00,,,,,0
2026-07-20 03:20:00,,,,,0
2026-07-20 03:30:00,,,,,0
2026-07-20 03:40:00,4001.0,4002.89990234375,3999.10009765625,4002.800048828125,219
2026-07-20 03:50:00,4003.0,4004.39990234375,3998.300048828125,3998.800048828125,278
2026-07-20 04:00:00,3998.0,4002.800048828125,3996.89990234375,4000.5,342
2026-07-20 04:10:00,4000.39990234375,4002.800048828125,3999.199951171875,4001.0,266
2026-07-20 04:20:00,4001.300048828125,4002.300048828125,3997.89990234375,3997.89990234375,164
2026-07-20 04:30:00,3999.300048828125,3999.300048828125,3995.0,3997.89990234375,277
2026-07-20 04:40:00,3998.0,3998.0,3994.300048828125,3995.0,207
2026-07-20 04:50:00,3994.800048828125,3997.699951171875,3993.800048828125,3996.699951171875,110
2026-07-20 05:00:00,3996.5,3998.0,3994.699951171875,3997.10009765625,143
2026-07-20 05:10:00,3997.10009765625,3997.39990234375,3993.0,3995.5,364
2026-07-20 05:20:00,3995.5,4000.10009765625,3995.5,3999.199951171875,267
2026-07-20 05:30:00,3999.60009765625,3999.800048828125,3986.5,3992.699951171875,1192
2026-07-20 05:40:00,3993.0,4004.800048828125,3991.5,4004.199951171875,1260
2026-07-20 05:50:00,4003.699951171875,4010.10009765625,4003.60009765625,4008.60009765625,639
2026-07-20 06:00:00,4008.39990234375,4011.800048828125,4002.5,4004.60009765625,796
2026-07-20 06:10:00,4004.199951171875,4008.199951171875,4002.39990234375,4004.10009765625,295
2026-07-20 06:20:00,4004.10009765625,4014.5,4002.800048828125,4013.699951171875,646
2026-07-20 06:30:00,4013.5,4021.5,4009.89990234375,4021.300048828125,1900
2026-07-20 06:40:00,4021.60009765625,4025.699951171875,4008.10009765625,4008.89990234375,1343
2026-07-20 06:50:00,4009.199951171875,4009.39990234375,4004.10009765625,4007.5,891
2026-07-20 07:00:00,4007.300048828125,4010.39990234375,4004.800048828125,4006.300048828125,345
2026-07-20 07:10:00,4006.800048828125,4008.5,4000.10009765625,4008.199951171875,508
2026-07-20 07:20:00,4007.800048828125,4008.800048828125,4002.10009765625,4007.0,261
2026-07-20 07:30:00,4007.300048828125,4014.699951171875,4006.0,4012.10009765625,665
2026-07-20 07:40:00,4012.10009765625,4012.39990234375,4008.800048828125,4009.300048828125,181
2026-07-20 07:50:00,4009.5,4013.39990234375,4009.5,4011.5,142
2026-07-20 08:00:00,4011.39990234375,4019.199951171875,4010.699951171875,4018.10009765625,457
2026-07-20 08:10:00,4018.0,4034.199951171875,4014.300048828125,4029.60009765625,1574
2026-07-20 08:20:00,4029.699951171875,4031.699951171875,4025.800048828125,4027.10009765625,730
2026-07-20 08:30:00,4026.699951171875,4027.5,4023.5,4025.300048828125,386
2026-07-20 08:40:00,4025.199951171875,4031.10009765625,4025.199951171875,4030.300048828125,283
2026-07-20 08:50:00,4030.10009765625,4031.699951171875,4026.699951171875,4027.5,334
2026-07-20 09:00:00,4027.60009765625,4030.199951171875,4023.89990234375,4030.10009765625,530
2026-07-20 09:10:00,4029.60009765625,4032.699951171875,4029.199951171875,4031.0,186
2026-07-20 09:20:00,4031.0,4032.39990234375,4027.800048828125,4027.800048828125,169
2026-07-20 09:30:00,4028.699951171875,4031.300048828125,4028.5,4028.800048828125,208
2026-07-20 09:40:00,4028.800048828125,4029.199951171875,4025.89990234375,4027.699951171875,158
2026-07-20 09:50:00,4027.800048828125,4029.89990234375,4025.89990234375,4029.800048828125,236
2026-07-20 10:00:00,4029.800048828125,4029.800048828125,4026.60009765625,4028.699951171875,263
2026-07-20 10:10:00,4027.89990234375,4028.10009765625,4023.89990234375,4024.0,159
2026-07-20 10:20:00,4024.699951171875,4026.5,4022.60009765625,4022.800048828125,268
2026-07-20 10:30:00,4023.300048828125,4025.10009765625,4019.5,4020.199951171875,359
2026-07-20 10:40:00,4019.800048828125,4020.0,4015.89990234375,4017.5,619
2026-07-20 10:50:00,4017.199951171875,4017.199951171875,4013.60009765625,4014.5,319
2026-07-20 11:00:00,4014.699951171875,4018.699951171875,4012.0,4014.300048828125,530
2026-07-20 11:10:00,4014.89990234375,4016.699951171875,4009.5,4009.89990234375,287
2026-07-20 11:20:00,4009.89990234375,4014.699951171875,4009.5,4012.300048828125,389
2026-07-20 11:30:00,4012.39990234375,4015.89990234375,4011.10009765625,4013.800048828125,375
2026-07-20 11:40:00,4013.800048828125,4014.10009765625,4010.800048828125,4013.39990234375,211
2026-07-20 11:50:00,4013.10009765625,4013.89990234375,4008.10009765625,4009.89990234375,360
2026-07-20 12:00:00,4009.10009765625,4010.0,4007.0,4009.300048828125,406
2026-07-20 12:10:00,4008.699951171875,4011.89990234375,4008.199951171875,4010.60009765625,330
2026-07-20 12:20:00,4011.39990234375,4011.5,4007.5,4008.199951171875,221
2026-07-20 12:30:00,4008.0,4011.300048828125,4006.5,4009.89990234375,428
2026-07-20 12:40:00,4009.699951171875,4010.10009765625,4006.60009765625,4008.10009765625,323
2026-07-20 12:50:00,4007.89990234375,4013.199951171875,4007.39990234375,4011.300048828125,655
2026-07-20 13:00:00,4011.39990234375,4023.0,4011.300048828125,4021.300048828125,1526
2026-07-20 13:10:00,4021.0,4026.699951171875,4021.0,4022.39990234375,1398
2026-07-20 13:20:00,4022.39990234375,4024.0,4020.699951171875,4022.0,478
2026-07-20 13:30:00,4022.199951171875,4030.60009765625,4022.199951171875,4024.699951171875,763
2026-07-20 13:40:00,4024.10009765625,4033.10009765625,4023.89990234375,4029.89990234375,786
2026-07-20 13:50:00,4030.199951171875,4035.5,4026.800048828125,4027.10009765625,956
2026-07-20 14:00:00,4026.699951171875,4029.0,4023.60009765625,4028.39990234375,1049
2026-07-20 14:10:00,4028.89990234375,4029.5,4024.699951171875,4026.5,317
2026-07-20 14:20:00,4026.60009765625,4026.89990234375,4021.800048828125,4023.300048828125,482
2026-07-20 14:30:00,4023.0,4024.800048828125,4019.199951171875,4022.39990234375,386
2026-07-20 14:40:00,4023.0,4026.199951171875,4022.800048828125,4023.60009765625,203
2026-07-20 14:50:00,4023.800048828125,4024.699951171875,4019.60009765625,4020.300048828125,337
2026-07-20 15:00:00,4020.300048828125,4024.800048828125,4018.699951171875,4024.39990234375,557
2026-07-20 15:10:00,4024.300048828125,4027.699951171875,4022.0,4027.39990234375,471
2026-07-20 15:20:00,4027.5,4027.5,4023.199951171875,4025.300048828125,405
2026-07-20 15:30:00,4025.800048828125,4026.0,4022.39990234375,4025.0,284
2026-07-20 15:40:00,4024.39990234375,4026.0,4023.199951171875,4023.89990234375,195
2026-07-20 15:50:00,4024.300048828125,4027.89990234375,4024.300048828125,4026.699951171875,314
2026-07-20 16:00:00,4026.300048828125,4029.0,4025.800048828125,4026.800048828125,217
2026-07-20 16:10:00,4026.800048828125,4027.60009765625,4025.699951171875,4025.699951171875,165
2026-07-20 16:20:00,4026.0,4030.39990234375,4025.60009765625,4029.0,427
2026-07-20 16:30:00,4029.0,4032.0,4027.39990234375,4027.39990234375,586
2026-07-20 16:40:00,4027.60009765625,4028.5,4024.39990234375,4027.699951171875,380
2026-07-20 16:50:00,4027.199951171875,4028.199951171875,4024.5,4026.5,242
2026-07-20 17:00:00,4026.5,4046.0,4025.89990234375,4037.39990234375,4378
2026-07-20 17:10:00,4037.39990234375,4038.5,4031.5,4032.60009765625,850
2026-07-20 17:20:00,4032.39990234375,4033.5,4029.89990234375,4030.5,519
2026-07-20 17:30:00,4030.0,4030.199951171875,4016.5,4020.5,2317
2026-07-20 17:40:00,4020.300048828125,4021.39990234375,4012.800048828125,4017.60009765625,1828
2026-07-20 17:50:00,4017.60009765625,4017.60009765625,4010.60009765625,4017.0,1600
2026-07-20 18:00:00,4017.10009765625,4018.699951171875,4015.0,4015.5,998
2026-07-20 18:10:00,4015.60009765625,4019.800048828125,4010.10009765625,4015.800048828125,2584
2026-07-20 18:20:00,4015.699951171875,4015.89990234375,4011.89990234375,4012.0,762
2026-07-20 18:30:00,4012.199951171875,4017.89990234375,4011.800048828125,4012.60009765625,1038
2026-07-20 18:40:00,4012.5,4015.699951171875,4010.800048828125,4013.699951171875,735
2026-07-20 18:50:00,4014.10009765625,4016.699951171875,4011.800048828125,4012.39990234375,764
2026-07-20 19:00:00,4013.10009765625,4019.60009765625,4012.199951171875,4018.199951171875,1211
2026-07-20 19:10:00,4018.5,4021.60009765625,4013.199951171875,4014.89990234375,1769
2026-07-20 19:20:00,4015.10009765625,4017.5,4009.39990234375,4009.5,2057
2026-07-20 19:30:00,4009.39990234375,4011.89990234375,4004.10009765625,4005.0,2976
2026-07-20 19:40:00,4004.699951171875,4007.199951171875,4001.60009765625,4006.10009765625,1901
2026-07-20 19:50:00,4006.0,4010.699951171875,4002.0,4010.60009765625,1046
2026-07-20 20:00:00,4010.800048828125,4014.699951171875,4009.89990234375,4013.60009765625,1892
2026-07-20 20:10:00,4013.800048828125,4018.60009765625,4011.0,4017.39990234375,1720
2026-07-20 20:20:00,4016.60009765625,4017.60009765625,4009.10009765625,4010.5,1347
2026-07-20 20:30:00,4010.39990234375,4023.89990234375,4008.699951171875,4023.60009765625,2135
2026-07-20 20:40:00,4023.800048828125,4023.89990234375,4015.300048828125,4016.5,2427
2026-07-20 20:50:00,4016.89990234375,4021.199951171875,4015.199951171875,4020.800048828125,1121
2026-07-20 21:00:00,4020.699951171875,4021.300048828125,4014.60009765625,4015.800048828125,1126
2026-07-20 21:10:00,4015.39990234375,4019.60009765625,4014.39990234375,4018.60009765625,482
2026-07-20 21:20:00,4019.300048828125,4020.89990234375,4016.199951171875,4016.199951171875,686
2026-07-20 21:30:00,4016.300048828125,4022.800048828125,4015.39990234375,4021.800048828125,795
2026-07-20 21:40:00,4021.89990234375,4022.5,4016.60009765625,4016.800048828125,674
2026-07-20 21:50:00,4017.0,4017.89990234375,4015.199951171875,4017.0,335
2026-07-20 22:00:00,4016.800048828125,4017.0,4013.39990234375,4016.39990234375,580
2026-07-20 22:10:00,4016.300048828125,4016.89990234375,4005.199951171875,4013.10009765625,1921
2026-07-20 22:20:00,4012.699951171875,4014.60009765625,4010.39990234375,4013.89990234375,618
2026-07-20 22:30:00,4013.89990234375,4016.39990234375,4013.89990234375,4015.699951171875,469
2026-07-20 22:40:00,4015.89990234375,4016.0,4012.89990234375,4014.10009765625,421
2026-07-20 22:50:00,4014.5,4017.0,4013.89990234375,4016.10009765625,3437
2026-07-20 23:00:00,4016.199951171875,4017.0,4013.800048828125,4014.10009765625,346
2026-07-20 23:10:00,4014.5,4014.699951171875,4009.60009765625,4009.89990234375,704
2026-07-20 23:20:00,4009.800048828125,4010.0,4007.800048828125,4009.199951171875,470
2026-07-20 23:30:00,4009.39990234375,4014.300048828125,4009.300048828125,4014.0,735
2026-07-20 23:40:00,4014.10009765625,4016.39990234375,4011.800048828125,4012.5,658
2026-07-20 23:50:00,4012.60009765625,4013.10009765625,4007.699951171875,4011.0,569
2026-07-21 00:00:00,4011.199951171875,4011.300048828125,4008.5,4010.10009765625,283
2026-07-21 00:10:00,4010.89990234375,4012.800048828125,4009.5,4012.199951171875,298
2026-07-21 00:20:00,4011.800048828125,4013.0,4010.199951171875,4012.10009765625,227
2026-07-21 00:30:00,4011.5,4012.60009765625,4009.5,4011.0,139
2026-07-21 00:40:00,4010.89990234375,4012.800048828125,4008.5,4012.800048828125,233
2026-07-21 00:50:00,4012.800048828125,4017.5,4011.39990234375,4017.39990234375,594
2026-07-21 01:00:00,4017.199951171875,4022.199951171875,4014.0,4014.89990234375,741
2026-07-21 01:10:00,4014.800048828125,4015.39990234375,4009.300048828125,4013.10009765625,898
2026-07-21 01:20:00,4012.199951171875,4014.39990234375,4009.800048828125,4010.699951171875,742
2026-07-21 01:30:00,4011.10009765625,4013.300048828125,4009.800048828125,4010.0,312
2026-07-21 01:40:00,4010.199951171875,4012.300048828125,4009.89990234375,4011.0,246
2026-07-21 01:50:00,4011.39990234375,4013.5,4011.39990234375,4012.10009765625,127
2026-07-21 02:00:00,4012.60009765625,4013.300048828125,4011.300048828125,4012.800048828125,114
2026-07-21 02:10:00,4013.199951171875,4013.39990234375,4011.60009765625,4011.699951171875,66
2026-07-21 02:20:00,4012.199951171875,4013.10009765625,4008.39990234375,4011.800048828125,492
2026-07-21 02:30:00,,,,,0
2026-07-21 02:40:00,,,,,0
2026-07-21 02:50:00,,,,,0
2026-07-21 03:00:00,,,,,0
2026-07-21 03:10:00,,,,,0
2026-07-21 03:20:00,,,,,0
2026-07-21 03:30:00,4013.39990234375,4014.699951171875,4009.300048828125,4009.800048828125,77
2026-07-21 03:40:00,4010.800048828125,4011.5,4009.699951171875,4010.800048828125,78
2026-07-21 03:50:00,4010.199951171875,4014.10009765625,4008.300048828125,4013.10009765625,625
2026-07-21 04:00:00,4012.800048828125,4013.10009765625,4009.10009765625,4011.39990234375,770
2026-07-21 04:10:00,4011.39990234375,4012.300048828125,4005.60009765625,4005.60009765625,553
2026-07-21 04:20:00,4005.5,4006.89990234375,4003.300048828125,4004.0,856
2026-07-21 04:30:00,4004.199951171875,4013.39990234375,4003.300048828125,4012.5,535
2026-07-21 04:40:00,4012.300048828125,4012.300048828125,4004.10009765625,4010.199951171875,589
2026-07-21 04:50:00,4010.10009765625,4010.60009765625,4007.5,4007.89990234375,218
2026-07-21 05:00:00,4007.89990234375,4012.0,4007.89990234375,4009.39990234375,229
2026-07-21 05:10:00,4009.699951171875,4013.0,4008.199951171875,4011.0,338
2026-07-21 05:20:00,4011.300048828125,4015.10009765625,4010.300048828125,4014.39990234375,126
2026-07-21 05:30:00,4014.5,4014.60009765625,4008.300048828125,4012.0,321
2026-07-21 05:40:00,4012.5,4020.60009765625,4011.0,4020.300048828125,386
2026-07-21 05:50:00,4020.199951171875,4023.0,4017.199951171875,4019.60009765625,357
2026-07-21 06:00:00,4018.800048828125,4026.60009765625,4018.60009765625,4023.699951171875,666
2026-07-21 06:10:00,4023.10009765625,4029.699951171875,4022.800048828125,4029.10009765625,519
2026-07-21 06:20:00,4029.39990234375,4032.0,4028.0,4029.60009765625,399
2026-07-21 06:30:00,4029.800048828125,4033.699951171875,4022.5,4031.5,1222
2026-07-21 06:40:00,4032.39990234375,4041.0,4030.89990234375,4039.10009765625,1536
2026-07-21 06:50:00,4038.60009765625,4038.60009765625,4030.699951171875,4032.89990234375,967
2026-07-21 07:00:00,4033.39990234375,4035.39990234375,4027.199951171875,4028.10009765625,1094
2026-07-21 07:10:00,4028.199951171875,4031.0,4026.699951171875,4029.699951171875,534
2026-07-21 07:20:00,4030.199951171875,4032.300048828125,4025.39990234375,4027.60009765625,561
2026-07-21 07:30:00,4027.5,4030.60009765625,4025.89990234375,4030.0,412
2026-07-21 07:40:00,4030.300048828125,4030.60009765625,4026.10009765625,4026.800048828125,170
2026-07-21 07:50:00,4027.0,4034.300048828125,4025.89990234375,4033.10009765625,481
2026-07-21 08:00:00,4033.5,4049.800048828125,4032.199951171875,4042.10009765625,2076
2026-07-21 08:10:00,4042.10009765625,4045.0,4038.199951171875,4038.5,504
2026-07-21 08:20:00,4038.800048828125,4042.800048828125,4035.5,4042.699951171875,508
2026-07-21 08:30:00,4042.300048828125,4046.800048828125,4042.199951171875,4045.39990234375,657
2026-07-21 08:40:00,4045.60009765625,4046.199951171875,4041.300048828125,4041.89990234375,290
2026-07-21 08:50:00,4041.699951171875,4057.199951171875,4041.5,4052.0,1269
2026-07-21 09:00:00,4052.10009765625,4054.0,4047.39990234375,4048.60009765625,471
2026-07-21 09:10:00,4048.60009765625,4050.39990234375,4046.5,4050.10009765625,277
2026-07-21 09:20:00,4050.39990234375,4051.89990234375,4049.300048828125,4050.89990234375,214
2026-07-21 09:30:00,4051.699951171875,4056.60009765625,4051.5,4053.300048828125,665
2026-07-21 09:40:00,4052.89990234375,4053.0,4048.39990234375,4048.89990234375,344
2026-07-21 09:50:00,4048.89990234375,4051.39990234375,4048.39990234375,4049.5,215
2026-07-21 10:00:00,4049.5,4051.5,4049.0,4050.89990234375,163
2026-07-21 10:10:00,4051.10009765625,4052.5,4049.800048828125,4051.0,204
2026-07-21 10:20:00,4051.300048828125,4054.60009765625,4050.199951171875,4054.300048828125,241
2026-07-21 10:30:00,4054.10009765625,4055.39990234375,4051.10009765625,4055.0,386
2026-07-21 10:40:00,4055.10009765625,4058.699951171875,4053.0,4055.5,630
2026-07-21 10:50:00,4055.10009765625,4061.5,4052.800048828125,4058.89990234375,720
2026-07-21 11:00:00,4059.699951171875,4067.0,4059.5,4066.0,1251
2026-07-21 11:10:00,4066.39990234375,4072.800048828125,4065.300048828125,4070.89990234375,2660
2026-07-21 11:20:00,4070.699951171875,4071.300048828125,4065.60009765625,4066.0,705
2026-07-21 11:30:00,4066.0,4072.10009765625,4066.0,4072.0,934
2026-07-21 11:40:00,4072.199951171875,4077.10009765625,4071.300048828125,4076.0,1255
2026-07-21 11:50:00,4076.5,4079.0,4074.199951171875,4076.89990234375,680
2026-07-21 12:00:00,4077.10009765625,4080.5,4076.199951171875,4079.0,2719
2026-07-21 12:10:00,4078.60009765625,4088.39990234375,4078.39990234375,4087.39990234375,1644
2026-07-21 12:20:00,4087.39990234375,4087.5,4082.800048828125,4083.0,615
2026-07-21 12:30:00,4083.300048828125,4084.800048828125,4079.0,4079.199951171875,1046
2026-07-21 12:40:00,4079.300048828125,4079.699951171875,4075.5,4078.0,1061
2026-07-21 12:50:00,4077.60009765625,4077.699951171875,4072.60009765625,4074.10009765625,771
2026-07-21 13:00:00,4073.89990234375,4079.89990234375,4072.10009765625,4077.5,833
2026-07-21 13:10:00,4077.5,4078.699951171875,4074.60009765625,4075.89990234375,1113
2026-07-21 13:20:00,4076.10009765625,4076.60009765625,4074.199951171875,4075.699951171875,600
2026-07-21 13:30:00,4075.60009765625,4076.89990234375,4070.10009765625,4071.39990234375,1030
2026-07-21 13:40:00,4071.10009765625,4073.300048828125,4070.5,4071.5,441
2026-07-21 13:50:00,4071.199951171875,4071.199951171875,4067.300048828125,4067.89990234375,537
2026-07-21 14:00:00,4067.699951171875,4069.699951171875,4065.39990234375,4066.800048828125,681
2026-07-21 14:10:00,4066.800048828125,4068.800048828125,4063.60009765625,4064.39990234375,1515
2026-07-21 14:20:00,4064.5,4068.0,4063.60009765625,4067.39990234375,858
2026-07-21 14:30:00,4067.699951171875,4071.5,4067.699951171875,4070.60009765625,1651
2026-07-21 14:40:00,4070.800048828125,4071.5,4069.300048828125,4071.10009765625,363
2026-07-21 14:50:00,4071.0,4072.800048828125,4066.699951171875,4067.300048828125,744
2026-07-21 15:00:00,4067.39990234375,4070.0,4066.10009765625,4067.0,1153
2026-07-21 15:10:00,4067.300048828125,4071.699951171875,4065.39990234375,4070.800048828125,977
2026-07-21 15:20:00,4070.800048828125,4074.39990234375,4069.10009765625,4070.199951171875,789
2026-07-21 15:30:00,4070.5,4072.5,4065.800048828125,4066.10009765625,691
2026-07-21 15:40:00,4065.89990234375,4073.0,4065.10009765625,4072.10009765625,718
2026-07-21 15:50:00,4072.10009765625,4074.0,4070.89990234375,4071.699951171875,404
2026-07-21 16:00:00,4071.60009765625,4074.800048828125,4070.800048828125,4073.60009765625,278
2026-07-21 16:10:00,4073.300048828125,4073.300048828125,4067.300048828125,4067.5,1630
2026-07-21 16:20:00,4067.800048828125,4071.0,4067.0,4067.300048828125,550
2026-07-21 16:30:00,4067.699951171875,4068.300048828125,4059.89990234375,4060.60009765625,1282
2026-07-21 16:40:00,4060.60009765625,4064.10009765625,4060.60009765625,4062.39990234375,326
2026-07-21 16:50:00,4062.39990234375,4064.699951171875,4060.699951171875,4062.60009765625,401
2026-07-21 17:00:00,4062.800048828125,4066.300048828125,4061.800048828125,4064.60009765625,495
2026-07-21 17:10:00,4064.699951171875,4064.699951171875,4058.89990234375,4062.800048828125,707
2026-07-21 17:20:00,4062.39990234375,4063.5,4059.300048828125,4060.60009765625,196
2026-07-21 17:30:00,4060.5,4065.699951171875,4060.300048828125,4062.89990234375,583
2026-07-21 17:40:00,4062.800048828125,4065.0,4060.5,4063.60009765625,557
2026-07-21 17:50:00,4063.5,4070.39990234375,4062.10009765625,4066.0,1693
2026-07-21 18:00:00,4066.300048828125,4068.199951171875,4058.0,4059.39990234375,1366
2026-07-21 18:10:00,4059.300048828125,4066.199951171875,4055.0,4064.199951171875,2111
2026-07-21 18:20:00,4064.199951171875,4064.199951171875,4057.10009765625,4058.0,931
2026-07-21 18:30:00,4058.300048828125,4064.800048828125,4058.300048828125,4061.89990234375,1077
2026-07-21 18:40:00,4061.5,4066.10009765625,4058.699951171875,4059.60009765625,1442
2026-07-21 18:50:00,4060.10009765625,4061.5,4054.300048828125,4055.199951171875,1123
2026-07-21 19:00:00,4055.5,4061.699951171875,4051.199951171875,4056.800048828125,2516
2026-07-21 19:10:00,4057.10009765625,4057.89990234375,4048.39990234375,4054.10009765625,2197
2026-07-21 19:20:00,4054.300048828125,4057.699951171875,4050.300048828125,4057.199951171875,931
2026-07-21 19:30:00,4057.5,4063.800048828125,4055.39990234375,4059.300048828125,1953
2026-07-21 19:40:00,4059.300048828125,4072.89990234375,4059.199951171875,4068.60009765625,3015
2026-07-21 19:50:00,4068.699951171875,4074.10009765625,4065.699951171875,4074.10009765625,1744
2026-07-21 20:00:00,4074.0,4079.10009765625,4066.800048828125,4069.300048828125,2700
2026-07-21 20:10:00,4069.199951171875,4075.300048828125,4067.199951171875,4074.300048828125,1738
2026-07-21 20:20:00,4074.5,4075.300048828125,4070.800048828125,4072.89990234375,1550
2026-07-21 20:30:00,4072.5,4075.5,4069.800048828125,4073.5,1106
2026-07-21 20:40:00,4073.39990234375,4083.300048828125,4073.199951171875,4081.60009765625,2374
2026-07-21 20:50:00,4081.0,4083.800048828125,4079.89990234375,4081.39990234375,1342
2026-07-21 21:00:00,4080.89990234375,4088.0,4080.60009765625,4084.800048828125,1829
2026-07-21 21:10:00,4084.39990234375,4085.0,4075.800048828125,4077.39990234375,1327
2026-07-21 21:20:00,4077.300048828125,4082.5,4077.300048828125,4078.60009765625,1452
2026-07-21 21:30:00,4078.5,4082.5,4077.39990234375,4081.5,589
2026-07-21 21:40:00,4081.300048828125,4083.5,4080.60009765625,4081.699951171875,915
2026-07-21 21:50:00,4081.5,4082.300048828125,4078.10009765625,4080.0,815
2026-07-21 22:00:00,4079.800048828125,4080.5,4075.300048828125,4078.699951171875,921
2026-07-21 22:10:00,4078.5,4079.5,4074.10009765625,4076.5,750
2026-07-21 22:20:00,4076.39990234375,4077.5,4075.300048828125,4075.89990234375,386
2026-07-21 22:30:00,4076.0,4076.89990234375,4073.60009765625,4075.89990234375,562
2026-07-21 22:40:00,4075.800048828125,4076.89990234375,4073.300048828125,4073.39990234375,519
2026-07-21 22:50:00,4073.60009765625,4077.199951171875,4073.60009765625,4076.699951171875,1069
2026-07-21 23:00:00,4076.699951171875,4076.699951171875,4073.39990234375,4073.89990234375,781
2026-07-21 23:10:00,4073.5,4073.800048828125,4071.0,4071.300048828125,464
2026-07-21 23:20:00,4071.39990234375,4073.0,4071.0,4073.0,193
2026-07-21 23:30:00,4072.89990234375,4076.300048828125,4071.89990234375,4076.10009765625,335
2026-07-21 23:40:00,4075.89990234375,4078.199951171875,4075.39990234375,4077.5,290
2026-07-21 23:50:00,4077.300048828125,4092.5,4076.60009765625,4088.699951171875,2726
2026-07-22 00:00:00,4088.60009765625,4090.39990234375,4085.800048828125,4087.199951171875,785
2026-07-22 00:10:00,4087.39990234375,4088.39990234375,4084.699951171875,4085.300048828125,476
2026-07-22 00:20:00,4085.5,4087.89990234375,4083.89990234375,4087.0,536
2026-07-22 00:30:00,4087.0,4090.300048828125,4085.800048828125,4085.89990234375,407
2026-07-22 00:40:00,4086.0,4088.60009765625,4084.699951171875,4088.10009765625,337
2026-07-22 00:50:00,4088.300048828125,4089.699951171875,4086.89990234375,4088.60009765625,296
2026-07-22 01:00:00,4088.800048828125,4089.60009765625,4086.199951171875,4086.699951171875,470
2026-07-22 01:10:00,4086.699951171875,4089.39990234375,4086.5,4088.800048828125,356
2026-07-22 01:20:00,4088.5,4089.60009765625,4087.39990234375,4088.60009765625,763
2026-07-22 01:30:00,4088.60009765625,4090.89990234375,4087.5,4089.60009765625,494
2026-07-22 01:40:00,4089.5,4089.60009765625,4087.300048828125,4088.39990234375,278
2026-07-22 01:50:00,4088.0,4088.10009765625,4085.89990234375,4086.89990234375,221
2026-07-22 02:00:00,4087.10009765625,4089.800048828125,4086.10009765625,4086.199951171875,266
2026-07-22 02:10:00,4086.39990234375,4086.39990234375,4081.89990234375,4082.60009765625,506
2026-07-22 02:20:00,4082.5,4083.5,4080.89990234375,4082.199951171875,232
2026-07-22 02:30:00,,,,,0
2026-07-22 02:40:00,,,,,0
2026-07-22 02:50:00,,,,,0
2026-07-22 03:00:00,,,,,0
2026-07-22 03:10:00,,,,,0
2026-07-22 03:20:00,,,,,0
2026-07-22 03:30:00,4084.699951171875,4085.89990234375,4081.0,4081.89990234375,89
2026-07-22 03:40:00,4082.0,4084.89990234375,4081.300048828125,4084.300048828125,172
2026-07-22 03:50:00,4084.300048828125,4087.39990234375,4084.300048828125,4086.699951171875,218
2026-07-22 04:00:00,4086.60009765625,4089.0,4086.300048828125,4088.39990234375,319
2026-07-22 04:10:00,4087.699951171875,4089.0,4084.89990234375,4085.0,480
2026-07-22 04:20:00,4085.199951171875,4085.800048828125,4082.0,4084.60009765625,390
2026-07-22 04:30:00,4084.39990234375,4086.10009765625,4083.300048828125,4085.39990234375,226
2026-07-22 04:40:00,4085.39990234375,4086.800048828125,4084.39990234375,4086.39990234375,74
2026-07-22 04:50:00,4086.699951171875,4086.800048828125,4085.10009765625,4085.199951171875,48
2026-07-22 05:00:00,4085.300048828125,4086.5,4084.699951171875,4086.10009765625,97
2026-07-22 05:10:00,4086.10009765625,4087.39990234375,4083.39990234375,4085.60009765625,266
2026-07-22 05:20:00,4085.39990234375,4085.60009765625,4083.39990234375,4085.199951171875,45
2026-07-22 05:30:00,4085.5,4094.89990234375,4081.10009765625,4092.699951171875,979
2026-07-22 05:40:00,4092.39990234375,4102.89990234375,4092.39990234375,4100.10009765625,1215
2026-07-22 05:50:00,4100.2998046875,4103.60009765625,4097.60009765625,4103.0,689
2026-07-22 06:00:00,4103.0,4107.5,4094.199951171875,4099.60009765625,1461
2026-07-22 06:10:00,4099.10009765625,4104.2998046875,4096.0,4101.2998046875,700
2026-07-22 06:20:00,4101.0,4102.10009765625,4097.39990234375,4101.60009765625,401
2026-07-22 06:30:00,4102.2998046875,4122.2001953125,4100.7998046875,4120.60009765625,3032
2026-07-22 06:40:00,4120.10009765625,4126.5,4116.39990234375,4117.5,1793
2026-07-22 06:50:00,4117.0,4121.2001953125,4116.0,4120.2998046875,511
2026-07-22 07:00:00,4119.39990234375,4126.2998046875,4117.2998046875,4124.10009765625,943
2026-07-22 07:10:00,4124.2998046875,4128.39990234375,4122.39990234375,4124.10009765625,605
2026-07-22 07:20:00,4123.89990234375,4127.2998046875,4121.7998046875,4126.0,546
2026-07-22 07:30:00,4126.39990234375,4127.2998046875,4123.10009765625,4125.7998046875,426
2026-07-22 07:40:00,4125.39990234375,4129.7001953125,4124.0,4125.2001953125,391
2026-07-22 07:50:00,4125.0,4130.5,4124.89990234375,4128.7998046875,384
2026-07-22 08:00:00,4128.7998046875,4134.7998046875,4126.60009765625,4129.2998046875,1347
2026-07-22 08:10:00,4129.2998046875,4135.2998046875,4128.7001953125,4132.60009765625,847
2026-07-22 08:20:00,4132.60009765625,4135.0,4130.7001953125,4134.7001953125,396
2026-07-22 08:30:00,4134.7998046875,4145.0,4133.60009765625,4142.0,2234
2026-07-22 08:40:00,4142.0,4144.2001953125,4139.5,4143.39990234375,551
2026-07-22 08:50:00,4143.0,4146.0,4141.5,4142.7998046875,1268
2026-07-22 09:00:00,4142.39990234375,4142.39990234375,4136.7998046875,4138.2998046875,686
2026-07-22 09:10:00,4137.60009765625,4138.7001953125,4136.7001953125,4137.2998046875,323
2026-07-22 09:20:00,4136.7001953125,4137.2001953125,4134.60009765625,4135.5,358
2026-07-22 09:30:00,4135.10009765625,4135.60009765625,4131.2998046875,4132.7001953125,752
2026-07-22 09:40:00,4132.89990234375,4134.2998046875,4131.0,4133.0,343
2026-07-22 09:50:00,4132.5,4134.2001953125,4132.10009765625,4133.60009765625,290
2026-07-22 10:00:00,4133.7001953125,4133.7998046875,4129.39990234375,4130.89990234375,554
2026-07-22 10:10:00,4131.39990234375,4132.2001953125,4130.0,4130.89990234375,236
2026-07-22 10:20:00,4130.7001953125,4132.0,4129.7998046875,4131.7998046875,178
2026-07-22 10:30:00,4131.60009765625,4134.0,4130.60009765625,4131.7998046875,303
2026-07-22 10:40:00,4132.0,4134.7001953125,4127.60009765625,4128.5,843
2026-07-22 10:50:00,4128.5,4131.0,4127.7998046875,4128.2998046875,312
2026-07-22 11:00:00,4127.7998046875,4138.60009765625,4127.5,4137.0,936
2026-07-22 11:10:00,4137.10009765625,4137.7001953125,4134.60009765625,4136.2001953125,448
2026-07-22 11:20:00,4135.89990234375,4137.89990234375,4132.39990234375,4135.5,489
2026-07-22 11:30:00,4135.39990234375,4140.0,4134.7998046875,4135.10009765625,800
2026-07-22 11:40:00,4135.2001953125,4136.7998046875,4133.5,4134.7998046875,440
2026-07-22 11:50:00,4135.0,4135.2998046875,4118.2001953125,4121.7001953125,1758
2026-07-22 12:00:00,4122.2001953125,4124.7001953125,4118.89990234375,4121.10009765625,750
2026-07-22 12:10:00,4121.5,4124.89990234375,4121.0,4121.60009765625,575
2026-07-22 12:20:00,4121.5,4121.5,4117.7998046875,4121.0,2278
2026-07-22 12:30:00,4120.7998046875,4121.60009765625,4116.10009765625,4117.7001953125,1228
2026-07-22 12:40:00,4117.60009765625,4123.89990234375,4116.7998046875,4123.2998046875,790
2026-07-22 12:50:00,4123.39990234375,4126.89990234375,4122.0,4124.0,740
2026-07-22 13:00:00,4124.2001953125,4127.39990234375,4119.39990234375,4119.60009765625,569
2026-07-22 13:10:00,4119.2998046875,4119.7001953125,4114.10009765625,4114.2998046875,1039
2026-07-22 13:20:00,4114.60009765625,4118.39990234375,4113.2998046875,4114.60009765625,443
2026-07-22 13:30:00,4115.0,4120.7998046875,4114.7998046875,4118.7001953125,567
2026-07-22 13:40:00,4119.2998046875,4120.2001953125,4116.60009765625,4119.0,462
2026-07-22 13:50:00,4119.60009765625,4122.2998046875,4119.2001953125,4121.7998046875,386
2026-07-22 14:00:00,4121.7998046875,4123.7998046875,4120.7998046875,4121.10009765625,428
2026-07-22 14:10:00,4121.2001953125,4121.7001953125,4117.7001953125,4118.7998046875,446
2026-07-22 14:20:00,4118.89990234375,4124.39990234375,4118.2998046875,4122.2998046875,459
2026-07-22 14:30:00,4122.60009765625,4126.5,4122.10009765625,4124.2001953125,610
2026-07-22 14:40:00,4124.0,4126.5,4123.7001953125,4126.2001953125,460
2026-07-22 14:50:00,4126.2001953125,4126.60009765625,4121.7001953125,4122.60009765625,841
2026-07-22 15:00:00,4122.89990234375,4125.7998046875,4118.39990234375,4118.7998046875,973
2026-07-22 15:10:00,4118.60009765625,4123.2001953125,4118.60009765625,4121.10009765625,321
2026-07-22 15:20:00,4121.2998046875,4122.2001953125,4117.5,4118.7998046875,510
2026-07-22 15:30:00,4119.2001953125,4124.7998046875,4119.2001953125,4120.60009765625,578
2026-07-22 15:40:00,4120.7001953125,4123.39990234375,4120.60009765625,4122.2001953125,328
2026-07-22 15:50:00,4122.0,4126.10009765625,4121.7998046875,4123.5,262
2026-07-22 16:00:00,4123.5,4124.10009765625,4120.7998046875,4121.10009765625,253
2026-07-22 16:10:00,4120.7998046875,4123.2001953125,4119.89990234375,4123.0,493
2026-07-22 16:20:00,4123.2001953125,4124.5,4120.39990234375,4121.2001953125,419
2026-07-22 16:30:00,4121.7998046875,4123.2001953125,4119.2998046875,4123.2001953125,608
2026-07-22 16:40:00,4123.10009765625,4127.5,4122.10009765625,4125.60009765625,664
2026-07-22 16:50:00,4125.39990234375,4127.10009765625,4122.2001953125,4123.2001953125,2024
2026-07-22 17:00:00,4123.2998046875,4125.7001953125,4121.89990234375,4122.89990234375,323
2026-07-22 17:10:00,4123.5,4125.10009765625,4117.2001953125,4124.89990234375,1774
2026-07-22 17:20:00,4124.7998046875,4127.89990234375,4122.89990234375,4127.39990234375,450
2026-07-22 17:30:00,4127.5,4132.2001953125,4126.2998046875,4129.7001953125,1268
2026-07-22 17:40:00,4129.7001953125,4132.7998046875,4128.2998046875,4130.7998046875,896
2026-07-22 17:50:00,4130.7998046875,4138.0,4130.2001953125,4137.5,1682
2026-07-22 18:00:00,4137.7998046875,4139.5,4129.60009765625,4131.7998046875,2481
2026-07-22 18:10:00,4131.89990234375,4133.39990234375,4123.2001953125,4123.7001953125,2046
2026-07-22 18:20:00,4123.39990234375,4124.2001953125,4110.39990234375,4117.0,2900
2026-07-22 18:30:00,4117.10009765625,4125.60009765625,4117.0,4125.60009765625,1176
2026-07-22 18:40:00,4125.2001953125,4135.89990234375,4124.7001953125,4135.10009765625,1332
2026-07-22 18:50:00,4135.10009765625,4139.7998046875,4133.10009765625,4136.5,1646
2026-07-22 19:00:00,4136.7998046875,4152.10009765625,4136.7998046875,4149.7998046875,6133
2026-07-22 19:10:00,4149.5,4156.5,4146.0,4151.7001953125,2632
2026-07-22 19:20:00,4151.7998046875,4161.5,4149.0,4160.0,2914
2026-07-22 19:30:00,4159.7998046875,4168.7998046875,4158.60009765625,4161.7998046875,5379
2026-07-22 19:40:00,4161.7001953125,4164.10009765625,4153.2001953125,4153.7001953125,2243
2026-07-22 19:50:00,4153.7001953125,4157.7998046875,4149.10009765625,4151.10009765625,2007
2026-07-22 20:00:00,4151.2001953125,4157.5,4150.89990234375,4156.60009765625,1188
2026-07-22 20:10:00,4156.7998046875,4158.2001953125,4150.60009765625,4153.0,1408
2026-07-22 20:20:00,4152.89990234375,4154.7998046875,4148.60009765625,4153.39990234375,841
2026-07-22 20:30:00,4153.5,4161.39990234375,4153.39990234375,4159.60009765625,1543
2026-07-22 20:40:00,4159.60009765625,4163.5,4158.10009765625,4159.89990234375,1634
2026-07-22 20:50:00,4160.10009765625,4166.60009765625,4159.39990234375,4162.2001953125,1570
2026-07-22 21:00:00,4162.2998046875,4164.0,4160.7001953125,4162.39990234375,987
2026-07-22 21:10:00,4162.5,4170.2998046875,4162.2998046875,4169.39990234375,1211
2026-07-22 21:20:00,4169.60009765625,4171.39990234375,4163.2001953125,4164.10009765625,1754
2026-07-22 21:30:00,4164.39990234375,4164.5,4161.0,4161.5,821
2026-07-22 21:40:00,4161.5,4161.5,4156.0,4160.10009765625,1852
2026-07-22 21:50:00,4160.0,4160.7001953125,4153.10009765625,4154.5,1404
2026-07-22 22:00:00,4154.60009765625,4156.0,4150.10009765625,4153.7998046875,1862
2026-07-22 22:10:00,4154.2001953125,4157.2998046875,4151.60009765625,4152.7001953125,917
2026-07-22 22:20:00,4153.0,4154.89990234375,4150.10009765625,4152.7998046875,854
2026-07-22 22:30:00,4152.7998046875,4153.60009765625,4148.7998046875,4149.7001953125,1065
2026-07-22 22:40:00,4150.10009765625,4151.7998046875,4148.5,4148.7998046875,829
2026-07-22 22:50:00,4148.7001953125,4152.89990234375,4148.5,4151.60009765625,1707
2026-07-22 23:00:00,4151.60009765625,4153.10009765625,4144.39990234375,4144.89990234375,1709
2026-07-22 23:10:00,4144.7998046875,4149.2001953125,4143.7998046875,4148.7998046875,579
2026-07-22 23:20:00,4148.89990234375,4149.60009765625,4146.89990234375,4148.10009765625,387
2026-07-22 23:30:00,4147.89990234375,4148.39990234375,4142.5,4145.0,1179
2026-07-22 23:40:00,4144.7001953125,4146.2998046875,4142.10009765625,4144.60009765625,390
2026-07-22 23:50:00,4144.2998046875,4145.2001953125,4140.2001953125,4140.39990234375,652
2026-07-23 00:00:00,4140.89990234375,4141.5,4137.5,4141.0,810
2026-07-23 00:10:00,4141.2001953125,4143.7001953125,4139.0,4142.7998046875,385
2026-07-23 00:20:00,4143.0,4144.2998046875,4141.2998046875,4141.7998046875,413
2026-07-23 00:30:00,4141.39990234375,4142.5,4138.2001953125,4141.10009765625,378
2026-07-23 00:40:00,4141.10009765625,4141.10009765625,4138.89990234375,4139.5,231
2026-07-23 00:50:00,4140.0,4140.5,4137.10009765625,4140.0,405
2026-07-23 01:00:00,4139.60009765625,4141.60009765625,4138.0,4139.60009765625,485
2026-07-23 01:10:00,4139.5,4141.2998046875,4138.2998046875,4139.7998046875,437
2026-07-23 01:20:00,4140.39990234375,4140.60009765625,4133.89990234375,4136.39990234375,1447
2026-07-23 01:30:00,4136.39990234375,4140.0,4135.10009765625,4138.39990234375,936
2026-07-23 01:40:00,4138.10009765625,4141.2001953125,4137.0,4140.39990234375,276
2026-07-23 01:50:00,4140.39990234375,4142.7998046875,4139.2001953125,4141.7001953125,189
2026-07-23 02:00:00,4141.0,4142.39990234375,4138.5,4139.2001953125,179
2026-07-23 02:10:00,4139.39990234375,4140.60009765625,4133.2001953125,4135.2001953125,429
2026-07-23 02:20:00,4134.89990234375,4135.39990234375,4133.2998046875,4135.0,155
2026-07-23 02:30:00,,,,,0
2026-07-23 02:40:00,,,,,0
2026-07-23 02:50:00,,,,,0
2026-07-23 03:00:00,,,,,0
2026-07-23 03:10:00,,,,,0
2026-07-23 03:20:00,,,,,0
2026-07-23 03:30:00,4126.0,4129.7001953125,4074.60009765625,4125.89990234375,259
2026-07-23 03:40:00,4125.60009765625,4128.2001953125,4123.2001953125,4127.2998046875,419
2026-07-23 03:50:00,4126.7001953125,4132.2001953125,4125.0,4131.2998046875,782
2026-07-23 04:00:00,4131.7998046875,4133.0,4127.2001953125,4128.60009765625,773
2026-07-23 04:10:00,4128.0,4128.7001953125,4122.7001953125,4127.39990234375,849
2026-07-23 04:20:00,4127.39990234375,4129.89990234375,4123.60009765625,4124.7001953125,1152
2026-07-23 04:30:00,4125.10009765625,4126.39990234375,4118.89990234375,4120.89990234375,1251
2026-07-23 04:40:00,4121.10009765625,4127.39990234375,4119.10009765625,4122.89990234375,977
2026-07-23 04:50:00,4123.0,4125.10009765625,4121.7001953125,4122.7001953125,354
2026-07-23 05:00:00,4122.2998046875,4126.10009765625,4121.60009765625,4124.10009765625,202
2026-07-23 05:10:00,4124.0,4134.39990234375,4123.7001953125,4132.7001953125,726
2026-07-23 05:20:00,4132.7998046875,4137.10009765625,4131.2998046875,4135.7998046875,507
2026-07-23 05:30:00,4136.7998046875,4137.2001953125,4130.0,4131.7001953125,624
2026-07-23 05:40:00,4131.10009765625,4132.0,4129.0,4131.10009765625,193
2026-07-23 05:50:00,4131.5,4138.0,4130.7001953125,4132.0,354
2026-07-23 06:00:00,4132.0,4135.2001953125,4130.7998046875,4131.2998046875,320
2026-07-23 06:10:00,4131.2998046875,4133.2001953125,4130.0,4130.2001953125,199
2026-07-23 06:20:00,4130.2998046875,4136.89990234375,4128.39990234375,4135.2998046875,359
2026-07-23 06:30:00,4135.2001953125,4142.7001953125,4133.2001953125,4136.5,1107
2026-07-23 06:40:00,4136.60009765625,4140.7998046875,4135.2001953125,4138.5,699
2026-07-23 06:50:00,4138.7998046875,4144.0,4138.0,4140.2001953125,806
2026-07-23 07:00:00,4140.5,4141.89990234375,4125.39990234375,4125.60009765625,1595
2026-07-23 07:10:00,4125.89990234375,4130.10009765625,4119.5,4124.0,1015
2026-07-23 07:20:00,4123.7001953125,4125.10009765625,4116.7001953125,4120.5,882
2026-07-23 07:30:00,4120.10009765625,4121.39990234375,4114.7001953125,4116.89990234375,710
2026-07-23 07:40:00,4116.5,4120.7001953125,4115.60009765625,4117.2998046875,636
2026-07-23 07:50:00,4117.2001953125,4119.5,4116.2001953125,4118.39990234375,442
2026-07-23 08:00:00,4118.2998046875,4122.0,4116.10009765625,4121.2001953125,479
2026-07-23 08:10:00,4121.5,4128.0,4120.2998046875,4125.2001953125,577
2026-07-23 08:20:00,4125.2998046875,4131.2998046875,4124.0,4130.7998046875,363
2026-07-23 08:30:00,4130.89990234375,4131.7001953125,4126.60009765625,4127.60009765625,546
2026-07-23 08:40:00,4127.89990234375,4133.5,4126.60009765625,4133.2001953125,381
2026-07-23 08:50:00,4133.2998046875,4135.60009765625,4131.7998046875,4132.2001953125,353
2026-07-23 09:00:00,4132.7998046875,4133.7998046875,4130.7001953125,4131.7998046875,243
2026-07-23 09:10:00,4132.2998046875,4133.10009765625,4127.7001953125,4128.2998046875,404
2026-07-23 09:20:00,4128.10009765625,4128.7001953125,4127.2001953125,4127.60009765625,102
2026-07-23 09:30:00,4127.7001953125,4128.2001953125,4124.7998046875,4127.7001953125,249
2026-07-23 09:40:00,4127.7001953125,4130.60009765625,4126.39990234375,4128.2001953125,186
2026-07-23 09:50:00,4128.0,4132.5,4128.0,4132.5,210
2026-07-23 10:00:00,4132.2998046875,4132.89990234375,4128.10009765625,4128.5,229
2026-07-23 10:10:00,4128.2001953125,4128.2001953125,4124.0,4124.60009765625,245
2026-07-23 10:20:00,4124.5,4125.0,4122.5,4123.7998046875,103
2026-07-23 10:30:00,4124.0,4126.7998046875,4121.60009765625,4126.5,323
2026-07-23 10:40:00,4126.39990234375,4127.5,4123.7001953125,4123.7001953125,198
2026-07-23 10:50:00,4124.10009765625,4128.0,4122.39990234375,4128.0,259
2026-07-23 11:00:00,4128.2998046875,4131.2998046875,4126.0,4129.2998046875,589
2026-07-23 11:10:00,4129.0,4133.39990234375,4127.0,4129.60009765625,746
2026-07-23 11:20:00,4129.2001953125,4130.0,4123.2998046875,4126.89990234375,545
2026-07-23 11:30:00,4127.10009765625,4131.0,4124.0,4125.39990234375,428
2026-07-23 11:40:00,4126.2998046875,4130.5,4124.7998046875,4129.60009765625,266
2026-07-23 11:50:00,4129.5,4129.89990234375,4124.0,4124.89990234375,279
2026-07-23 12:00:00,4124.7998046875,4126.7001953125,4123.2998046875,4123.89990234375,344
2026-07-23 12:10:00,4123.10009765625,4125.10009765625,4119.5,4125.10009765625,529
2026-07-23 12:20:00,4124.2998046875,4125.10009765625,4120.5,4121.60009765625,303
2026-07-23 12:30:00,4121.2998046875,4122.2001953125,4112.5,4113.2998046875,1053
2026-07-23 12:40:00,4113.10009765625,4114.89990234375,4104.89990234375,4112.10009765625,1782
2026-07-23 12:50:00,4112.0,4113.39990234375,4108.10009765625,4111.2001953125,888
2026-07-23 13:00:00,4111.39990234375,4111.5,4102.5,4103.7001953125,1195
2026-07-23 13:10:00,4103.39990234375,4105.0,4094.10009765625,4096.10009765625,1450
2026-07-23 13:20:00,4095.60009765625,4100.0,4093.0,4098.2998046875,1108
2026-07-23 13:30:00,4098.5,4100.39990234375,4093.10009765625,4099.0,878
2026-07-23 13:40:00,4099.5,4100.7001953125,4092.300048828125,4092.699951171875,824
2026-07-23 13:50:00,4092.300048828125,4094.89990234375,4091.10009765625,4094.39990234375,515
2026-07-23 14:00:00,4094.10009765625,4096.7001953125,4092.39990234375,4094.89990234375,792
2026-07-23 14:10:00,4094.39990234375,4095.39990234375,4089.699951171875,4092.199951171875,737
2026-07-23 14:20:00,4092.5,4097.39990234375,4091.39990234375,4096.0,509
2026-07-23 14:30:00,4095.89990234375,4102.39990234375,4095.300048828125,4100.0,786
2026-07-23 14:40:00,4099.7001953125,4101.39990234375,4096.7998046875,4099.7001953125,600
2026-07-23 14:50:00,4099.2998046875,4099.2998046875,4092.199951171875,4093.89990234375,942
2026-07-23 15:00:00,4094.199951171875,4095.800048828125,4091.300048828125,4095.0,1016
2026-07-23 15:10:00,4094.89990234375,4097.5,4093.60009765625,4096.39990234375,421
2026-07-23 15:20:00,4096.5,4097.10009765625,4091.5,4093.199951171875,842
2026-07-23 15:30:00,4093.199951171875,4094.699951171875,4091.0,4092.0,637
2026-07-23 15:40:00,4091.699951171875,4096.0,4091.39990234375,4092.10009765625,460
2026-07-23 15:50:00,4091.699951171875,4093.699951171875,4088.699951171875,4093.300048828125,505
2026-07-23 16:00:00,4092.89990234375,4096.0,4089.800048828125,4093.300048828125,737
2026-07-23 16:10:00,4092.800048828125,4097.0,4090.199951171875,4096.39990234375,365
2026-07-23 16:20:00,4096.7998046875,4098.60009765625,4095.10009765625,4096.7001953125,644
2026-07-23 16:30:00,4096.60009765625,4097.39990234375,4091.699951171875,4092.0,451
2026-07-23 16:40:00,4091.699951171875,4092.800048828125,4087.300048828125,4088.60009765625,1108
2026-07-23 16:50:00,4088.5,4090.199951171875,4083.800048828125,4087.10009765625,1078
2026-07-23 17:00:00,4087.10009765625,4087.10009765625,4082.0,4082.199951171875,1301
2026-07-23 17:10:00,4082.0,4085.0,4075.699951171875,4084.5,1556
2026-07-23 17:20:00,4084.800048828125,4092.5,4084.699951171875,4088.89990234375,1308
2026-07-23 17:30:00,4088.39990234375,4089.0,4084.5,4086.0,717
2026-07-23 17:40:00,4086.10009765625,4088.199951171875,4075.0,4081.10009765625,2707
2026-07-23 17:50:00,4080.5,4081.199951171875,4072.800048828125,4077.60009765625,1691
2026-07-23 18:00:00,4076.800048828125,4077.89990234375,4066.5,4075.89990234375,2808
2026-07-23 18:10:00,4075.5,4076.0,4065.800048828125,4068.800048828125,2172
2026-07-23 18:20:00,4068.60009765625,4071.0,4063.60009765625,4064.60009765625,1266
2026-07-23 18:30:00,4064.199951171875,4066.39990234375,4047.0,4049.60009765625,6115
2026-07-23 18:40:00,4049.5,4052.0,4042.60009765625,4051.10009765625,4477
2026-07-23 18:50:00,4051.0,4061.39990234375,4050.60009765625,4061.10009765625,2600
2026-07-23 19:00:00,4060.89990234375,4070.10009765625,4058.60009765625,4059.699951171875,4838
2026-07-23 19:10:00,4059.800048828125,4065.300048828125,4052.800048828125,4055.60009765625,2356
2026-07-23 19:20:00,4055.800048828125,4061.800048828125,4045.300048828125,4045.800048828125,3684
2026-07-23 19:30:00,4046.10009765625,4053.300048828125,4042.5,4048.300048828125,4172
2026-07-23 19:40:00,4048.300048828125,4054.300048828125,4044.60009765625,4047.300048828125,4941
2026-07-23 19:50:00,4046.89990234375,4060.199951171875,4046.0,4059.60009765625,3016
2026-07-23 20:00:00,4059.60009765625,4064.10009765625,4054.39990234375,4062.199951171875,2468
2026-07-23 20:10:00,4062.199951171875,4064.699951171875,4058.89990234375,4061.89990234375,984
2026-07-23 20:20:00,4061.89990234375,4063.300048828125,4059.60009765625,4061.10009765625,861
2026-07-23 20:30:00,4061.5,4062.60009765625,4054.199951171875,4054.699951171875,1256
2026-07-23 20:40:00,4054.699951171875,4059.39990234375,4052.300048828125,4055.39990234375,2875
2026-07-23 20:50:00,4055.60009765625,4056.300048828125,4048.0,4049.699951171875,2513
2026-07-23 21:00:00,4049.5,4053.89990234375,4045.0,4052.10009765625,4111
2026-07-23 21:10:00,4052.10009765625,4056.0,4049.89990234375,4052.300048828125,2267
2026-07-23 21:20:00,4051.60009765625,4053.800048828125,4049.300048828125,4051.199951171875,1466
2026-07-23 21:30:00,4051.5,4053.800048828125,4050.0,4051.300048828125,1103
2026-07-23 21:40:00,4051.10009765625,4053.60009765625,4048.60009765625,4049.199951171875,3714
2026-07-23 21:50:00,4049.300048828125,4054.60009765625,4049.199951171875,4053.199951171875,2079
2026-07-23 22:00:00,4053.0,4053.800048828125,4049.800048828125,4053.300048828125,1409
2026-07-23 22:10:00,4053.5,4054.199951171875,4051.89990234375,4052.0,1758
2026-07-23 22:20:00,4051.89990234375,4054.60009765625,4051.0,4054.300048828125,1347
2026-07-23 22:30:00,4054.5,4057.5,4049.60009765625,4051.0,2434
2026-07-23 22:40:00,4051.10009765625,4052.5,4048.800048828125,4049.199951171875,1709
2026-07-23 22:50:00,4049.39990234375,4053.39990234375,4049.10009765625,4049.699951171875,4430
2026-07-23 23:00:00,4049.89990234375,4051.800048828125,4046.60009765625,4047.300048828125,1479
2026-07-23 23:10:00,4047.199951171875,4047.89990234375,4044.300048828125,4046.60009765625,987
2026-07-23 23:20:00,4046.300048828125,4046.699951171875,4043.89990234375,4043.89990234375,755
2026-07-23 23:30:00,4044.39990234375,4046.800048828125,4042.5,4045.800048828125,1170
2026-07-23 23:40:00,4045.699951171875,4047.10009765625,4042.800048828125,4045.39990234375,1041
2026-07-23 23:50:00,4045.5,4047.60009765625,4042.60009765625,4047.199951171875,677
2026-07-24 00:00:00,4046.800048828125,4050.60009765625,4046.800048828125,4047.60009765625,558
2026-07-24 00:10:00,4047.5,4050.800048828125,4047.300048828125,4049.60009765625,407
2026-07-24 00:20:00,4049.60009765625,4049.699951171875,4047.10009765625,4048.800048828125,279
2026-07-24 00:30:00,4049.199951171875,4051.39990234375,4046.10009765625,4046.10009765625,458
2026-07-24 00:40:00,4046.199951171875,4048.199951171875,4045.300048828125,4047.5,241
2026-07-24 00:50:00,4047.5,4051.5,4047.300048828125,4050.10009765625,482
2026-07-24 01:00:00,4050.39990234375,4053.10009765625,4047.800048828125,4050.199951171875,526
2026-07-24 01:10:00,4050.10009765625,4050.199951171875,4047.0,4047.89990234375,252
2026-07-24 01:20:00,4048.199951171875,4053.300048828125,4048.199951171875,4052.10009765625,975
2026-07-24 01:30:00,4051.89990234375,4053.60009765625,4050.60009765625,4050.60009765625,890
2026-07-24 01:40:00,4051.0,4052.5,4050.300048828125,4051.10009765625,159
2026-07-24 01:50:00,4051.0,4053.39990234375,4049.800048828125,4052.60009765625,269
2026-07-24 02:00:00,4052.89990234375,4053.199951171875,4051.5,4052.699951171875,92
2026-07-24 02:10:00,4052.5,4052.5,4051.10009765625,4052.10009765625,186
2026-07-24 02:20:00,4052.10009765625,4052.5,4049.89990234375,4052.300048828125,180
2026-07-24 02:30:00,,,,,0
2026-07-24 02:40:00,,,,,0
2026-07-24 02:50:00,,,,,0
2026-07-24 03:00:00,,,,,0
2026-07-24 03:10:00,,,,,0
2026-07-24 03:20:00,,,,,0
2026-07-24 03:30:00,4053.39990234375,4053.5,4050.199951171875,4051.10009765625,68
2026-07-24 03:40:00,4051.300048828125,4052.10009765625,4051.0,4052.0,242
2026-07-24 03:50:00,4052.300048828125,4052.800048828125,4051.5,4052.300048828125,76
2026-07-24 04:00:00,4051.89990234375,4052.89990234375,4051.800048828125,4052.199951171875,109
2026-07-24 04:10:00,4052.10009765625,4052.5,4050.800048828125,4051.10009765625,169
2026-07-24 04:20:00,4051.199951171875,4052.800048828125,4051.0,4052.0,182
2026-07-24 04:30:00,4052.199951171875,4052.39990234375,4049.89990234375,4050.39990234375,101
2026-07-24 04:40:00,4050.5,4051.699951171875,4049.60009765625,4049.60009765625,165
2026-07-24 04:50:00,4049.5,4052.300048828125,4049.5,4051.699951171875,300
2026-07-24 05:00:00,4051.699951171875,4053.800048828125,4050.800048828125,4050.800048828125,463
2026-07-24 05:10:00,4050.800048828125,4052.199951171875,4049.5,4051.300048828125,284
2026-07-24 05:20:00,4051.199951171875,4051.60009765625,4048.800048828125,4049.39990234375,119
2026-07-24 05:30:00,4049.800048828125,4052.300048828125,4047.0,4047.5,423
2026-07-24 05:40:00,4047.89990234375,4048.800048828125,4043.199951171875,4045.300048828125,494
2026-07-24 05:50:00,4046.10009765625,4050.300048828125,4045.300048828125,4048.300048828125,471
2026-07-24 06:00:00,4049.39990234375,4052.10009765625,4047.199951171875,4050.699951171875,351
2026-07-24 06:10:00,4051.10009765625,4053.300048828125,4050.199951171875,4051.300048828125,308
2026-07-24 06:20:00,4051.60009765625,4054.10009765625,4050.800048828125,4052.39990234375,454
2026-07-24 06:30:00,4052.89990234375,4053.10009765625,4041.89990234375,4045.60009765625,1289
2026-07-24 06:40:00,4045.699951171875,4048.300048828125,4042.39990234375,4046.800048828125,661
2026-07-24 06:50:00,4046.300048828125,4048.300048828125,4044.5,4045.0,327
2026-07-24 07:00:00,4044.89990234375,4047.300048828125,4043.699951171875,4045.699951171875,213
2026-07-24 07:10:00,4047.0,4053.300048828125,4046.5,4050.60009765625,803
2026-07-24 07:20:00,4050.199951171875,4050.199951171875,4043.60009765625,4046.0,437
2026-07-24 07:30:00,4045.89990234375,4047.699951171875,4043.300048828125,4047.199951171875,305
2026-07-24 07:40:00,4046.89990234375,4048.39990234375,4046.5,4047.10009765625,215
2026-07-24 07:50:00,4047.0,4051.0,4044.800048828125,4048.800048828125,326
2026-07-24 08:00:00,4049.199951171875,4050.5,4043.199951171875,4044.39990234375,458
2026-07-24 08:10:00,4044.5,4045.89990234375,4028.39990234375,4028.800048828125,2466
2026-07-24 08:20:00,4028.800048828125,4032.89990234375,4025.300048828125,4026.699951171875,1837
2026-07-24 08:30:00,4027.10009765625,4031.300048828125,4025.39990234375,4029.0,483
2026-07-24 08:40:00,4030.0,4036.10009765625,4028.39990234375,4031.60009765625,584
2026-07-24 08:50:00,4031.39990234375,4034.199951171875,4030.800048828125,4032.5,261
2026-07-24 09:00:00,4033.300048828125,4035.39990234375,4033.0,4033.89990234375,222
2026-07-24 09:10:00,4034.199951171875,4035.0,4032.300048828125,4034.5,99
2026-07-24 09:20:00,4033.800048828125,4034.39990234375,4030.39990234375,4031.10009765625,157
2026-07-24 09:30:00,4031.300048828125,4032.5,4029.89990234375,4031.5,337
2026-07-24 09:40:00,4031.0,4031.300048828125,4029.5,4030.199951171875,502
2026-07-24 09:50:00,4030.699951171875,4032.699951171875,4030.300048828125,4032.10009765625,130
2026-07-24 10:00:00,4032.300048828125,4032.89990234375,4029.199951171875,4029.39990234375,202
2026-07-24 10:10:00,4029.5,4029.60009765625,4027.800048828125,4029.300048828125,143
2026-07-24 10:20:00,4029.60009765625,4031.10009765625,4028.199951171875,4029.800048828125,312
2026-07-24 10:30:00,4029.800048828125,4032.199951171875,4027.5,4030.89990234375,816
2026-07-24 10:40:00,4031.39990234375,4034.60009765625,4024.5,4026.39990234375,771
2026-07-24 10:50:00,4026.699951171875,4031.800048828125,4026.300048828125,4028.300048828125,357
2026-07-24 11:00:00,4028.300048828125,4033.60009765625,4027.0,4028.300048828125,782
2026-07-24 11:10:00,4028.10009765625,4030.800048828125,4025.89990234375,4030.0,629
2026-07-24 11:20:00,4030.300048828125,4031.0,4024.0,4025.0,497
2026-07-24 11:30:00,4025.199951171875,4029.60009765625,4025.0,4029.199951171875,512
2026-07-24 11:40:00,4029.60009765625,4036.699951171875,4028.699951171875,4036.10009765625,632
2026-07-24 11:50:00,4036.199951171875,4041.39990234375,4036.0,4038.800048828125,608
2026-07-24 12:00:00,4038.699951171875,4039.39990234375,4035.10009765625,4037.699951171875,372
2026-07-24 12:10:00,4037.800048828125,4039.10009765625,4035.300048828125,4036.39990234375,656
2026-07-24 12:20:00,4036.89990234375,4041.39990234375,4034.0,4038.39990234375,465
2026-07-24 12:30:00,4038.199951171875,4048.39990234375,4037.5,4048.199951171875,1547
2026-07-24 12:40:00,4048.300048828125,4050.39990234375,4046.5,4049.5,909
2026-07-24 12:50:00,4050.0,4053.39990234375,4048.60009765625,4051.10009765625,562
2026-07-24 13:00:00,4051.699951171875,4056.300048828125,4048.89990234375,4049.300048828125,1004
2026-07-24 13:10:00,4049.39990234375,4051.10009765625,4048.199951171875,4050.0,453
2026-07-24 13:20:00,4050.10009765625,4052.199951171875,4049.60009765625,4051.10009765625,276
2026-07-24 13:30:00,4051.199951171875,4051.5,4047.60009765625,4050.0,319
2026-07-24 13:40:00,4049.89990234375,4050.39990234375,4047.5,4049.300048828125,404
2026-07-24 13:50:00,4049.39990234375,4055.300048828125,4048.60009765625,4054.89990234375,453
2026-07-24 14:00:00,4054.800048828125,4055.699951171875,4051.39990234375,4055.39990234375,428
2026-07-24 14:10:00,4055.60009765625,4058.0,4054.89990234375,4057.60009765625,789
2026-07-24 14:20:00,4057.300048828125,4061.5,4056.89990234375,4060.0,577
2026-07-24 14:30:00,4060.39990234375,4064.0,4057.800048828125,4060.199951171875,1620
2026-07-24 14:40:00,4060.39990234375,4060.60009765625,4055.89990234375,4057.89990234375,763
2026-07-24 14:50:00,4057.800048828125,4058.699951171875,4055.0,4055.60009765625,457
2026-07-24 15:00:00,4055.39990234375,4057.89990234375,4054.199951171875,4057.89990234375,787
2026-07-24 15:10:00,4058.0,4059.199951171875,4056.89990234375,4058.10009765625,410
2026-07-24 15:20:00,4058.10009765625,4062.60009765625,4057.39990234375,4062.60009765625,483
2026-07-24 15:30:00,4062.60009765625,4064.5,4061.5,4063.0,414
2026-07-24 15:40:00,4063.5,4065.0,4060.39990234375,4062.199951171875,544
2026-07-24 15:50:00,4062.199951171875,4066.60009765625,4062.0,4064.5,448
2026-07-24 16:00:00,4064.39990234375,4067.0,4062.5,4062.5,700
2026-07-24 16:10:00,4062.699951171875,4062.699951171875,4060.0,4061.60009765625,335
2026-07-24 16:20:00,4061.60009765625,4062.5,4059.39990234375,4062.199951171875,419
2026-07-24 16:30:00,4062.5,4065.89990234375,4060.800048828125,4063.60009765625,343
2026-07-24 16:40:00,4063.199951171875,4064.10009765625,4062.199951171875,4063.800048828125,596
2026-07-24 16:50:00,4063.39990234375,4064.10009765625,4061.5,4061.60009765625,761
2026-07-24 17:00:00,4061.199951171875,4062.60009765625,4058.800048828125,4059.39990234375,1120
2026-07-24 17:10:00,4059.300048828125,4060.199951171875,4055.300048828125,4057.39990234375,622
2026-07-24 17:20:00,4057.300048828125,4063.89990234375,4053.5,4060.199951171875,1047
2026-07-24 17:30:00,4060.60009765625,4061.10009765625,4054.5,4059.5,1360
2026-07-24 17:40:00,4059.300048828125,4059.89990234375,4057.800048828125,4059.5,300
2026-07-24 17:50:00,4059.10009765625,4062.89990234375,4057.39990234375,4062.10009765625,886
2026-07-24 18:00:00,4061.89990234375,4062.10009765625,4057.60009765625,4058.199951171875,705
2026-07-24 18:10:00,4058.10009765625,4059.39990234375,4054.199951171875,4056.699951171875,772
2026-07-24 18:20:00,4056.5,4058.699951171875,4054.5,4058.5,564
2026-07-24 18:30:00,4058.800048828125,4061.0,4048.300048828125,4049.0,1329
2026-07-24 18:40:00,4049.10009765625,4052.0,4046.89990234375,4048.300048828125,1581
2026-07-24 18:50:00,4048.800048828125,4052.10009765625,4047.89990234375,4048.800048828125,1138
2026-07-24 19:00:00,4048.5,4059.5,4047.0,4058.60009765625,2318
2026-07-24 19:10:00,4058.800048828125,4063.39990234375,4050.300048828125,4060.800048828125,1517
2026-07-24 19:20:00,4060.300048828125,4071.5,4058.199951171875,4070.0,2558
2026-07-24 19:30:00,4069.89990234375,4073.0,4060.300048828125,4065.5,4614
2026-07-24 19:40:00,4065.39990234375,4066.699951171875,4058.39990234375,4060.89990234375,1848
2026-07-24 19:50:00,4061.0,4072.300048828125,4059.699951171875,4068.89990234375,1472
2026-07-24 20:00:00,4069.0,4071.10009765625,4062.10009765625,4063.60009765625,1167
2026-07-24 20:10:00,4063.5,4066.699951171875,4061.39990234375,4065.89990234375,1528
2026-07-24 20:20:00,4066.300048828125,4069.39990234375,4063.89990234375,4066.199951171875,926
2026-07-24 20:30:00,4066.10009765625,4070.10009765625,4064.699951171875,4066.5,1310
2026-07-24 20:40:00,4066.89990234375,4084.5,4066.89990234375,4080.10009765625,7193
2026-07-24 20:50:00,4080.300048828125,4085.199951171875,4075.39990234375,4077.89990234375,3116
2026-07-24 21:00:00,4078.199951171875,4082.0,4076.39990234375,4080.89990234375,951
2026-07-24 21:10:00,4080.800048828125,4082.5,4073.5,4075.800048828125,4418
2026-07-24 21:20:00,4076.10009765625,4080.800048828125,4075.699951171875,4079.89990234375,532
2026-07-24 21:30:00,4080.300048828125,4080.300048828125,4077.699951171875,4078.699951171875,591
2026-07-24 21:40:00,4078.89990234375,4079.60009765625,4076.300048828125,4077.199951171875,630
2026-07-24 21:50:00,4077.10009765625,4080.89990234375,4076.10009765625,4076.60009765625,986
2026-07-24 22:00:00,4076.60009765625,4076.60009765625,4070.10009765625,4070.5,1407
2026-07-24 22:10:00,4070.60009765625,4071.60009765625,4066.699951171875,4067.699951171875,841
2026-07-24 22:20:00,4067.60009765625,4070.300048828125,4066.5,4069.5,799
2026-07-24 22:30:00,4069.699951171875,4070.89990234375,4066.39990234375,4068.0,960
2026-07-24 22:40:00,4068.39990234375,4069.5,4065.300048828125,4069.300048828125,870
2026-07-24 22:50:00,4069.39990234375,4072.800048828125,4067.60009765625,4071.300048828125,4445
2026-07-24 23:00:00,4071.199951171875,4072.699951171875,4070.199951171875,4070.60009765625,1298
2026-07-24 23:10:00,4070.39990234375,4071.5,4067.39990234375,4068.800048828125,468
2026-07-24 23:20:00,4068.60009765625,4069.5,4065.300048828125,4065.800048828125,549
2026-07-24 23:30:00,4066.0,4067.300048828125,4063.60009765625,4065.300048828125,556
2026-07-24 23:40:00,4065.300048828125,4065.89990234375,4062.5,4062.699951171875,720
2026-07-24 23:50:00,4062.699951171875,4063.10009765625,4057.199951171875,4057.699951171875,1938
2026-07-25 00:00:00,4057.800048828125,4059.39990234375,4054.89990234375,4057.89990234375,1038
2026-07-25 00:10:00,4057.89990234375,4058.0,4053.5,4055.800048828125,661
2026-07-25 00:20:00,4055.89990234375,4058.300048828125,4055.10009765625,4056.699951171875,292
2026-07-25 00:30:00,4056.89990234375,4058.699951171875,4054.60009765625,4055.300048828125,424
2026-07-25 00:40:00,4055.0,4056.89990234375,4051.800048828125,4053.199951171875,530
2026-07-25 00:50:00,4053.10009765625,4054.300048828125,4051.300048828125,4053.800048828125,397
2026-07-25 01:00:00,4053.699951171875,4058.699951171875,4053.199951171875,4057.699951171875,611
2026-07-25 01:10:00,4057.89990234375,4060.199951171875,4057.300048828125,4057.5,385
2026-07-25 01:20:00,4058.0,4058.300048828125,4055.0,4056.10009765625,605
2026-07-25 01:30:00,4055.89990234375,4057.800048828125,4055.199951171875,4055.300048828125,441
2026-07-25 01:40:00,4055.10009765625,4055.800048828125,4054.10009765625,4054.89990234375,248
2026-07-25 01:50:00,4054.800048828125,4057.10009765625,4054.199951171875,4055.89990234375,272
2026-07-25 02:00:00,4056.10009765625,4057.0,4053.89990234375,4056.699951171875,269
2026-07-25 02:10:00,4056.5,4058.60009765625,4056.300048828125,4056.89990234375,213
2026-07-25 02:20:00,4057.0,4070.800048828125,4054.5,4070.800048828125,524
2026-07-25 02:30:00,,,,,0
2026-07-25 02:40:00,,,,,0
2026-07-25 02:50:00,,,,,0
2026-07-25 03:00:00,,,,,0
2026-07-25 03:10:00,,,,,0
2026-07-25 03:20:00,,,,,0
2026-07-25 03:30:00,,,,,0
2026-07-25 03:40:00,,,,,0
2026-07-25 03:50:00,,,,,0
2026-07-25 04:00:00,,,,,0
2026-07-25 04:10:00,,,,,0
2026-07-25 04:20:00,,,,,0
2026-07-25 04:30:00,,,,,0
2026-07-25 04:40:00,,,,,0
2026-07-25 04:50:00,,,,,0
2026-07-25 05:00:00,,,,,0
2026-07-25 05:10:00,,,,,0
2026-07-25 05:20:00,,,,,0
2026-07-25 05:30:00,,,,,0
2026-07-25 05:40:00,,,,,0
2026-07-25 05:50:00,,,,,0
2026-07-25 06:00:00,,,,,0
2026-07-25 06:10:00,,,,,0
2026-07-25 06:20:00,,,,,0
2026-07-25 06:30:00,,,,,0
2026-07-25 06:40:00,,,,,0
2026-07-25 06:50:00,,,,,0
2026-07-25 07:00:00,,,,,0
2026-07-25 07:10:00,,,,,0
2026-07-25 07:20:00,,,,,0
2026-07-25 07:30:00,,,,,0
2026-07-25 07:40:00,,,,,0
2026-07-25 07:50:00,,,,,0
2026-07-25 08:00:00,,,,,0
2026-07-25 08:10:00,,,,,0
2026-07-25 08:20:00,,,,,0
2026-07-25 08:30:00,,,,,0
2026-07-25 08:40:00,,,,,0
2026-07-25 08:50:00,,,,,0
2026-07-25 09:00:00,,,,,0
2026-07-25 09:10:00,,,,,0
2026-07-25 09:20:00,,,,,0
2026-07-25 09:30:00,,,,,0
2026-07-25 09:40:00,,,,,0
2026-07-25 09:50:00,,,,,0
2026-07-25 10:00:00,,,,,0
2026-07-25 10:10:00,,,,,0
2026-07-25 10:20:00,,,,,0
2026-07-25 10:30:00,,,,,0
2026-07-25 10:40:00,,,,,0
2026-07-25 10:50:00,,,,,0
2026-07-25 11:00:00,,,,,0
2026-07-25 11:10:00,,,,,0
2026-07-25 11:20:00,,,,,0
2026-07-25 11:30:00,,,,,0
2026-07-25 11:40:00,,,,,0
2026-07-25 11:50:00,,,,,0
2026-07-25 12:00:00,,,,,0
2026-07-25 12:10:00,,,,,0
2026-07-25 12:20:00,,,,,0
2026-07-25 12:30:00,,,,,0
2026-07-25 12:40:00,,,,,0
2026-07-25 12:50:00,,,,,0
2026-07-25 13:00:00,,,,,0
2026-07-25 13:10:00,,,,,0
2026-07-25 13:20:00,,,,,0
2026-07-25 13:30:00,,,,,0
2026-07-25 13:40:00,,,,,0
2026-07-25 13:50:00,,,,,0
2026-07-25 14:00:00,,,,,0
2026-07-25 14:10:00,,,,,0
2026-07-25 14:20:00,,,,,0
2026-07-25 14:30:00,,,,,0
2026-07-25 14:40:00,,,,,0
2026-07-25 14:50:00,,,,,0
2026-07-25 15:00:00,,,,,0
2026-07-25 15:10:00,,,,,0
2026-07-25 15:20:00,,,,,0
2026-07-25 15:30:00,,,,,0
2026-07-25 15:40:00,,,,,0
2026-07-25 15:50:00,,,,,0
2026-07-25 16:00:00,,,,,0
2026-07-25 16:10:00,,,,,0
2026-07-25 16:20:00,,,,,0
2026-07-25 16:30:00,,,,,0
2026-07-25 16:40:00,,,,,0
2026-07-25 16:50:00,,,,,0
2026-07-25 17:00:00,,,,,0
2026-07-25 17:10:00,,,,,0
2026-07-25 17:20:00,,,,,0
2026-07-25 17:30:00,,,,,0
2026-07-25 17:40:00,,,,,0
2026-07-25 17:50:00,,,,,0
2026-07-25 18:00:00,,,,,0
2026-07-25 18:10:00,,,,,0
2026-07-25 18:20:00,,,,,0
2026-07-25 18:30:00,,,,,0
2026-07-25 18:40:00,,,,,0
2026-07-25 18:50:00,,,,,0
2026-07-25 19:00:00,,,,,0
2026-07-25 19:10:00,,,,,0
2026-07-25 19:20:00,,,,,0
2026-07-25 19:30:00,,,,,0
2026-07-25 19:40:00,,,,,0
2026-07-25 19:50:00,,,,,0
2026-07-25 20:00:00,,,,,0
2026-07-25 20:10:00,,,,,0
2026-07-25 20:20:00,,,,,0
2026-07-25 20:30:00,,,,,0
2026-07-25 20:40:00,,,,,0
2026-07-25 20:50:00,,,,,0
2026-07-25 21:00:00,,,,,0
2026-07-25 21:10:00,,,,,0
2026-07-25 21:20:00,,,,,0
2026-07-25 21:30:00,,,,,0
2026-07-25 21:40:00,,,,,0
2026-07-25 21:50:00,,,,,0
2026-07-25 22:00:00,,,,,0
2026-07-25 22:10:00,,,,,0
2026-07-25 22:20:00,,,,,0
2026-07-25 22:30:00,,,,,0
2026-07-25 22:40:00,,,,,0
2026-07-25 22:50:00,,,,,0
2026-07-25 23:00:00,,,,,0
2026-07-25 23:10:00,,,,,0
2026-07-25 23:20:00,,,,,0
2026-07-25 23:30:00,,,,,0
2026-07-25 23:40:00,,,,,0
2026-07-25 23:50:00,,,,,0
2026-07-26 00:00:00,,,,,0
2026-07-26 00:10:00,,,,,0
2026-07-26 00:20:00,,,,,0
2026-07-26 00:30:00,,,,,0
2026-07-26 00:40:00,,,,,0
2026-07-26 00:50:00,,,,,0
2026-07-26 01:00:00,,,,,0
2026-07-26 01:10:00,,,,,0
2026-07-26 01:20:00,,,,,0
2026-07-26 01:30:00,,,,,0
2026-07-26 01:40:00,,,,,0
2026-07-26 01:50:00,,,,,0
2026-07-26 02:00:00,,,,,0
2026-07-26 02:10:00,,,,,0
2026-07-26 02:20:00,,,,,0
2026-07-26 02:30:00,,,,,0
2026-07-26 02:40:00,,,,,0
2026-07-26 02:50:00,,,,,0
2026-07-26 03:00:00,,,,,0
2026-07-26 03:10:00,,,,,0
2026-07-26 03:20:00,,,,,0
2026-07-26 03:30:00,,,,,0
2026-07-26 03:40:00,,,,,0
2026-07-26 03:50:00,,,,,0
2026-07-26 04:00:00,,,,,0
2026-07-26 04:10:00,,,,,0
2026-07-26 04:20:00,,,,,0
2026-07-26 04:30:00,,,,,0
2026-07-26 04:40:00,,,,,0
2026-07-26 04:50:00,,,,,0
2026-07-26 05:00:00,,,,,0
2026-07-26 05:10:00,,,,,0
2026-07-26 05:20:00,,,,,0
2026-07-26 05:30:00,,,,,0
2026-07-26 05:40:00,,,,,0
2026-07-26 05:50:00,,,,,0
2026-07-26 06:00:00,,,,,0
2026-07-26 06:10:00,,,,,0
2026-07-26 06:20:00,,,,,0
2026-07-26 06:30:00,,,,,0
2026-07-26 06:40:00,,,,,0
2026-07-26 06:50:00,,,,,0
2026-07-26 07:00:00,,,,,0
2026-07-26 07:10:00,,,,,0
2026-07-26 07:20:00,,,,,0
2026-07-26 07:30:00,,,,,0
2026-07-26 07:40:00,,,,,0
2026-07-26 07:50:00,,,,,0
2026-07-26 08:00:00,,,,,0
2026-07-26 08:10:00,,,,,0
2026-07-26 08:20:00,,,,,0
2026-07-26 08:30:00,,,,,0
2026-07-26 08:40:00,,,,,0
2026-07-26 08:50:00,,,,,0
2026-07-26 09:00:00,,,,,0
2026-07-26 09:10:00,,,,,0
2026-07-26 09:20:00,,,,,0
2026-07-26 09:30:00,,,,,0
2026-07-26 09:40:00,,,,,0
2026-07-26 09:50:00,,,,,0
2026-07-26 10:00:00,,,,,0
2026-07-26 10:10:00,,,,,0
2026-07-26 10:20:00,,,,,0
2026-07-26 10:30:00,,,,,0
2026-07-26 10:40:00,,,,,0
2026-07-26 10:50:00,,,,,0
2026-07-26 11:00:00,,,,,0
2026-07-26 11:10:00,,,,,0
2026-07-26 11:20:00,,,,,0
2026-07-26 11:30:00,,,,,0
2026-07-26 11:40:00,,,,,0
2026-07-26 11:50:00,,,,,0
2026-07-26 12:00:00,,,,,0
2026-07-26 12:10:00,,,,,0
2026-07-26 12:20:00,,,,,0
2026-07-26 12:30:00,,,,,0
2026-07-26 12:40:00,,,,,0
2026-07-26 12:50:00,,,,,0
2026-07-26 13:00:00,,,,,0
2026-07-26 13:10:00,,,,,0
2026-07-26 13:20:00,,,,,0
2026-07-26 13:30:00,,,,,0
2026-07-26 13:40:00,,,,,0
2026-07-26 13:50:00,,,,,0
2026-07-26 14:00:00,,,,,0
2026-07-26 14:10:00,,,,,0
2026-07-26 14:20:00,,,,,0
2026-07-26 14:30:00,,,,,0
2026-07-26 14:40:00,,,,,0
2026-07-26 14:50:00,,,,,0
2026-07-26 15:00:00,,,,,0
2026-07-26 15:10:00,,,,,0
2026-07-26 15:20:00,,,,,0
2026-07-26 15:30:00,,,,,0
2026-07-26 15:40:00,,,,,0
2026-07-26 15:50:00,,,,,0
2026-07-26 16:00:00,,,,,0
2026-07-26 16:10:00,,,,,0
2026-07-26 16:20:00,,,,,0
2026-07-26 16:30:00,,,,,0
2026-07-26 16:40:00,,,,,0
2026-07-26 16:50:00,,,,,0
2026-07-26 17:00:00,,,,,0
2026-07-26 17:10:00,,,,,0
2026-07-26 17:20:00,,,,,0
2026-07-26 17:30:00,,,,,0
2026-07-26 17:40:00,,,,,0
2026-07-26 17:50:00,,,,,0
2026-07-26 18:00:00,,,,,0
2026-07-26 18:10:00,,,,,0
2026-07-26 18:20:00,,,,,0
2026-07-26 18:30:00,,,,,0
2026-07-26 18:40:00,,,,,0
2026-07-26 18:50:00,,,,,0
2026-07-26 19:00:00,,,,,0
2026-07-26 19:10:00,,,,,0
2026-07-26 19:20:00,,,,,0
2026-07-26 19:30:00,,,,,0
2026-07-26 19:40:00,,,,,0
2026-07-26 19:50:00,,,,,0
2026-07-26 20:00:00,,,,,0
2026-07-26 20:10:00,,,,,0
2026-07-26 20:20:00,,,,,0
2026-07-26 20:30:00,,,,,0
2026-07-26 20:40:00,,,,,0
2026-07-26 20:50:00,,,,,0
2026-07-26 21:00:00,,,,,0
2026-07-26 21:10:00,,,,,0
2026-07-26 21:20:00,,,,,0
2026-07-26 21:30:00,,,,,0
2026-07-26 21:40:00,,,,,0
2026-07-26 21:50:00,,,,,0
2026-07-26 22:00:00,,,,,0
2026-07-26 22:10:00,,,,,0
2026-07-26 22:20:00,,,,,0
2026-07-26 22:30:00,,,,,0
2026-07-26 22:40:00,,,,,0
2026-07-26 22:50:00,,,,,0
2026-07-26 23:00:00,,,,,0
2026-07-26 23:10:00,,,,,0
2026-07-26 23:20:00,,,,,0
2026-07-26 23:30:00,,,,,0
2026-07-26 23:40:00,,,,,0
2026-07-26 23:50:00,,,,,0
2026-07-27 00:00:00,,,,,0
2026-07-27 00:10:00,,,,,0
2026-07-27 00:20:00,,,,,0
2026-07-27 00:30:00,,,,,0
2026-07-27 00:40:00,,,,,0
2026-07-27 00:50:00,,,,,0
2026-07-27 01:00:00,,,,,0
2026-07-27 01:10:00,,,,,0
2026-07-27 01:20:00,,,,,0
2026-07-27 01:30:00,,,,,0
2026-07-27 01:40:00,,,,,0
2026-07-27 01:50:00,,,,,0
2026-07-27 02:00:00,,,,,0
2026-07-27 02:10:00,,,,,0
2026-07-27 02:20:00,,,,,0
2026-07-27 02:30:00,,,,,0
2026-07-27 02:40:00,,,,,0
2026-07-27 02:50:00,,,,,0
2026-07-27 03:00:00,,,,,0
2026-07-27 03:10:00,,,,,0
2026-07-27 03:20:00,,,,,0
2026-07-27 03:30:00,,,,,0
2026-07-27 03:40:00,4091.5,4092.800048828125,4086.89990234375,4091.199951171875,516
2026-07-27 03:50:00,4090.699951171875,4093.199951171875,4088.199951171875,4089.89990234375,371
2026-07-27 04:00:00,4089.39990234375,4095.89990234375,4088.800048828125,4093.39990234375,610
2026-07-27 04:10:00,4093.199951171875,4096.5,4092.199951171875,4093.0,465
2026-07-27 04:20:00,4092.699951171875,4094.89990234375,4091.39990234375,4092.199951171875,386
2026-07-27 04:30:00,4092.89990234375,4094.10009765625,4089.300048828125,4089.60009765625,148
2026-07-27 04:40:00,4090.0,4090.199951171875,4086.800048828125,4087.10009765625,324
2026-07-27 04:50:00,4087.5,4089.0,4085.800048828125,4086.699951171875,194
2026-07-27 05:00:00,4087.300048828125,4090.199951171875,4087.300048828125,4088.800048828125,108
2026-07-27 05:10:00,4088.89990234375,4097.2998046875,4088.89990234375,4097.0,283
2026-07-27 05:20:00,4097.10009765625,4099.0,4095.39990234375,4096.89990234375,494
2026-07-27 05:30:00,4097.2001953125,4110.89990234375,4096.60009765625,4110.7001953125,1450
2026-07-27 05:40:00,4110.89990234375,4119.2998046875,4109.39990234375,4109.89990234375,1708
2026-07-27 05:50:00,4109.89990234375,4110.0,4093.199951171875,4097.5,1738
2026-07-27 06:00:00,4097.2998046875,4104.89990234375,4096.39990234375,4101.7001953125,887
2026-07-27 06:10:00,4102.0,4108.7998046875,4100.7001953125,4107.0,471
2026-07-27 06:20:00,4106.89990234375,4111.60009765625,4101.2998046875,4102.60009765625,616
2026-07-27 06:30:00,4103.10009765625,4114.7998046875,4103.10009765625,4108.2998046875,1229
2026-07-27 06:40:00,4109.0,4112.0,4104.2001953125,4104.39990234375,748
2026-07-27 06:50:00,4104.60009765625,4105.10009765625,4098.89990234375,4101.7998046875,662
2026-07-27 07:00:00,4102.5,4106.2001953125,4099.7998046875,4105.7001953125,516
2026-07-27 07:10:00,4105.60009765625,4109.2001953125,4104.0,4108.0,300
2026-07-27 07:20:00,4108.0,4112.0,4104.60009765625,4112.0,403
2026-07-27 07:30:00,4112.2001953125,4112.89990234375,4106.0,4106.2001953125,466
2026-07-27 07:40:00,4106.2998046875,4107.89990234375,4105.2998046875,4106.2001953125,354
2026-07-27 07:50:00,4106.2001953125,4107.60009765625,4103.7001953125,4105.2001953125,231
2026-07-27 08:00:00,4104.60009765625,4105.0,4099.7001953125,4100.39990234375,393
2026-07-27 08:10:00,4099.7998046875,4100.7001953125,4096.7998046875,4097.2001953125,274
2026-07-27 08:20:00,4096.89990234375,4098.7001953125,4095.60009765625,4095.699951171875,378
2026-07-27 08:30:00,4095.5,4097.7998046875,4092.39990234375,4093.199951171875,459
2026-07-27 08:40:00,4093.199951171875,4095.39990234375,4091.0,4094.300048828125,557
2026-07-27 08:50:00,4094.10009765625,4094.199951171875,4087.300048828125,4087.300048828125,397
2026-07-27 09:00:00,4087.39990234375,4092.60009765625,4087.0,4091.39990234375,491
2026-07-27 09:10:00,4091.10009765625,4093.0,4090.5,4091.39990234375,231
2026-07-27 09:20:00,4091.39990234375,4093.199951171875,4090.89990234375,4092.5,143
2026-07-27 09:30:00,4093.0,4095.0,4091.5,4091.699951171875,337
2026-07-27 09:40:00,4091.60009765625,4092.39990234375,4088.89990234375,4090.0,208
2026-07-27 09:50:00,4089.800048828125,4091.89990234375,4089.39990234375,4091.199951171875,145
2026-07-27 10:00:00,4091.0,4094.300048828125,4091.0,4093.10009765625,112
2026-07-27 10:10:00,4093.199951171875,4094.0,4091.699951171875,4091.89990234375,156
2026-07-27 10:20:00,4091.60009765625,4092.800048828125,4091.199951171875,4091.699951171875,104
2026-07-27 10:30:00,4092.5,4096.39990234375,4090.60009765625,4095.300048828125,208
2026-07-27 10:40:00,4095.199951171875,4097.0,4093.800048828125,4094.10009765625,182
2026-07-27 10:50:00,4093.89990234375,4093.89990234375,4088.199951171875,4089.0,309
2026-07-27 11:00:00,4088.800048828125,4092.300048828125,4087.60009765625,4090.199951171875,515
2026-07-27 11:10:00,4089.89990234375,4091.300048828125,4086.5,4087.89990234375,250
2026-07-27 11:20:00,4088.199951171875,4095.699951171875,4086.89990234375,4095.300048828125,337
2026-07-27 11:30:00,4094.89990234375,4096.7001953125,4093.60009765625,4095.699951171875,397
2026-07-27 11:40:00,4096.7001953125,4098.39990234375,4094.300048828125,4095.10009765625,639
2026-07-27 11:50:00,4094.800048828125,4098.60009765625,4093.300048828125,4097.7001953125,466
2026-07-27 12:00:00,4098.10009765625,4100.2998046875,4096.5,4100.2001953125,337
2026-07-27 12:10:00,4100.2001953125,4101.39990234375,4098.39990234375,4100.2001953125,281
2026-07-27 12:20:00,4099.60009765625,4099.60009765625,4096.89990234375,4098.39990234375,658
2026-07-27 12:30:00,4098.2001953125,4102.89990234375,4098.0,4099.7998046875,788
2026-07-27 12:40:00,4100.39990234375,4106.10009765625,4098.89990234375,4106.0,1128
2026-07-27 12:50:00,4106.0,4108.2998046875,4104.89990234375,4105.39990234375,525
2026-07-27 13:00:00,4105.39990234375,4105.7998046875,4100.60009765625,4101.2001953125,434
2026-07-27 13:10:00,4101.10009765625,4101.5,4097.7998046875,4099.39990234375,478
2026-07-27 13:20:00,4099.10009765625,4099.10009765625,4090.5,4090.699951171875,1064
2026-07-27 13:30:00,4090.89990234375,4094.800048828125,4088.800048828125,4092.0,648
2026-07-27 13:40:00,4092.0,4094.0,4091.5,4093.5,1378
2026-07-27 13:50:00,4092.89990234375,4094.5,4090.699951171875,4093.0,631
2026-07-27 14:00:00,4092.5,4092.89990234375,4089.0,4092.5,423
2026-07-27 14:10:00,4092.5,4095.300048828125,4091.5,4095.10009765625,314
2026-07-27 14:20:00,4094.800048828125,4098.7001953125,4093.10009765625,4097.7001953125,328
2026-07-27 14:30:00,4096.7998046875,4100.2998046875,4096.2001953125,4096.89990234375,827
2026-07-27 14:40:00,4096.5,4097.7998046875,4094.800048828125,4095.0,437
2026-07-27 14:50:00,4095.0,4097.7001953125,4092.800048828125,4093.5,797
2026-07-27 15:00:00,4093.300048828125,4095.89990234375,4091.800048828125,4094.0,1533
2026-07-27 15:10:00,4094.199951171875,4100.10009765625,4093.199951171875,4099.39990234375,789
2026-07-27 15:20:00,4099.5,4102.7001953125,4098.2998046875,4098.89990234375,1253
2026-07-27 15:30:00,4098.7998046875,4098.7998046875,4095.300048828125,4096.0,650
2026-07-27 15:40:00,4095.60009765625,4095.89990234375,4088.39990234375,4093.10009765625,610
2026-07-27 15:50:00,4093.10009765625,4096.2001953125,4092.89990234375,4095.10009765625,268
2026-07-27 16:00:00,4095.60009765625,4101.5,4095.0,4100.39990234375,758
2026-07-27 16:10:00,4100.60009765625,4104.60009765625,4100.0,4104.5,1412
2026-07-27 16:20:00,4104.2998046875,4104.60009765625,4100.89990234375,4102.10009765625,1330
2026-07-27 16:30:00,4102.2001953125,4105.60009765625,4099.2001953125,4105.0,872
2026-07-27 16:40:00,4105.10009765625,4107.0,4102.7001953125,4102.89990234375,542
2026-07-27 16:50:00,4102.2001953125,4103.7001953125,4098.7998046875,4098.7998046875,407
2026-07-27 17:00:00,4098.89990234375,4102.2001953125,4098.2998046875,4098.89990234375,379
2026-07-27 17:10:00,4098.7998046875,4100.2998046875,4095.800048828125,4097.60009765625,1052
2026-07-27 17:20:00,4097.5,4099.2998046875,4095.60009765625,4095.89990234375,660
2026-07-27 17:30:00,4096.10009765625,4099.7998046875,4096.10009765625,4096.39990234375,619
2026-07-27 17:40:00,4096.2001953125,4096.2001953125,4083.89990234375,4086.10009765625,2915
2026-07-27 17:50:00,4085.89990234375,4090.60009765625,4083.10009765625,4088.10009765625,1403
2026-07-27 18:00:00,4088.89990234375,4090.5,4085.0,4089.0,1066
2026-07-27 18:10:00,4088.800048828125,4091.10009765625,4084.10009765625,4084.5,3412
2026-07-27 18:20:00,4084.39990234375,4088.199951171875,4082.39990234375,4085.199951171875,1698
2026-07-27 18:30:00,4085.800048828125,4090.800048828125,4084.0,4085.699951171875,4085
2026-07-27 18:40:00,4085.199951171875,4089.699951171875,4082.699951171875,4085.60009765625,1635
2026-07-27 18:50:00,4085.800048828125,4087.199951171875,4077.699951171875,4077.800048828125,2282
2026-07-27 19:00:00,4078.0,4089.699951171875,4077.39990234375,4087.300048828125,2660
2026-07-27 19:10:00,4087.39990234375,4091.800048828125,4086.0,4090.10009765625,3300
2026-07-27 19:20:00,4089.39990234375,4091.300048828125,4071.60009765625,4075.800048828125,3589
2026-07-27 19:30:00,4075.89990234375,4081.0,4072.699951171875,4079.10009765625,4494
2026-07-27 19:40:00,4079.300048828125,4080.60009765625,4074.199951171875,4078.199951171875,3004
2026-07-27 19:50:00,4077.89990234375,4078.5,4068.60009765625,4069.800048828125,2877
2026-07-27 20:00:00,4070.39990234375,4072.800048828125,4067.89990234375,4070.5,2972
2026-07-27 20:10:00,4069.89990234375,4075.199951171875,4067.10009765625,4073.300048828125,1592
2026-07-27 20:20:00,4073.60009765625,4079.60009765625,4072.300048828125,4078.39990234375,1447
2026-07-27 20:30:00,4078.300048828125,4078.60009765625,4074.39990234375,4074.39990234375,4221
2026-07-27 20:40:00,4074.60009765625,4081.10009765625,4073.89990234375,4080.10009765625,2228
2026-07-27 20:50:00,4080.10009765625,4081.800048828125,4076.699951171875,4078.89990234375,1135
2026-07-27 21:00:00,4078.60009765625,4080.5,4074.800048828125,4075.800048828125,1327
2026-07-27 21:10:00,4076.0,4079.10009765625,4075.60009765625,4078.5,1391
2026-07-27 21:20:00,4078.60009765625,4082.199951171875,4078.300048828125,4080.60009765625,792
2026-07-27 21:30:00,4080.800048828125,4087.0,4079.89990234375,4086.60009765625,1025
2026-07-27 21:40:00,4086.39990234375,4086.60009765625,4081.60009765625,4082.60009765625,585
2026-07-27 21:50:00,4082.39990234375,4090.89990234375,4082.39990234375,4087.10009765625,2151
2026-07-27 22:00:00,4087.0,4095.699951171875,4087.0,4092.5,1602
2026-07-27 22:10:00,4092.5,4092.800048828125,4085.60009765625,4085.800048828125,790
2026-07-27 22:20:00,4085.800048828125,4085.800048828125,4082.5,4084.10009765625,1160
2026-07-27 22:30:00,4084.0,4084.10009765625,4075.10009765625,4076.800048828125,2406
2026-07-27 22:40:00,4077.0,4077.60009765625,4072.199951171875,4075.800048828125,3514
2026-07-27 22:50:00,4076.39990234375,4078.699951171875,4075.10009765625,4076.39990234375,2226
2026-07-27 23:00:00,4076.5,4077.800048828125,4073.89990234375,4075.300048828125,519
2026-07-27 23:10:00,4074.800048828125,4077.300048828125,4074.699951171875,4077.0,506
2026-07-27 23:20:00,4076.699951171875,4079.0,4076.60009765625,4078.199951171875,315
2026-07-27 23:30:00,4078.199951171875,4081.0,4077.800048828125,4080.199951171875,428
2026-07-27 23:40:00,4080.300048828125,4080.300048828125,4075.89990234375,4076.699951171875,438
2026-07-27 23:50:00,4076.5,4078.800048828125,4075.89990234375,4078.60009765625,581
2026-07-28 00:00:00,4078.39990234375,4078.89990234375,4074.800048828125,4075.10009765625,552
2026-07-28 00:10:00,4075.10009765625,4081.199951171875,4074.5,4076.89990234375,1497
2026-07-28 00:20:00,4076.800048828125,4081.199951171875,4076.10009765625,4079.800048828125,392
2026-07-28 00:30:00,4079.89990234375,4082.0,4078.0,4081.800048828125,324
2026-07-28 00:40:00,4081.800048828125,4086.800048828125,4081.199951171875,4086.5,1255
2026-07-28 00:50:00,4086.60009765625,4090.89990234375,4085.5,4087.800048828125,794
2026-07-28 01:00:00,4088.0,4089.10009765625,4085.89990234375,4088.199951171875,294
2026-07-28 01:10:00,4088.5,4091.60009765625,4087.300048828125,4091.60009765625,594
2026-07-28 01:20:00,4091.300048828125,4091.800048828125,4084.5,4085.5,864
2026-07-28 01:30:00,4085.39990234375,4086.39990234375,4083.60009765625,4084.5,811
2026-07-28 01:40:00,4084.60009765625,4085.10009765625,4082.800048828125,4083.10009765625,157
2026-07-28 01:50:00,4083.10009765625,4083.300048828125,4079.800048828125,4081.0,278
2026-07-28 02:00:00,4081.10009765625,4081.60009765625,4077.60009765625,4078.89990234375,363
2026-07-28 02:10:00,4078.699951171875,4079.699951171875,4078.0,4078.5,125
2026-07-28 02:20:00,4078.699951171875,4079.800048828125,4077.60009765625,4078.60009765625,364
2026-07-28 02:30:00,,,,,0
2026-07-28 02:40:00,,,,,0
2026-07-28 02:50:00,,,,,0
2026-07-28 03:00:00,,,,,0
2026-07-28 03:10:00,,,,,0
2026-07-28 03:20:00,,,,,0
2026-07-28 03:30:00,4083.0,4085.699951171875,4079.60009765625,4081.0,42
2026-07-28 03:40:00,4080.5,4080.5,4076.39990234375,4077.699951171875,279
2026-07-28 03:50:00,4078.10009765625,4078.199951171875,4072.300048828125,4073.89990234375,390
2026-07-28 04:00:00,4073.699951171875,4076.300048828125,4073.699951171875,4075.800048828125,83
2026-07-28 04:10:00,4075.39990234375,4076.39990234375,4074.89990234375,4075.5,162
2026-07-28 04:20:00,4075.5,4076.39990234375,4075.0,4075.10009765625,93
2026-07-28 04:30:00,4075.39990234375,4076.0,4073.199951171875,4075.0,151
2026-07-28 04:40:00,4075.5,4076.10009765625,4074.300048828125,4074.300048828125,110
2026-07-28 04:50:00,4074.699951171875,4075.199951171875,4073.10009765625,4074.5,102
2026-07-28 05:00:00,4074.199951171875,4074.89990234375,4073.5,4074.5,65
2026-07-28 05:10:00,4074.300048828125,4074.300048828125,4071.0,4071.39990234375,121
2026-07-28 05:20:00,4071.199951171875,4074.39990234375,4071.10009765625,4074.39990234375,86
2026-07-28 05:30:00,4074.39990234375,4075.5,4063.0,4067.800048828125,1061
2026-07-28 05:40:00,4068.0,4068.5,4063.199951171875,4066.10009765625,523
2026-07-28 05:50:00,4066.0,4067.10009765625,4059.60009765625,4062.89990234375,854
2026-07-28 06:00:00,4063.300048828125,4065.800048828125,4061.300048828125,4064.199951171875,528
2026-07-28 06:10:00,4064.699951171875,4066.89990234375,4059.699951171875,4060.0,421
2026-07-28 06:20:00,4060.300048828125,4062.10009765625,4058.10009765625,4058.5,397
2026-07-28 06:30:00,4058.300048828125,4061.199951171875,4054.199951171875,4057.0,1557
2026-07-28 06:40:00,4056.800048828125,4059.60009765625,4053.800048828125,4054.0,664
2026-07-28 06:50:00,4054.5,4055.0,4046.199951171875,4048.199951171875,1416
2026-07-28 07:00:00,4047.5,4051.199951171875,4044.0,4049.800048828125,730
2026-07-28 07:10:00,4049.800048828125,4050.300048828125,4046.0,4046.89990234375,227
2026-07-28 07:20:00,4047.300048828125,4047.800048828125,4042.89990234375,4045.699951171875,441
2026-07-28 07:30:00,4045.89990234375,4047.800048828125,4042.800048828125,4046.60009765625,562
2026-07-28 07:40:00,4046.89990234375,4048.60009765625,4045.699951171875,4048.10009765625,336
2026-07-28 07:50:00,4048.5,4049.699951171875,4045.800048828125,4046.60009765625,380
2026-07-28 08:00:00,4046.10009765625,4048.199951171875,4045.10009765625,4045.39990234375,238
2026-07-28 08:10:00,4045.0,4046.10009765625,4041.800048828125,4043.89990234375,640
2026-07-28 08:20:00,4043.89990234375,4045.800048828125,4041.10009765625,4042.300048828125,438
2026-07-28 08:30:00,4042.300048828125,4046.39990234375,4040.699951171875,4046.0,332
2026-07-28 08:40:00,4046.0,4049.800048828125,4045.699951171875,4049.60009765625,509
2026-07-28 08:50:00,4049.699951171875,4049.800048828125,4046.699951171875,4048.10009765625,351
2026-07-28 09:00:00,4047.699951171875,4051.5,4047.699951171875,4048.800048828125,363
2026-07-28 09:10:00,4049.5,4051.10009765625,4047.699951171875,4050.300048828125,241
2026-07-28 09:20:00,4050.300048828125,4050.89990234375,4048.199951171875,4049.60009765625,144
2026-07-28 09:30:00,4049.0,4049.699951171875,4045.60009765625,4046.60009765625,315
2026-07-28 09:40:00,4046.10009765625,4047.5,4043.199951171875,4047.199951171875,460
2026-07-28 09:50:00,4047.89990234375,4048.0,4045.60009765625,4045.60009765625,152
2026-07-28 10:00:00,4045.800048828125,4047.10009765625,4044.0,4046.0,221
2026-07-28 10:10:00,4045.89990234375,4048.0,4043.10009765625,4043.5,258
2026-07-28 10:20:00,4043.300048828125,4044.60009765625,4041.199951171875,4042.10009765625,283
2026-07-28 10:30:00,4041.89990234375,4042.699951171875,4039.60009765625,4041.300048828125,549
2026-07-28 10:40:00,4041.300048828125,4043.800048828125,4041.300048828125,4042.60009765625,271
2026-07-28 10:50:00,4042.699951171875,4043.800048828125,4040.699951171875,4043.300048828125,271
2026-07-28 11:00:00,4042.699951171875,4045.5,4034.60009765625,4037.60009765625,1039
2026-07-28 11:10:00,4037.60009765625,4044.10009765625,4036.800048828125,4042.0,432
2026-07-28 11:20:00,4042.0,4046.89990234375,4041.60009765625,4045.199951171875,269
2026-07-28 11:30:00,4045.5,4048.0,4044.39990234375,4044.699951171875,345
2026-07-28 11:40:00,4045.0,4047.60009765625,4042.89990234375,4045.5,301
2026-07-28 11:50:00,4046.800048828125,4050.0,4044.39990234375,4048.10009765625,399
2026-07-28 12:00:00,4047.800048828125,4050.5,4047.10009765625,4050.5,941
2026-07-28 12:10:00,4050.60009765625,4052.800048828125,4048.300048828125,4050.39990234375,1389
2026-07-28 12:20:00,4050.199951171875,4052.0,4048.39990234375,4048.699951171875,663
2026-07-28 12:30:00,4048.300048828125,4050.699951171875,4047.699951171875,4050.300048828125,749
2026-07-28 12:40:00,4050.5,4052.300048828125,4048.800048828125,4051.5,2950
2026-07-28 12:50:00,4051.10009765625,4052.89990234375,4049.60009765625,4050.39990234375,3406
2026-07-28 13:00:00,4050.60009765625,4051.0,4048.5,4050.800048828125,3221
2026-07-28 13:10:00,4050.800048828125,4051.300048828125,4046.800048828125,4047.800048828125,744
2026-07-28 13:20:00,4048.0,4050.0,4045.800048828125,4047.300048828125,647
2026-07-28 13:30:00,4047.300048828125,4055.60009765625,4046.39990234375,4048.800048828125,830
2026-07-28 13:40:00,4048.89990234375,4050.39990234375,4043.10009765625,4048.60009765625,785
2026-07-28 13:50:00,4048.39990234375,4051.5,4047.699951171875,4049.89990234375,376
2026-07-28 14:00:00,4050.10009765625,4050.10009765625,4042.300048828125,4042.699951171875,626
2026-07-28 14:10:00,4042.699951171875,4046.300048828125,4042.199951171875,4046.0,664
2026-07-28 14:20:00,4045.89990234375,4046.10009765625,4041.89990234375,4045.699951171875,708
2026-07-28 14:30:00,4045.5,4046.10009765625,4041.300048828125,4042.800048828125,713
2026-07-28 14:40:00,4042.39990234375,4044.0,4040.89990234375,4043.699951171875,393
2026-07-28 14:50:00,4043.699951171875,4044.300048828125,4039.199951171875,4040.10009765625,573
2026-07-28 15:00:00,4040.0,4040.39990234375,4029.300048828125,4032.0,3200
2026-07-28 15:10:00,4032.300048828125,4034.199951171875,4029.60009765625,4031.199951171875,2051
2026-07-28 15:20:00,4031.10009765625,4031.89990234375,4018.10009765625,4023.300048828125,2684
2026-07-28 15:30:00,4023.10009765625,4027.199951171875,4021.39990234375,4021.89990234375,2421
2026-07-28 15:40:00,4022.0,4025.699951171875,4020.199951171875,4021.699951171875,2770
2026-07-28 15:50:00,4021.800048828125,4022.39990234375,4016.5,4016.800048828125,1257
2026-07-28 16:00:00,4016.800048828125,4023.199951171875,4016.60009765625,4021.60009765625,3076
2026-07-28 16:10:00,4021.39990234375,4025.699951171875,4019.800048828125,4023.300048828125,938
2026-07-28 16:20:00,4023.5,4028.199951171875,4023.199951171875,4025.60009765625,957
2026-07-28 16:30:00,4026.0,4028.5,4024.39990234375,4027.0,589
2026-07-28 16:40:00,4026.800048828125,4031.89990234375,4022.5,4030.10009765625,801
2026-07-28 16:50:00,4030.10009765625,4030.39990234375,4026.0,4027.199951171875,1101
2026-07-28 17:00:00,4026.800048828125,4031.10009765625,4025.800048828125,4029.300048828125,785
2026-07-28 17:10:00,4028.89990234375,4029.10009765625,4025.0,4026.5,1050
2026-07-28 17:20:00,4025.800048828125,4028.0,4023.199951171875,4027.800048828125,855
2026-07-28 17:30:00,4027.300048828125,4028.199951171875,4023.199951171875,4025.60009765625,1284
2026-07-28 17:40:00,4025.5,4030.699951171875,4022.199951171875,4030.199951171875,1818
2026-07-28 17:50:00,4030.0,4034.60009765625,4029.300048828125,4034.10009765625,2110
2026-07-28 18:00:00,4034.10009765625,4034.60009765625,4024.800048828125,4028.199951171875,2517
2026-07-28 18:10:00,4027.699951171875,4037.89990234375,4027.699951171875,4034.39990234375,2190
2026-07-28 18:20:00,4034.199951171875,4034.60009765625,4027.800048828125,4029.39990234375,1854
2026-07-28 18:30:00,4029.39990234375,4035.60009765625,4029.0,4032.699951171875,2609
2026-07-28 18:40:00,4033.0,4033.89990234375,4029.699951171875,4030.199951171875,585
2026-07-28 18:50:00,4030.800048828125,4036.10009765625,4028.5,4028.699951171875,1037
2026-07-28 19:00:00,4028.699951171875,4032.800048828125,4021.300048828125,4021.39990234375,4194
2026-07-28 19:10:00,4021.800048828125,4026.60009765625,4019.300048828125,4024.60009765625,4767
2026-07-28 19:20:00,4025.0,4028.5,4021.300048828125,4021.39990234375,2673
2026-07-28 19:30:00,4021.89990234375,4031.39990234375,4021.39990234375,4030.10009765625,2933
2026-07-28 19:40:00,4029.699951171875,4034.10009765625,4020.0,4020.0,3912
2026-07-28 19:50:00,4020.300048828125,4023.0,4011.10009765625,4022.0,4264
2026-07-28 20:00:00,4021.89990234375,4025.300048828125,4019.199951171875,4020.60009765625,2141
2026-07-28 20:10:00,4019.89990234375,4028.60009765625,4018.5,4028.10009765625,1700
2026-07-28 20:20:00,4027.800048828125,4029.39990234375,4023.800048828125,4023.800048828125,1324
2026-07-28 20:30:00,4024.60009765625,4029.89990234375,4021.89990234375,4027.5,1641
2026-07-28 20:40:00,4027.699951171875,4036.39990234375,4027.60009765625,4035.60009765625,4216
2026-07-28 20:50:00,4035.89990234375,4041.300048828125,4034.89990234375,4035.60009765625,2415
2026-07-28 21:00:00,4035.699951171875,4038.699951171875,4032.300048828125,4037.39990234375,1909
2026-07-28 21:10:00,4037.5,4045.800048828125,4037.10009765625,4043.60009765625,3869
2026-07-28 21:20:00,4043.699951171875,4047.39990234375,4041.800048828125,4046.5,1467
2026-07-28 21:30:00,4046.699951171875,4046.800048828125,4042.60009765625,4043.60009765625,1104
2026-07-28 21:40:00,4043.699951171875,4046.199951171875,4042.5,4045.5,697
2026-07-28 21:50:00,4045.5,4046.10009765625,4042.10009765625,4042.300048828125,3808
2026-07-28 22:00:00,4042.5,4044.10009765625,4041.300048828125,4042.10009765625,1864
2026-07-28 22:10:00,4042.300048828125,4043.5,4037.699951171875,4038.10009765625,3649
2026-07-28 22:20:00,4038.10009765625,4038.699951171875,4036.60009765625,4037.60009765625,1261
2026-07-28 22:30:00,4037.89990234375,4041.5,4037.60009765625,4038.699951171875,1344
2026-07-28 22:40:00,4038.5,4039.0,4035.60009765625,4035.60009765625,1757
2026-07-28 22:50:00,4035.699951171875,4041.89990234375,4035.300048828125,4037.89990234375,9357
2026-07-28 23:00:00,4038.10009765625,4038.10009765625,4031.10009765625,4031.300048828125,2284
2026-07-28 23:10:00,4031.10009765625,4031.60009765625,4025.300048828125,4029.800048828125,1976
2026-07-28 23:20:00,4029.10009765625,4029.300048828125,4025.89990234375,4028.0,1340
2026-07-28 23:30:00,4028.10009765625,4030.5,4027.39990234375,4029.89990234375,714
2026-07-28 23:40:00,4029.89990234375,4030.10009765625,4027.800048828125,4029.0,308
2026-07-28 23:50:00,4028.699951171875,4029.0,4026.0,4027.199951171875,705
2026-07-29 00:00:00,4027.39990234375,4027.699951171875,4023.10009765625,4023.699951171875,561
2026-07-29 00:10:00,4023.89990234375,4025.89990234375,4023.0,4023.800048828125,349
2026-07-29 00:20:00,4023.89990234375,4024.300048828125,4021.39990234375,4023.10009765625,397
2026-07-29 00:30:00,4022.800048828125,4025.60009765625,4022.300048828125,4024.39990234375,713
2026-07-29 00:40:00,4024.199951171875,4024.699951171875,4023.39990234375,4023.39990234375,543
2026-07-29 00:50:00,4023.5,4023.89990234375,4021.5,4022.60009765625,1150
2026-07-29 01:00:00,4023.10009765625,4027.60009765625,4022.300048828125,4024.39990234375,673
2026-07-29 01:10:00,4024.60009765625,4025.60009765625,4024.300048828125,4025.60009765625,52
2026-07-29 01:20:00,4038.699951171875,4038.699951171875,4025.5,4025.89990234375,1543
2026-07-29 01:30:00,4025.800048828125,4025.800048828125,4022.199951171875,4022.800048828125,483
2026-07-29 01:40:00,4022.60009765625,4026.39990234375,4022.60009765625,4026.300048828125,545
2026-07-29 01:50:00,4026.300048828125,4027.5,4025.39990234375,4027.10009765625,250
2026-07-29 02:00:00,4027.10009765625,4029.699951171875,4027.0,4027.60009765625,270
2026-07-29 02:10:00,4028.0,4030.60009765625,4027.699951171875,4027.699951171875,235
2026-07-29 02:20:00,4027.0,4029.0,4026.5,4028.800048828125,309
2026-07-29 02:30:00,,,,,0
2026-07-29 02:40:00,,,,,0
2026-07-29 02:50:00,,,,,0
2026-07-29 03:00:00,,,,,0
2026-07-29 03:10:00,,,,,0
2026-07-29 03:20:00,,,,,0
2026-07-29 03:30:00,4020.89990234375,4034.0,4020.89990234375,4026.699951171875,25
2026-07-29 03:40:00,4026.800048828125,4026.89990234375,4021.800048828125,4022.0,168
2026-07-29 03:50:00,4022.39990234375,4022.5,4016.10009765625,4020.39990234375,306
2026-07-29 04:00:00,4020.10009765625,4020.5,4013.199951171875,4013.89990234375,290
2026-07-29 04:10:00,4015.5,4018.199951171875,4014.300048828125,4015.89990234375,190
2026-07-29 04:20:00,4015.800048828125,4019.199951171875,4015.800048828125,4017.89990234375,83
2026-07-29 04:30:00,4017.39990234375,4018.699951171875,4015.5,4017.699951171875,112
2026-07-29 04:40:00,4017.39990234375,4022.39990234375,4015.0,4015.0,124
2026-07-29 04:50:00,4016.39990234375,4018.800048828125,4015.0,4017.39990234375,112
2026-07-29 05:00:00,4018.699951171875,4019.699951171875,4017.10009765625,4018.800048828125,183
2026-07-29 05:10:00,4019.0,4022.60009765625,4017.60009765625,4021.699951171875,129
2026-07-29 05:20:00,4022.0,4026.0,4021.10009765625,4024.300048828125,115
2026-07-29 05:30:00,4025.0,4025.5,4017.10009765625,4018.0,233
2026-07-29 05:40:00,4018.300048828125,4026.199951171875,4018.300048828125,4025.800048828125,101
2026-07-29 05:50:00,4024.800048828125,4030.699951171875,4021.5,4022.39990234375,272
2026-07-29 06:00:00,4022.89990234375,4027.699951171875,4021.0,4025.60009765625,122
2026-07-29 06:10:00,4024.89990234375,4026.10009765625,4020.800048828125,4020.800048828125,66
2026-07-29 06:20:00,4020.89990234375,4022.800048828125,4020.0,4021.300048828125,91
2026-07-29 06:30:00,4021.0,4021.0,4009.300048828125,4014.39990234375,468
2026-07-29 06:40:00,4015.0,4016.800048828125,4011.0,4015.699951171875,188
2026-07-29 06:50:00,4015.800048828125,4019.0,4013.10009765625,4017.699951171875,145
2026-07-29 07:00:00,4016.0,4030.0,4014.39990234375,4028.60009765625,256
2026-07-29 07:10:00,4028.39990234375,4029.300048828125,4023.39990234375,4023.89990234375,104
2026-07-29 07:20:00,4023.300048828125,4025.0,4021.0,4025.0,104
2026-07-29 07:30:00,4025.0,4028.199951171875,4022.300048828125,4023.89990234375,104
2026-07-29 07:40:00,4025.10009765625,4029.0,4024.699951171875,4025.39990234375,116
2026-07-29 07:50:00,4026.300048828125,4034.300048828125,4026.10009765625,4032.0,238
2026-07-29 08:00:00,4032.300048828125,4035.199951171875,4030.0,4034.0,135
2026-07-29 08:10:00,4034.199951171875,4036.800048828125,4031.0,4031.60009765625,89
2026-07-29 08:20:00,4031.60009765625,4031.60009765625,4028.300048828125,4028.300048828125,109
2026-07-29 08:30:00,4028.199951171875,4031.39990234375,4027.300048828125,4028.60009765625,68
2026-07-29 08:40:00,4029.300048828125,4029.300048828125,4026.0,4026.800048828125,68
2026-07-29 08:50:00,4026.800048828125,4026.89990234375,4024.699951171875,4025.10009765625,66
2026-07-29 09:00:00,4024.89990234375,4027.800048828125,4022.89990234375,4025.39990234375,126
2026-07-29 09:10:00,4025.0,4025.39990234375,4023.39990234375,4025.0,119
2026-07-29 09:20:00,4024.0,4024.699951171875,4021.5,4021.5,92
2026-07-29 09:30:00,4022.0,4023.10009765625,4019.800048828125,4020.800048828125,128
2026-07-29 09:40:00,4021.300048828125,4021.39990234375,4019.300048828125,4019.300048828125,82
2026-07-29 09:50:00,4021.0,4023.699951171875,4021.0,4021.300048828125,100
2026-07-29 10:00:00,4021.699951171875,4025.300048828125,4021.699951171875,4023.60009765625,90
2026-07-29 10:10:00,4023.699951171875,4026.0,4021.89990234375,4022.300048828125,121
2026-07-29 10:20:00,4022.199951171875,4026.0,4022.199951171875,4025.39990234375,169
2026-07-29 10:30:00,4025.89990234375,4027.5,4025.39990234375,4025.89990234375,122
2026-07-29 10:40:00,4025.300048828125,4029.89990234375,4025.300048828125,4025.89990234375,174
2026-07-29 10:50:00,4026.10009765625,4029.199951171875,4026.0,4028.60009765625,140
2026-07-29 11:00:00,4028.800048828125,4032.39990234375,4028.300048828125,4030.199951171875,205
2026-07-29 11:10:00,4029.60009765625,4038.199951171875,4029.60009765625,4032.10009765625,370
2026-07-29 11:20:00,4032.199951171875,4034.10009765625,4030.0,4031.300048828125,222
2026-07-29 11:30:00,4032.199951171875,4035.60009765625,4032.199951171875,4033.5,250
2026-07-29 11:40:00,4033.5,4038.0,4033.5,4036.39990234375,119
2026-07-29 11:50:00,4036.199951171875,4040.800048828125,4034.10009765625,4039.0,185
2026-07-29 12:00:00,4039.199951171875,4043.199951171875,4039.199951171875,4041.800048828125,812
2026-07-29 12:10:00,4041.800048828125,4042.199951171875,4038.39990234375,4038.5,231
2026-07-29 12:20:00,4038.800048828125,4040.800048828125,4038.800048828125,4039.800048828125,910
2026-07-29 12:30:00,4039.89990234375,4043.5,4039.89990234375,4043.39990234375,550
2026-07-29 12:40:00,4043.699951171875,4045.300048828125,4043.10009765625,4044.199951171875,271
2026-07-29 12:50:00,4044.300048828125,4046.699951171875,4043.5,4045.10009765625,297
2026-07-29 13:00:00,4045.10009765625,4106.7001953125,4044.60009765625,4104.89990234375,10397
2026-07-29 13:10:00,4105.10009765625,4106.60009765625,4103.2001953125,4103.7001953125,545
2026-07-29 13:20:00,4103.5,4103.7001953125,4101.5,4102.60009765625,547
2026-07-29 13:30:00,4103.0,4103.5,4099.60009765625,4100.2001953125,1136
2026-07-29 13:40:00,4100.2001953125,4101.2998046875,4098.10009765625,4099.7998046875,525
2026-07-29 13:50:00,4099.5,4099.5,4094.60009765625,4096.2998046875,771
2026-07-29 14:00:00,4096.2998046875,4097.7001953125,4094.699951171875,4096.7998046875,735
2026-07-29 14:10:00,4096.60009765625,4098.7998046875,4096.2998046875,4096.7001953125,547
2026-07-29 14:20:00,4096.5,4099.39990234375,4096.0,4096.5,517
2026-07-29 14:30:00,4096.7998046875,4097.60009765625,4094.800048828125,4096.7001953125,518
2026-07-29 14:40:00,4096.89990234375,4096.89990234375,4094.60009765625,4096.10009765625,613
2026-07-29 14:50:00,4095.89990234375,4096.10009765625,4092.5,4092.60009765625,572
2026-07-29 15:00:00,4093.0,4094.10009765625,4090.39990234375,4092.10009765625,1060
2026-07-29 15:10:00,4092.0,4095.10009765625,4091.39990234375,4094.89990234375,574
2026-07-29 15:20:00,4095.0,4095.5,4091.199951171875,4091.89990234375,275
2026-07-29 15:30:00,4091.5,4093.10009765625,4090.199951171875,4091.699951171875,462
2026-07-29 15:40:00,4091.800048828125,4092.60009765625,4089.199951171875,4091.39990234375,1075
2026-07-29 15:50:00,4091.5,4092.5,4089.5,4092.300048828125,196
2026-07-29 16:00:00,4092.0,4093.699951171875,4088.10009765625,4088.10009765625,1254
2026-07-29 16:10:00,4088.5,4088.800048828125,4085.39990234375,4086.699951171875,469
2026-07-29 16:20:00,4086.60009765625,4087.699951171875,4085.10009765625,4086.10009765625,872
2026-07-29 16:30:00,4086.800048828125,4088.800048828125,4084.0,4085.300048828125,658
2026-07-29 16:40:00,4085.39990234375,4092.199951171875,4085.39990234375,4091.699951171875,393
2026-07-29 16:50:00,4091.800048828125,4092.699951171875,4091.0,4091.699951171875,341
2026-07-29 17:00:00,4092.0,4092.0,4089.60009765625,4090.800048828125,1815
2026-07-29 17:10:00,4091.300048828125,4095.39990234375,4089.800048828125,4094.0,588
2026-07-29 17:20:00,4093.5,4094.39990234375,4090.39990234375,4091.5,1305
2026-07-29 17:30:00,4091.699951171875,4092.5,4087.89990234375,4089.0,721
2026-07-29 17:40:00,4088.699951171875,4090.0,4077.39990234375,4077.39990234375,2180
2026-07-29 17:50:00,4077.5,4078.89990234375,4070.800048828125,4072.0,4115
2026-07-29 18:00:00,4071.199951171875,4080.699951171875,4067.39990234375,4079.699951171875,1946
2026-07-29 18:10:00,4079.89990234375,4081.39990234375,4075.800048828125,4078.89990234375,2430
2026-07-29 18:20:00,4078.60009765625,4082.300048828125,4077.39990234375,4080.89990234375,1140
2026-07-29 18:30:00,4081.300048828125,4084.800048828125,4073.89990234375,4075.0,1791
2026-07-29 18:40:00,4074.39990234375,4077.199951171875,4072.5,4075.39990234375,1177
2026-07-29 18:50:00,4075.300048828125,4081.699951171875,4071.89990234375,4072.5,4854
2026-07-29 19:00:00,4072.800048828125,4075.699951171875,4068.0,4074.0,2462
2026-07-29 19:10:00,4073.89990234375,4073.89990234375,4068.60009765625,4073.0,2124
2026-07-29 19:20:00,4072.39990234375,4073.0,4060.300048828125,4064.800048828125,4832
2026-07-29 19:30:00,4065.10009765625,4066.39990234375,4057.0,4057.60009765625,5465
2026-07-29 19:40:00,4057.699951171875,4067.10009765625,4053.89990234375,4065.39990234375,4940
2026-07-29 19:50:00,4065.699951171875,4068.39990234375,4061.699951171875,4063.89990234375,3515
2026-07-29 20:00:00,4063.60009765625,4067.800048828125,4061.5,4062.10009765625,2124
2026-07-29 20:10:00,4062.60009765625,4065.0,4056.39990234375,4059.60009765625,2627
2026-07-29 20:20:00,4060.0,4064.0,4059.0,4063.199951171875,1005
2026-07-29 20:30:00,4063.60009765625,4068.5,4061.699951171875,4068.5,1851
2026-07-29 20:40:00,4068.0,4068.0,4063.60009765625,4063.60009765625,495
2026-07-29 20:50:00,4063.5,4069.89990234375,4062.39990234375,4069.10009765625,1700
2026-07-29 21:00:00,4069.199951171875,4072.10009765625,4066.5,4067.300048828125,1194
2026-07-29 21:10:00,4067.10009765625,4071.300048828125,4065.39990234375,4071.0,1105
2026-07-29 21:20:00,4070.89990234375,4072.199951171875,4066.5,4068.5,1573
2026-07-29 21:30:00,4068.5,4074.60009765625,4066.300048828125,4073.300048828125,1736
2026-07-29 21:40:00,4073.300048828125,4074.199951171875,4066.300048828125,4070.10009765625,1613
2026-07-29 21:50:00,4070.0,4076.39990234375,4069.60009765625,4075.10009765625,1356
2026-07-29 22:00:00,4075.0,4077.60009765625,4073.39990234375,4075.5,1565
2026-07-29 22:10:00,4075.300048828125,4076.5,4073.5,4076.300048828125,896
2026-07-29 22:20:00,4076.10009765625,4091.699951171875,4076.10009765625,4086.10009765625,2004
2026-07-29 22:30:00,4086.199951171875,4100.0,4086.10009765625,4097.5,3074
2026-07-29 22:40:00,4097.2998046875,4109.2998046875,4096.10009765625,4103.7001953125,3196
2026-07-29 22:50:00,4103.39990234375,4109.0,4095.199951171875,4097.2001953125,5009
2026-07-29 23:00:00,4097.10009765625,4099.89990234375,4094.10009765625,4099.60009765625,3048
2026-07-29 23:10:00,4099.60009765625,4106.39990234375,4098.89990234375,4105.5,1097
2026-07-29 23:20:00,4105.2998046875,4105.7998046875,4099.39990234375,4102.89990234375,2334
2026-07-29 23:30:00,4103.10009765625,4149.39990234375,4101.2998046875,4136.60009765625,10962
2026-07-29 23:40:00,4136.0,4146.10009765625,4130.60009765625,4131.0,3057
2026-07-29 23:50:00,4130.7001953125,4132.39990234375,4123.0,4127.0,1825
2026-07-30 00:00:00,4126.60009765625,4132.10009765625,4111.10009765625,4130.2001953125,3547
2026-07-30 00:10:00,4130.10009765625,4161.2001953125,4128.7998046875,4159.2998046875,5516
2026-07-30 00:20:00,4159.7998046875,4170.2998046875,4152.5,4166.7998046875,5471
2026-07-30 00:30:00,4167.10009765625,4176.7998046875,4153.5,4156.5,4604
2026-07-30 00:40:00,4156.5,4164.39990234375,4149.7998046875,4158.39990234375,2001
2026-07-30 00:50:00,4158.0,4159.2001953125,4140.10009765625,4143.60009765625,2477
2026-07-30 01:00:00,4143.7001953125,4147.7998046875,4124.60009765625,4127.89990234375,3511
2026-07-30 01:10:00,4128.2998046875,4132.2001953125,4124.5,4130.7001953125,1807
2026-07-30 01:20:00,4130.39990234375,4130.39990234375,4103.7998046875,4104.7001953125,3640
2026-07-30 01:30:00,4104.2001953125,4112.7998046875,4101.7001953125,4112.5,1777
2026-07-30 01:40:00,4111.7998046875,4115.0,4106.39990234375,4107.89990234375,903
2026-07-30 01:50:00,4107.5,4116.2001953125,4102.60009765625,4114.2001953125,750
2026-07-30 02:00:00,4114.2001953125,4122.39990234375,4112.7001953125,4122.2998046875,1034
2026-07-30 02:10:00,4122.0,4128.89990234375,4122.0,4124.7998046875,865
2026-07-30 02:20:00,4124.7001953125,4127.10009765625,4122.10009765625,4126.0,569
2026-07-30 02:30:00,,,,,0
2026-07-30 02:40:00,,,,,0
2026-07-30 02:50:00,,,,,0
2026-07-30 03:00:00,,,,,0
2026-07-30 03:10:00,,,,,0
2026-07-30 03:20:00,,,,,0
2026-07-30 03:30:00,4126.7001953125,4133.5,4121.10009765625,4127.2001953125,420
2026-07-30 03:40:00,4127.5,4135.5,4127.5,4132.2001953125,390
2026-07-30 03:50:00,4132.39990234375,4133.10009765625,4130.2998046875,4132.7001953125,327
2026-07-30 04:00:00,4132.5,4136.60009765625,4130.5,4133.7001953125,396
2026-07-30 04:10:00,4133.5,4143.2001953125,4133.10009765625,4142.5,643
2026-07-30 04:20:00,4142.39990234375,4148.2001953125,4141.2001953125,4146.2998046875,593
2026-07-30 04:30:00,4146.5,4158.0,4146.2001953125,4154.0,619
2026-07-30 04:40:00,4154.7001953125,4154.7001953125,4147.89990234375,4151.5,353
2026-07-30 04:50:00,4151.60009765625,4152.5,4148.7001953125,4151.10009765625,488
2026-07-30 05:00:00,4151.60009765625,4152.5,4148.60009765625,4149.89990234375,320
2026-07-30 05:10:00,4149.7998046875,4150.7001953125,4146.60009765625,4149.0,289
2026-07-30 05:20:00,4148.89990234375,4150.10009765625,4142.0,4142.0,333
2026-07-30 05:30:00,4142.5,4144.2998046875,4137.2001953125,4140.5,707
2026-07-30 05:40:00,4139.2998046875,4141.0,4134.39990234375,4134.39990234375,339
2026-07-30 05:50:00,4135.2998046875,4138.39990234375,4130.10009765625,4132.60009765625,696
2026-07-30 06:00:00,4133.7998046875,4134.2998046875,4125.5,4126.7001953125,495
2026-07-30 06:10:00,4127.0,4128.60009765625,4122.2998046875,4124.7998046875,854
2026-07-30 06:20:00,4124.10009765625,4130.5,4122.60009765625,4129.7001953125,756
2026-07-30 06:30:00,4130.0,4151.5,4127.7998046875,4144.60009765625,2069
2026-07-30 06:40:00,4144.60009765625,4145.7998046875,4131.10009765625,4133.2998046875,1360
2026-07-30 06:50:00,4133.89990234375,4142.60009765625,4131.89990234375,4139.0,644
2026-07-30 07:00:00,4138.7998046875,4146.0,4138.2001953125,4145.0,576
2026-07-30 07:10:00,4145.0,4147.5,4141.39990234375,4146.2998046875,488
2026-07-30 07:20:00,4145.7998046875,4149.0,4141.5,4142.39990234375,554
2026-07-30 07:30:00,4142.10009765625,4148.0,4141.89990234375,4145.2998046875,430
2026-07-30 07:40:00,4146.0,4146.0,4137.5,4139.5,317
2026-07-30 07:50:00,4139.89990234375,4141.0,4137.89990234375,4140.5,194
2026-07-30 08:00:00,4140.2001953125,4140.2001953125,4132.2001953125,4134.10009765625,658
2026-07-30 08:10:00,4135.0,4136.5,4131.0,4131.89990234375,248
2026-07-30 08:20:00,4132.0,4132.60009765625,4120.7001953125,4121.39990234375,866
2026-07-30 08:30:00,4121.10009765625,4127.5,4120.0,4121.5,470
2026-07-30 08:40:00,4122.0,4122.7001953125,4113.89990234375,4115.2001953125,591
2026-07-30 08:50:00,4114.7998046875,4115.89990234375,4109.89990234375,4111.10009765625,932
2026-07-30 09:00:00,4111.2998046875,4113.2001953125,4107.60009765625,4108.2998046875,592
2026-07-30 09:10:00,4108.39990234375,4115.2998046875,4108.10009765625,4115.2001953125,639
2026-07-30 09:20:00,4114.7998046875,4116.89990234375,4113.7001953125,4114.10009765625,397
2026-07-30 09:30:00,4115.89990234375,4117.10009765625,4111.39990234375,4113.7001953125,479
2026-07-30 09:40:00,4112.7001953125,4112.89990234375,4108.60009765625,4109.0,223
2026-07-30 09:50:00,4109.0,4111.89990234375,4107.60009765625,4110.7001953125,316
2026-07-30 10:00:00,4110.89990234375,4110.89990234375,4105.60009765625,4106.5,466
2026-07-30 10:10:00,4106.2001953125,4108.7001953125,4102.60009765625,4103.2998046875,650
2026-07-30 10:20:00,4103.2001953125,4104.89990234375,4100.2998046875,4102.5,632
2026-07-30 10:30:00,4102.2001953125,4102.2001953125,4098.2001953125,4101.7001953125,713
2026-07-30 10:40:00,4101.39990234375,4102.7998046875,4093.89990234375,4098.2001953125,528
2026-07-30 10:50:00,4098.2998046875,4104.0,4098.10009765625,4103.5,426
2026-07-30 11:00:00,4103.2001953125,4108.0,4085.0,4088.199951171875,1718
2026-07-30 11:10:00,4088.199951171875,4095.199951171875,4086.89990234375,4089.0,885
2026-07-30 11:20:00,4089.39990234375,4093.0,4087.0,4090.39990234375,587
2026-07-30 11:30:00,4090.800048828125,4096.39990234375,4090.699951171875,4092.39990234375,866
2026-07-30 11:40:00,4093.199951171875,4094.300048828125,4087.60009765625,4090.5,473
2026-07-30 11:50:00,4090.199951171875,4096.2998046875,4086.300048828125,4090.5,650
2026-07-30 12:00:00,4090.10009765625,4094.300048828125,4088.300048828125,4094.199951171875,284
2026-07-30 12:10:00,4094.60009765625,4095.699951171875,4091.60009765625,4093.800048828125,1551
2026-07-30 12:20:00,4093.89990234375,4098.10009765625,4092.300048828125,4093.800048828125,498
2026-07-30 12:30:00,4093.800048828125,4105.0,4092.699951171875,4102.7001953125,1501
2026-07-30 12:40:00,4103.0,4108.5,4101.10009765625,4107.10009765625,917
2026-07-30 12:50:00,4106.7001953125,4107.7998046875,4100.60009765625,4103.2001953125,1070
2026-07-30 13:00:00,4103.0,4103.39990234375,4093.0,4097.2001953125,1742
2026-07-30 13:10:00,4097.7998046875,4104.7001953125,4097.7998046875,4099.2998046875,939
2026-07-30 13:20:00,4099.0,4102.89990234375,4095.10009765625,4096.10009765625,662
2026-07-30 13:30:00,4096.10009765625,4111.2001953125,4093.89990234375,4107.89990234375,1239
2026-07-30 13:40:00,4108.2001953125,4114.60009765625,4107.10009765625,4114.60009765625,773
2026-07-30 13:50:00,4114.7001953125,4126.39990234375,4113.2001953125,4122.0,1408
2026-07-30 14:00:00,4122.10009765625,4130.89990234375,4121.10009765625,4122.60009765625,2268
2026-07-30 14:10:00,4122.2998046875,4128.7001953125,4121.10009765625,4121.39990234375,681
2026-07-30 14:20:00,4121.39990234375,4122.2998046875,4117.2001953125,4119.2001953125,711
2026-07-30 14:30:00,4119.39990234375,4127.0,4118.2998046875,4125.10009765625,800
2026-07-30 14:40:00,4125.10009765625,4127.0,4122.60009765625,4124.39990234375,629
2026-07-30 14:50:00,4124.7001953125,4130.2998046875,4124.5,4125.60009765625,1283
2026-07-30 15:00:00,4125.5,4127.60009765625,4118.39990234375,4123.5,1393
2026-07-30 15:10:00,4123.7998046875,4127.7001953125,4122.2001953125,4127.39990234375,929
2026-07-30 15:20:00,4127.7998046875,4131.5,4120.5,4121.5,972
2026-07-30 15:30:00,4121.7998046875,4130.7998046875,4121.2001953125,4129.7001953125,795
2026-07-30 15:40:00,4129.60009765625,4136.0,4122.7001953125,4134.0,2042
2026-07-30 15:50:00,4134.5,4136.2998046875,4132.60009765625,4134.7998046875,843
2026-07-30 16:00:00,4134.7998046875,4140.0,4133.5,4135.60009765625,949
2026-07-30 16:10:00,4135.7001953125,4142.2001953125,4135.7001953125,4138.0,1085
2026-07-30 16:20:00,4138.2001953125,4140.39990234375,4136.2998046875,4136.39990234375,515
2026-07-30 16:30:00,4136.5,4141.0,4136.0,4140.10009765625,466
2026-07-30 16:40:00,4140.5,4141.5,4136.2998046875,4136.2998046875,588
2026-07-30 16:50:00,4136.39990234375,4140.0,4134.89990234375,4136.60009765625,374
2026-07-30 17:00:00,4136.7001953125,4137.2998046875,4134.7001953125,4136.0,402
2026-07-30 17:10:00,4135.5,4137.7001953125,4133.60009765625,4134.60009765625,478
2026-07-30 17:20:00,4135.0,4138.89990234375,4134.5,4136.0,797
2026-07-30 17:30:00,4136.0,4141.0,4132.7001953125,4140.10009765625,935
2026-07-30 17:40:00,4140.2998046875,4140.2998046875,4131.10009765625,4133.0,1054
2026-07-30 17:50:00,4133.2001953125,4139.7998046875,4129.7998046875,4135.39990234375,1084
2026-07-30 18:00:00,4139.0,4145.39990234375,4129.7998046875,4136.2001953125,2213
2026-07-30 18:10:00,4136.2998046875,4140.10009765625,4131.2001953125,4133.5,1028
2026-07-30 18:20:00,4133.5,4135.89990234375,4125.39990234375,4127.39990234375,1220
2026-07-30 18:30:00,4127.2998046875,4135.2001953125,4123.2001953125,4132.2001953125,1715
2026-07-30 18:40:00,4132.10009765625,4135.89990234375,4128.2998046875,4131.2998046875,1178
2026-07-30 18:50:00,4131.10009765625,4142.2001953125,4130.7001953125,4138.60009765625,1431
2026-07-30 19:00:00,4138.60009765625,4157.7001953125,4133.2001953125,4150.0,4834
2026-07-30 19:10:00,4149.7001953125,4160.7001953125,4143.7001953125,4153.89990234375,4396
2026-07-30 19:20:00,4154.10009765625,4172.5,4152.60009765625,4172.0,4290
2026-07-30 19:30:00,4172.10009765625,4180.2001953125,4153.39990234375,4159.0,11104
2026-07-30 19:40:00,4158.7998046875,4162.0,4149.7001953125,4150.10009765625,2967
2026-07-30 19:50:00,4150.2001953125,4158.0,4145.60009765625,4155.2001953125,3165
2026-07-30 20:00:00,4155.2998046875,4165.39990234375,4154.0,4164.89990234375,1668
2026-07-30 20:10:00,4165.39990234375,4172.7001953125,4161.2001953125,4164.5,2398
2026-07-30 20:20:00,4164.2001953125,4164.2001953125,4155.7001953125,4159.10009765625,1625
2026-07-30 20:30:00,4159.39990234375,4159.39990234375,4148.60009765625,4150.2001953125,2982
2026-07-30 20:40:00,4149.7998046875,4155.7998046875,4141.89990234375,4154.60009765625,2067
2026-07-30 20:50:00,4155.0,4156.2001953125,4151.10009765625,4155.10009765625,853
2026-07-30 21:00:00,4155.0,4159.89990234375,4151.7998046875,4158.10009765625,1142
2026-07-30 21:10:00,4158.10009765625,4166.10009765625,4157.7001953125,4165.0,1397
2026-07-30 21:20:00,4164.89990234375,4169.2001953125,4163.5,4167.0,929
2026-07-30 21:30:00,4166.7998046875,4175.0,4166.7998046875,4170.2001953125,1657
2026-07-30 21:40:00,4170.2001953125,4175.2001953125,4168.10009765625,4173.39990234375,1076
2026-07-30 21:50:00,4173.10009765625,4178.2998046875,4172.39990234375,4175.39990234375,1055
2026-07-30 22:00:00,4175.39990234375,4175.5,4169.2998046875,4169.7001953125,969
2026-07-30 22:10:00,4169.89990234375,4171.2001953125,4166.10009765625,4168.7001953125,796
2026-07-30 22:20:00,4168.7001953125,4169.7998046875,4165.60009765625,4169.7998046875,579
2026-07-30 22:30:00,4169.7998046875,4170.2001953125,4165.60009765625,4166.60009765625,788
2026-07-30 22:40:00,4166.39990234375,4167.7998046875,4162.7001953125,4165.39990234375,900
2026-07-30 22:50:00,4165.7998046875,4167.2998046875,4157.10009765625,4160.7998046875,2462
2026-07-30 23:00:00,4160.5,4167.39990234375,4158.89990234375,4161.7998046875,1220
2026-07-30 23:10:00,4161.60009765625,4167.39990234375,4161.60009765625,4163.2001953125,882
2026-07-30 23:20:00,4163.2001953125,4163.39990234375,4159.89990234375,4161.5,499
2026-07-30 23:30:00,4161.5,4165.5,4161.5,4164.89990234375,469
2026-07-30 23:40:00,4164.89990234375,4165.7998046875,4162.60009765625,4163.10009765625,309
2026-07-30 23:50:00,4162.7001953125,4164.5,4159.89990234375,4162.2998046875,881
2026-07-31 00:00:00,4162.89990234375,4166.7998046875,4162.0,4163.5,608
2026-07-31 00:10:00,4163.39990234375,4164.60009765625,4159.2001953125,4159.7998046875,452
2026-07-31 00:20:00,4160.0,4160.2001953125,4157.7001953125,4158.7998046875,407
2026-07-31 00:30:00,4158.7001953125,4164.60009765625,4158.0,4164.2001953125,706
2026-07-31 00:40:00,4164.39990234375,4172.10009765625,4162.0,4169.7001953125,790
2026-07-31 00:50:00,4169.7001953125,4174.10009765625,4168.0,4172.0,803
2026-07-31 01:00:00,4171.5,4174.5,4171.2001953125,4171.7998046875,287
2026-07-31 01:10:00,4172.2001953125,4173.2998046875,4170.10009765625,4171.60009765625,506
2026-07-31 01:20:00,4171.39990234375,4172.10009765625,4168.2001953125,4171.2001953125,684
2026-07-31 01:30:00,4171.2998046875,4176.7001953125,4169.2998046875,4173.7998046875,1084
2026-07-31 01:40:00,4173.7001953125,4174.7998046875,4171.2998046875,4172.89990234375,437
2026-07-31 01:50:00,4172.89990234375,4173.5,4170.7001953125,4171.2998046875,297
2026-07-31 02:00:00,4171.39990234375,4171.7998046875,4165.2001953125,4166.39990234375,332
2026-07-31 02:10:00,4166.10009765625,4166.5,4159.2998046875,4159.39990234375,749
2026-07-31 02:20:00,4159.39990234375,4163.10009765625,4158.0,4162.7998046875,351
2026-07-31 02:30:00,,,,,0
2026-07-31 02:40:00,,,,,0
2026-07-31 02:50:00,,,,,0
2026-07-31 03:00:00,,,,,0
2026-07-31 03:10:00,,,,,0
2026-07-31 03:20:00,,,,,0
2026-07-31 03:30:00,4163.89990234375,4165.5,4158.0,4163.2001953125,95
2026-07-31 03:40:00,4164.39990234375,4166.7998046875,4163.5,4166.60009765625,299
2026-07-31 03:50:00,4166.7001953125,4166.7998046875,4165.2998046875,4165.7998046875,126
2026-07-31 04:00:00,4165.7998046875,4169.0,4165.39990234375,4168.5,192
2026-07-31 04:10:00,4168.60009765625,4169.7001953125,4167.39990234375,4169.39990234375,255
2026-07-31 04:20:00,4169.0,4169.7998046875,4167.39990234375,4167.39990234375,201
2026-07-31 04:30:00,4168.10009765625,4170.7001953125,4167.39990234375,4168.39990234375,203
2026-07-31 04:40:00,4167.89990234375,4167.89990234375,4164.7998046875,4164.7998046875,200
2026-07-31 04:50:00,4164.7998046875,4166.10009765625,4161.7998046875,4162.7998046875,281
2026-07-31 05:00:00,4162.7998046875,4164.89990234375,4160.7998046875,4164.89990234375,314
2026-07-31 05:10:00,4165.2998046875,4168.7998046875,4163.10009765625,4167.10009765625,280
2026-07-31 05:20:00,4166.7001953125,4167.7998046875,4164.2998046875,4164.39990234375,122
2026-07-31 05:30:00,4164.7998046875,4165.39990234375,4160.10009765625,4162.2998046875,339
2026-07-31 05:40:00,4161.10009765625,4162.60009765625,4158.60009765625,4159.89990234375,153
2026-07-31 05:50:00,4159.7998046875,4162.39990234375,4154.5,4154.89990234375,462
2026-07-31 06:00:00,4155.10009765625,4156.2998046875,4150.2001953125,4151.2998046875,245
2026-07-31 06:10:00,4151.2001953125,4153.10009765625,4149.0,4152.2001953125,304
2026-07-31 06:20:00,4152.2001953125,4155.0,4151.2001953125,4153.5,323
2026-07-31 06:30:00,4153.5,4160.0,4153.39990234375,4156.39990234375,936
2026-07-31 06:40:00,4156.0,4156.2001953125,4144.5,4152.7001953125,833
2026-07-31 06:50:00,4152.60009765625,4153.2001953125,4148.7001953125,4150.2998046875,437
2026-07-31 07:00:00,4150.2998046875,4150.2998046875,4142.0,4143.2001953125,694
2026-07-31 07:10:00,4142.89990234375,4147.39990234375,4141.2998046875,4142.0,508
2026-07-31 07:20:00,4142.5,4145.7998046875,4140.0,4142.5,493
2026-07-31 07:30:00,4142.7001953125,4147.89990234375,4139.7998046875,4147.2001953125,546
2026-07-31 07:40:00,4147.0,4148.7998046875,4140.0,4140.60009765625,553
2026-07-31 07:50:00,4141.2998046875,4142.2001953125,4139.89990234375,4140.2998046875,191
2026-07-31 08:00:00,4140.0,4142.5,4139.2001953125,4139.7998046875,274
2026-07-31 08:10:00,4140.2001953125,4140.2001953125,4132.7998046875,4135.60009765625,987
2026-07-31 08:20:00,4134.89990234375,4136.60009765625,4132.5,4134.10009765625,320
2026-07-31 08:30:00,4134.0,4134.2998046875,4131.39990234375,4132.7001953125,284
2026-07-31 08:40:00,4132.0,4133.39990234375,4129.7001953125,4131.2998046875,435
2026-07-31 08:50:00,4131.39990234375,4133.7998046875,4130.10009765625,4133.2001953125,272
2026-07-31 09:00:00,4133.2998046875,4137.39990234375,4132.89990234375,4136.60009765625,516
2026-07-31 09:10:00,4136.10009765625,4136.39990234375,4133.39990234375,4133.89990234375,146
2026-07-31 09:20:00,4133.7998046875,4134.39990234375,4132.0,4133.10009765625,157
2026-07-31 09:30:00,4132.60009765625,4133.7001953125,4131.5,4133.10009765625,227
2026-07-31 09:40:00,4133.2001953125,4135.7998046875,4131.0,4133.89990234375,320
2026-07-31 09:50:00,4133.7001953125,4138.10009765625,4132.2998046875,4138.0,676
2026-07-31 10:00:00,4137.89990234375,4139.5,4137.39990234375,4139.5,388
2026-07-31 10:10:00,4139.39990234375,4139.39990234375,4133.10009765625,4133.10009765625,442
2026-07-31 10:20:00,4133.2001953125,4138.0,4132.5,4137.60009765625,176
2026-07-31 10:30:00,4138.0,4141.2998046875,4137.60009765625,4139.5,266
2026-07-31 10:40:00,4139.60009765625,4140.2998046875,4137.5,4140.0,190
2026-07-31 10:50:00,4139.60009765625,4140.89990234375,4138.0,4138.89990234375,268
2026-07-31 11:00:00,4139.0,4139.7001953125,4135.39990234375,4137.7001953125,508
2026-07-31 11:10:00,4137.5,4137.89990234375,4131.5,4133.60009765625,476
2026-07-31 11:20:00,4133.39990234375,4133.7001953125,4131.0,4132.10009765625,299
2026-07-31 11:30:00,4132.39990234375,4140.10009765625,4130.5,4140.0,512
2026-07-31 11:40:00,4139.7998046875,4145.2998046875,4137.89990234375,4144.10009765625,552
2026-07-31 11:50:00,4144.2998046875,4145.0,4139.89990234375,4143.2001953125,390
2026-07-31 12:00:00,4142.7001953125,4142.7001953125,4134.89990234375,4136.60009765625,406
2026-07-31 12:10:00,4136.7001953125,4139.39990234375,4134.2001953125,4135.2998046875,410
2026-07-31 12:20:00,4135.7998046875,4137.2001953125,4134.2001953125,4135.39990234375,303
2026-07-31 12:30:00,4135.0,4136.7998046875,4133.0,4136.10009765625,490
2026-07-31 12:40:00,4136.10009765625,4136.7998046875,4133.0,4136.2001953125,401
2026-07-31 12:50:00,4136.2001953125,4136.2001953125,4129.5,4130.5,590
2026-07-31 13:00:00,4130.2001953125,4130.2001953125,4125.5,4129.5,952
2026-07-31 13:10:00,4129.7001953125,4132.0,4128.60009765625,4129.10009765625,691
2026-07-31 13:20:00,4129.60009765625,4129.7998046875,4124.7001953125,4125.10009765625,777
2026-07-31 13:30:00,4125.39990234375,4125.39990234375,4120.0,4122.2001953125,886
2026-07-31 13:40:00,4122.39990234375,4123.7998046875,4118.39990234375,4123.60009765625,681
2026-07-31 13:50:00,4123.5,4124.60009765625,4114.89990234375,4115.7001953125,1233
2026-07-31 14:00:00,4115.7001953125,4117.2001953125,4110.7998046875,4116.89990234375,1123
2026-07-31 14:10:00,4116.60009765625,4119.7998046875,4114.60009765625,4118.10009765625,768
2026-07-31 14:20:00,4118.10009765625,4121.2998046875,4115.10009765625,4117.60009765625,922
2026-07-31 14:30:00,4117.2998046875,4120.7998046875,4114.5,4114.5,930
2026-07-31 14:40:00,4114.39990234375,4114.89990234375,4111.2998046875,4112.39990234375,711
2026-07-31 14:50:00,4112.2001953125,4114.2001953125,4107.7998046875,4108.7001953125,877
2026-07-31 15:00:00,4108.39990234375,4111.0,4106.5,4107.5,806
2026-07-31 15:10:00,4107.7001953125,4113.39990234375,4107.2998046875,4113.0,590
2026-07-31 15:20:00,4112.7001953125,4113.60009765625,4110.2001953125,4111.2998046875,286
2026-07-31 15:30:00,4111.2001953125,4114.7001953125,4109.5,4114.10009765625,438
2026-07-31 15:40:00,4113.89990234375,4113.89990234375,4109.0,4109.60009765625,451
2026-07-31 15:50:00,4109.7001953125,4111.2998046875,4108.39990234375,4109.60009765625,239
2026-07-31 16:00:00,4109.2001953125,4112.7998046875,4109.2001953125,4109.89990234375,226
2026-07-31 16:10:00,4110.10009765625,4113.5,4109.7001953125,4112.2001953125,488
2026-07-31 16:20:00,4112.2998046875,4112.7001953125,4110.2001953125,4110.7998046875,169
2026-07-31 16:30:00,4110.7001953125,4114.10009765625,4108.2001953125,4113.89990234375,557
2026-07-31 16:40:00,4113.7998046875,4116.0,4110.39990234375,4112.7998046875,482
2026-07-31 16:50:00,4112.89990234375,4117.39990234375,4112.2998046875,4115.0,389
2026-07-31 17:00:00,4114.89990234375,4115.0,4109.2998046875,4109.5,587
2026-07-31 17:10:00,4109.60009765625,4109.89990234375,4106.7001953125,4108.5,597
2026-07-31 17:20:00,4108.5,4111.60009765625,4108.2998046875,4110.0,473
2026-07-31 17:30:00,4110.2998046875,4115.39990234375,4108.7998046875,4113.5,745
2026-07-31 17:40:00,4113.7001953125,4115.7001953125,4111.60009765625,4113.10009765625,608
2026-07-31 17:50:00,4113.10009765625,4114.89990234375,4103.10009765625,4103.5,1448
2026-07-31 18:00:00,4103.39990234375,4107.7998046875,4100.0,4100.5,3138
2026-07-31 18:10:00,4100.7998046875,4101.7998046875,4097.10009765625,4097.7001953125,1458
2026-07-31 18:20:00,4097.7001953125,4102.39990234375,4096.39990234375,4096.7998046875,1883
2026-07-31 18:30:00,4096.60009765625,4098.89990234375,4091.39990234375,4092.39990234375,2685
2026-07-31 18:40:00,4092.800048828125,4094.5,4090.5,4094.0,1090
2026-07-31 18:50:00,4093.60009765625,4103.39990234375,4091.800048828125,4098.89990234375,2922
2026-07-31 19:00:00,4098.5,4100.2001953125,4082.800048828125,4083.89990234375,4812
2026-07-31 19:10:00,4083.699951171875,4086.300048828125,4077.60009765625,4079.0,3450
2026-07-31 19:20:00,4078.89990234375,4088.300048828125,4078.10009765625,4081.5,2232
2026-07-31 19:30:00,4080.800048828125,4088.39990234375,4076.39990234375,4083.199951171875,2841
2026-07-31 19:40:00,4083.300048828125,4091.60009765625,4081.699951171875,4089.5,2262
2026-07-31 19:50:00,4089.699951171875,4096.5,4088.5,4095.10009765625,1944
2026-07-31 20:00:00,4094.89990234375,4098.7998046875,4092.800048828125,4097.5,1096
2026-07-31 20:10:00,4097.5,4102.0,4096.2998046875,4099.89990234375,1340
2026-07-31 20:20:00,4100.0,4106.89990234375,4098.89990234375,4105.60009765625,1747
2026-07-31 20:30:00,4105.7998046875,4107.2001953125,4100.7998046875,4102.10009765625,2779
2026-07-31 20:40:00,4102.2998046875,4109.10009765625,4098.60009765625,4101.60009765625,2675
2026-07-31 20:50:00,4101.7998046875,4102.60009765625,4096.60009765625,4097.2998046875,1023
2026-07-31 21:00:00,4097.2998046875,4099.60009765625,4093.0,4098.2998046875,1259
2026-07-31 21:10:00,4098.60009765625,4099.7001953125,4096.2998046875,4096.5,646
2026-07-31 21:20:00,4096.60009765625,4103.0,4096.10009765625,4101.7998046875,1191
2026-07-31 21:30:00,4101.7998046875,4102.2998046875,4097.60009765625,4100.10009765625,436
2026-07-31 21:40:00,4100.2001953125,4103.0,4099.10009765625,4101.2001953125,541
2026-07-31 21:50:00,4101.2998046875,4104.60009765625,4100.5,4103.60009765625,952
2026-07-31 22:00:00,4103.7001953125,4106.0,4103.0,4103.0,654
2026-07-31 22:10:00,4103.0,4103.5,4097.2001953125,4100.0,899
2026-07-31 22:20:00,4100.39990234375,4101.2001953125,4098.10009765625,4099.2998046875,420
2026-07-31 22:30:00,4099.2001953125,4101.7001953125,4097.60009765625,4098.0,530
2026-07-31 22:40:00,4098.0,4103.10009765625,4097.2998046875,4102.7998046875,862
2026-07-31 22:50:00,4102.7001953125,4109.7998046875,4101.10009765625,4106.60009765625,2927
2026-07-31 23:00:00,4106.7998046875,4109.7998046875,4103.7998046875,4106.5,1602
2026-07-31 23:10:00,4106.7001953125,4110.7998046875,4106.10009765625,4108.5,1086
2026-07-31 23:20:00,4108.5,4111.0,4108.2998046875,4109.7998046875,440
2026-07-31 23:30:00,4110.0,4111.2998046875,4105.7998046875,4107.39990234375,535
2026-07-31 23:40:00,4107.39990234375,4107.39990234375,4102.89990234375,4105.7001953125,824
2026-07-31 23:50:00,4105.89990234375,4107.89990234375,4105.39990234375,4107.10009765625,417
2026-08-01 00:00:00,4107.0,4107.7998046875,4103.89990234375,4106.89990234375,371
2026-08-01 00:10:00,4106.7001953125,4107.7001953125,4104.10009765625,4106.10009765625,442
2026-08-01 00:20:00,4106.10009765625,4107.5,4105.39990234375,4106.60009765625,303
2026-08-01 00:30:00,4106.7998046875,4109.0,4104.10009765625,4105.5,577
2026-08-01 00:40:00,4105.5,4106.2001953125,4102.60009765625,4104.89990234375,507
2026-08-01 00:50:00,4104.7998046875,4106.60009765625,4103.89990234375,4106.39990234375,244
2026-08-01 01:00:00,4106.39990234375,4107.60009765625,4104.89990234375,4105.89990234375,425
2026-08-01 01:10:00,4105.7001953125,4111.89990234375,4105.60009765625,4111.10009765625,604
2026-08-01 01:20:00,4110.7998046875,4110.7998046875,4106.39990234375,4107.7001953125,1058
2026-08-01 01:30:00,4107.60009765625,4108.39990234375,4101.89990234375,4103.7001953125,592
2026-08-01 01:40:00,4103.10009765625,4104.89990234375,4103.0,4104.60009765625,203
2026-08-01 01:50:00,4104.5,4105.2998046875,4103.10009765625,4104.39990234375,153
2026-08-01 02:00:00,4104.2998046875,4109.2001953125,4103.60009765625,4107.10009765625,318
2026-08-01 02:10:00,4107.2998046875,4108.60009765625,4107.0,4107.7001953125,198
2026-08-01 02:20:00,4107.39990234375,4108.5,4097.39990234375,4107.0,1049
2026-08-01 02:30:00,,,,,0
2026-08-01 02:40:00,,,,,0
2026-08-01 02:50:00,,,,,0
2026-08-01 03:00:00,,,,,0
2026-08-01 03:10:00,,,,,0
2026-08-01 03:20:00,,,,,0
2026-08-01 03:30:00,,,,,0
2026-08-01 03:40:00,,,,,0
2026-08-01 03:50:00,,,,,0
2026-08-01 04:00:00,,,,,0
2026-08-01 04:10:00,,,,,0
2026-08-01 04:20:00,,,,,0
2026-08-01 04:30:00,,,,,0
2026-08-01 04:40:00,,,,,0
2026-08-01 04:50:00,,,,,0
2026-08-01 05:00:00,,,,,0
2026-08-01 05:10:00,,,,,0
2026-08-01 05:20:00,,,,,0
2026-08-01 05:30:00,,,,,0
2026-08-01 05:40:00,,,,,0
2026-08-01 05:50:00,,,,,0
2026-08-01 06:00:00,,,,,0
2026-08-01 06:10:00,,,,,0
2026-08-01 06:20:00,,,,,0
2026-08-01 06:30:00,,,,,0
2026-08-01 06:40:00,,,,,0
2026-08-01 06:50:00,,,,,0
2026-08-01 07:00:00,,,,,0
2026-08-01 07:10:00,,,,,0
2026-08-01 07:20:00,,,,,0
2026-08-01 07:30:00,,,,,0
2026-08-01 07:40:00,,,,,0
2026-08-01 07:50:00,,,,,0
2026-08-01 08:00:00,,,,,0
2026-08-01 08:10:00,,,,,0
2026-08-01 08:20:00,,,,,0
2026-08-01 08:30:00,,,,,0
2026-08-01 08:40:00,,,,,0
2026-08-01 08:50:00,,,,,0
2026-08-01 09:00:00,,,,,0
2026-08-01 09:10:00,,,,,0
2026-08-01 09:20:00,,,,,0
2026-08-01 09:30:00,,,,,0
2026-08-01 09:40:00,,,,,0
2026-08-01 09:50:00,,,,,0
2026-08-01 10:00:00,,,,,0
2026-08-01 10:10:00,,,,,0
2026-08-01 10:20:00,,,,,0
2026-08-01 10:30:00,,,,,0
2026-08-01 10:40:00,,,,,0
2026-08-01 10:50:00,,,,,0
2026-08-01 11:00:00,,,,,0
2026-08-01 11:10:00,,,,,0
2026-08-01 11:20:00,,,,,0
2026-08-01 11:30:00,,,,,0
2026-08-01 11:40:00,,,,,0
2026-08-01 11:50:00,,,,,0
2026-08-01 12:00:00,,,,,0
2026-08-01 12:10:00,,,,,0
2026-08-01 12:20:00,,,,,0
2026-08-01 12:30:00,,,,,0
2026-08-01 12:40:00,,,,,0
2026-08-01 12:50:00,,,,,0
2026-08-01 13:00:00,,,,,0
2026-08-01 13:10:00,,,,,0
2026-08-01 13:20:00,,,,,0
2026-08-01 13:30:00,,,,,0
2026-08-01 13:40:00,,,,,0
2026-08-01 13:50:00,,,,,0
2026-08-01 14:00:00,,,,,0
2026-08-01 14:10:00,,,,,0
2026-08-01 14:20:00,,,,,0
2026-08-01 14:30:00,,,,,0
2026-08-01 14:40:00,,,,,0
2026-08-01 14:50:00,,,,,0
2026-08-01 15:00:00,,,,,0
2026-08-01 15:10:00,,,,,0
2026-08-01 15:20:00,,,,,0
2026-08-01 15:30:00,,,,,0
2026-08-01 15:40:00,,,,,0
2026-08-01 15:50:00,,,,,0
2026-08-01 16:00:00,,,,,0
2026-08-01 16:10:00,,,,,0
2026-08-01 16:20:00,,,,,0
2026-08-01 16:30:00,,,,,0
2026-08-01 16:40:00,,,,,0
2026-08-01 16:50:00,,,,,0
2026-08-01 17:00:00,,,,,0
2026-08-01 17:10:00,,,,,0
2026-08-01 17:20:00,,,,,0
2026-08-01 17:30:00,,,,,0
2026-08-01 17:40:00,,,,,0
2026-08-01 17:50:00,,,,,0
2026-08-01 18:00:00,,,,,0
2026-08-01 18:10:00,,,,,0
2026-08-01 18:20:00,,,,,0
2026-08-01 18:30:00,,,,,0
2026-08-01 18:40:00,,,,,0
2026-08-01 18:50:00,,,,,0
2026-08-01 19:00:00,,,,,0
2026-08-01 19:10:00,,,,,0
2026-08-01 19:20:00,,,,,0
2026-08-01 19:30:00,,,,,0
2026-08-01 19:40:00,,,,,0
2026-08-01 19:50:00,,,,,0
2026-08-01 20:00:00,,,,,0
2026-08-01 20:10:00,,,,,0
2026-08-01 20:20:00,,,,,0
2026-08-01 20:30:00,,,,,0
2026-08-01 20:40:00,,,,,0
2026-08-01 20:50:00,,,,,0
2026-08-01 21:00:00,,,,,0
2026-08-01 21:10:00,,,,,0
2026-08-01 21:20:00,,,,,0
2026-08-01 21:30:00,,,,,0
2026-08-01 21:40:00,,,,,0
2026-08-01 21:50:00,,,,,0
2026-08-01 22:00:00,,,,,0
2026-08-01 22:10:00,,,,,0
2026-08-01 22:20:00,,,,,0
2026-08-01 22:30:00,,,,,0
2026-08-01 22:40:00,,,,,0
2026-08-01 22:50:00,,,,,0
2026-08-01 23:00:00,,,,,0
2026-08-01 23:10:00,,,,,0
2026-08-01 23:20:00,,,,,0
2026-08-01 23:30:00,,,,,0
2026-08-01 23:40:00,,,,,0
2026-08-01 23:50:00,,,,,0
2026-08-02 00:00:00,,,,,0
2026-08-02 00:10:00,,,,,0
2026-08-02 00:20:00,,,,,0
2026-08-02 00:30:00,,,,,0
2026-08-02 00:40:00,,,,,0
2026-08-02 00:50:00,,,,,0
2026-08-02 01:00:00,,,,,0
2026-08-02 01:10:00,,,,,0
2026-08-02 01:20:00,,,,,0
2026-08-02 01:30:00,,,,,0
2026-08-02 01:40:00,,,,,0
2026-08-02 01:50:00,,,,,0
2026-08-02 02:00:00,,,,,0
2026-08-02 02:10:00,,,,,0
2026-08-02 02:20:00,,,,,0
2026-08-02 02:30:00,,,,,0
2026-08-02 02:40:00,,,,,0
2026-08-02 02:50:00,,,,,0
2026-08-02 03:00:00,,,,,0
2026-08-02 03:10:00,,,,,0
2026-08-02 03:20:00,,,,,0
2026-08-02 03:30:00,,,,,0
2026-08-02 03:40:00,,,,,0
2026-08-02 03:50:00,,,,,0
2026-08-02 04:00:00,,,,,0
2026-08-02 04:10:00,,,,,0
2026-08-02 04:20:00,,,,,0
2026-08-02 04:30:00,,,,,0
2026-08-02 04:40:00,,,,,0
2026-08-02 04:50:00,,,,,0
2026-08-02 05:00:00,,,,,0
2026-08-02 05:10:00,,,,,0
2026-08-02 05:20:00,,,,,0
2026-08-02 05:30:00,,,,,0
2026-08-02 05:40:00,,,,,0
2026-08-02 05:50:00,,,,,0
2026-08-02 06:00:00,,,,,0
2026-08-02 06:10:00,,,,,0
2026-08-02 06:20:00,,,,,0
2026-08-02 06:30:00,,,,,0
2026-08-02 06:40:00,,,,,0
2026-08-02 06:50:00,,,,,0
2026-08-02 07:00:00,,,,,0
2026-08-02 07:10:00,,,,,0
2026-08-02 07:20:00,,,,,0
2026-08-02 07:30:00,,,,,0
2026-08-02 07:40:00,,,,,0
2026-08-02 07:50:00,,,,,0
2026-08-02 08:00:00,,,,,0
2026-08-02 08:10:00,,,,,0
2026-08-02 08:20:00,,,,,0
2026-08-02 08:30:00,,,,,0
2026-08-02 08:40:00,,,,,0
2026-08-02 08:50:00,,,,,0
2026-08-02 09:00:00,,,,,0
2026-08-02 09:10:00,,,,,0
2026-08-02 09:20:00,,,,,0
2026-08-02 09:30:00,,,,,0
2026-08-02 09:40:00,,,,,0
2026-08-02 09:50:00,,,,,0
2026-08-02 10:00:00,,,,,0
2026-08-02 10:10:00,,,,,0
2026-08-02 10:20:00,,,,,0
2026-08-02 10:30:00,,,,,0
2026-08-02 10:40:00,,,,,0
2026-08-02 10:50:00,,,,,0
2026-08-02 11:00:00,,,,,0
2026-08-02 11:10:00,,,,,0
2026-08-02 11:20:00,,,,,0
2026-08-02 11:30:00,,,,,0
2026-08-02 11:40:00,,,,,0
2026-08-02 11:50:00,,,,,0
2026-08-02 12:00:00,,,,,0
2026-08-02 12:10:00,,,,,0
2026-08-02 12:20:00,,,,,0
2026-08-02 12:30:00,,,,,0
2026-08-02 12:40:00,,,,,0
2026-08-02 12:50:00,,,,,0
2026-08-02 13:00:00,,,,,0
2026-08-02 13:10:00,,,,,0
2026-08-02 13:20:00,,,,,0
2026-08-02 13:30:00,,,,,0
2026-08-02 13:40:00,,,,,0
2026-08-02 13:50:00,,,,,0
2026-08-02 14:00:00,,,,,0
2026-08-02 14:10:00,,,,,0
2026-08-02 14:20:00,,,,,0
2026-08-02 14:30:00,,,,,0
2026-08-02 14:40:00,,,,,0
2026-08-02 14:50:00,,,,,0
2026-08-02 15:00:00,,,,,0
2026-08-02 15:10:00,,,,,0
2026-08-02 15:20:00,,,,,0
2026-08-02 15:30:00,,,,,0
2026-08-02 15:40:00,,,,,0
2026-08-02 15:50:00,,,,,0
2026-08-02 16:00:00,,,,,0
2026-08-02 16:10:00,,,,,0
2026-08-02 16:20:00,,,,,0
2026-08-02 16:30:00,,,,,0
2026-08-02 16:40:00,,,,,0
2026-08-02 16:50:00,,,,,0
2026-08-02 17:00:00,,,,,0
2026-08-02 17:10:00,,,,,0
2026-08-02 17:20:00,,,,,0
2026-08-02 17:30:00,,,,,0
2026-08-02 17:40:00,,,,,0
2026-08-02 17:50:00,,,,,0
2026-08-02 18:00:00,,,,,0
2026-08-02 18:10:00,,,,,0
2026-08-02 18:20:00,,,,,0
2026-08-02 18:30:00,,,,,0
2026-08-02 18:40:00,,,,,0
2026-08-02 18:50:00,,,,,0
2026-08-02 19:00:00,,,,,0
2026-08-02 19:10:00,,,,,0
2026-08-02 19:20:00,,,,,0
2026-08-02 19:30:00,,,,,0
2026-08-02 19:40:00,,,,,0
2026-08-02 19:50:00,,,,,0
2026-08-02 20:00:00,,,,,0
2026-08-02 20:10:00,,,,,0
2026-08-02 20:20:00,,,,,0
2026-08-02 20:30:00,,,,,0
2026-08-02 20:40:00,,,,,0
2026-08-02 20:50:00,,,,,0
2026-08-02 21:00:00,,,,,0
2026-08-02 21:10:00,,,,,0
2026-08-02 21:20:00,,,,,0
2026-08-02 21:30:00,,,,,0
2026-08-02 21:40:00,,,,,0
2026-08-02 21:50:00,,,,,0
2026-08-02 22:00:00,,,,,0
2026-08-02 22:10:00,,,,,0
2026-08-02 22:20:00,,,,,0
2026-08-02 22:30:00,,,,,0
2026-08-02 22:40:00,,,,,0
2026-08-02 22:50:00,,,,,0
2026-08-02 23:00:00,,,,,0
2026-08-02 23:10:00,,,,,0
2026-08-02 23:20:00,,,,,0
2026-08-02 23:30:00,,,,,0
2026-08-02 23:40:00,,,,,0
2026-08-02 23:50:00,,,,,0
2026-08-03 00:00:00,,,,,0
2026-08-03 00:10:00,,,,,0
2026-08-03 00:20:00,,,,,0
2026-08-03 00:30:00,,,,,0
2026-08-03 00:40:00,,,,,0
2026-08-03 00:50:00,,,,,0
2026-08-03 01:00:00,,,,,0
2026-08-03 01:10:00,,,,,0
2026-08-03 01:20:00,,,,,0
2026-08-03 01:30:00,,,,,0
2026-08-03 01:40:00,,,,,0
2026-08-03 01:50:00,,,,,0
2026-08-03 02:00:00,,,,,0
2026-08-03 02:10:00,,,,,0
2026-08-03 02:20:00,,,,,0
2026-08-03 02:30:00,,,,,0
2026-08-03 02:40:00,,,,,0
2026-08-03 02:50:00,,,,,0
2026-08-03 03:00:00,,,,,0
2026-08-03 03:10:00,,,,,0
2026-08-03 03:20:00,,,,,0
2026-08-03 03:30:00,,,,,0
2026-08-03 03:40:00,4131.10009765625,4135.7998046875,4124.0,4125.2998046875,844
2026-08-03 03:50:00,4125.89990234375,4126.7001953125,4120.39990234375,4122.7001953125,571
2026-08-03 04:00:00,4122.7001953125,4124.89990234375,4120.5,4122.10009765625,507
2026-08-03 04:10:00,4122.0,4124.2998046875,4120.7001953125,4120.89990234375,363
2026-08-03 04:20:00,4121.39990234375,4122.2998046875,4119.5,4119.89990234375,247
2026-08-03 04:30:00,4120.0,4121.89990234375,4119.39990234375,4120.7001953125,303
2026-08-03 04:40:00,4120.0,4127.7001953125,4119.0,4127.39990234375,356
2026-08-03 04:50:00,4127.7998046875,4128.39990234375,4123.5,4127.89990234375,173
2026-08-03 05:00:00,4127.7998046875,4128.2001953125,4125.39990234375,4125.5,94
2026-08-03 05:10:00,4125.39990234375,4128.2001953125,4123.7001953125,4124.7998046875,330
2026-08-03 05:20:00,4124.39990234375,4130.5,4124.0,4130.39990234375,381
2026-08-03 05:30:00,4130.5,4134.7001953125,4128.39990234375,4128.39990234375,617
2026-08-03 05:40:00,4128.7998046875,4129.10009765625,4125.5,4125.89990234375,200
2026-08-03 05:50:00,4125.89990234375,4125.89990234375,4117.0,4119.60009765625,716
2026-08-03 06:00:00,4119.7998046875,4125.39990234375,4114.89990234375,4115.5,660
2026-08-03 06:10:00,4115.2001953125,4116.7001953125,4111.7998046875,4114.10009765625,714
2026-08-03 06:20:00,4113.39990234375,4116.39990234375,4111.10009765625,4112.7998046875,411
2026-08-03 06:30:00,4112.89990234375,4119.0,4107.39990234375,4115.0,1046
2026-08-03 06:40:00,4115.60009765625,4116.10009765625,4102.7001953125,4104.2998046875,859
2026-08-03 06:50:00,4104.7001953125,4110.39990234375,4104.7001953125,4108.2001953125,423
2026-08-03 07:00:00,4108.39990234375,4112.7998046875,4105.5,4108.60009765625,595
2026-08-03 07:10:00,4108.89990234375,4110.89990234375,4103.0,4109.2001953125,480
2026-08-03 07:20:00,4108.7998046875,4113.39990234375,4105.7001953125,4112.7001953125,599
2026-08-03 07:30:00,4112.7001953125,4116.7001953125,4111.7998046875,4111.89990234375,428
2026-08-03 07:40:00,4112.0,4116.39990234375,4107.7998046875,4116.0,411
2026-08-03 07:50:00,4116.5,4116.5,4110.2998046875,4113.60009765625,370
2026-08-03 08:00:00,4113.89990234375,4114.89990234375,4108.0,4113.60009765625,495
2026-08-03 08:10:00,4114.39990234375,4122.2998046875,4113.0,4118.7998046875,698
2026-08-03 08:20:00,4119.2998046875,4120.7001953125,4116.10009765625,4117.7998046875,332
2026-08-03 08:30:00,4117.60009765625,4120.89990234375,4116.2001953125,4119.7001953125,289
2026-08-03 08:40:00,4120.0,4122.89990234375,4118.2998046875,4122.60009765625,350
2026-08-03 08:50:00,4123.2001953125,4123.2001953125,4116.89990234375,4119.0,580
2026-08-03 09:00:00,4119.2998046875,4120.2998046875,4116.39990234375,4118.2998046875,194
2026-08-03 09:10:00,4118.60009765625,4118.7001953125,4114.2001953125,4116.2998046875,216
2026-08-03 09:20:00,4116.89990234375,4122.10009765625,4116.89990234375,4120.0,207
2026-08-03 09:30:00,4120.39990234375,4123.39990234375,4119.39990234375,4120.5,371
2026-08-03 09:40:00,4120.7998046875,4125.2998046875,4120.7001953125,4124.7998046875,502
2026-08-03 09:50:00,4124.5,4126.2001953125,4123.0,4123.60009765625,213
2026-08-03 10:00:00,4123.5,4126.5,4123.5,4125.39990234375,182
2026-08-03 10:10:00,4125.10009765625,4127.2001953125,4124.2001953125,4126.2998046875,159
2026-08-03 10:20:00,4126.5,4127.10009765625,4119.2001953125,4119.2001953125,276
2026-08-03 10:30:00,4119.0,4120.39990234375,4116.0,4116.39990234375,397
2026-08-03 10:40:00,4116.0,4116.0,4109.10009765625,4111.60009765625,414
2026-08-03 10:50:00,4111.7001953125,4117.89990234375,4111.2998046875,4115.5,340
2026-08-03 11:00:00,4115.2998046875,4115.7001953125,4110.2998046875,4112.2998046875,422
2026-08-03 11:10:00,4112.2998046875,4119.7001953125,4111.2998046875,4115.39990234375,715
2026-08-03 11:20:00,4114.89990234375,4125.2001953125,4114.89990234375,4124.2001953125,542
2026-08-03 11:30:00,4124.2998046875,4126.39990234375,4121.7998046875,4122.89990234375,885
2026-08-03 11:40:00,4123.2001953125,4125.2001953125,4120.89990234375,4124.7998046875,257
2026-08-03 11:50:00,4124.7001953125,4127.2998046875,4121.5,4123.60009765625,655
2026-08-03 12:00:00,4123.5,4124.10009765625,4115.7001953125,4121.39990234375,955
2026-08-03 12:10:00,4121.39990234375,4122.2001953125,4118.60009765625,4118.7998046875,347
2026-08-03 12:20:00,4118.39990234375,4121.5,4117.7998046875,4118.89990234375,343
2026-08-03 12:30:00,4119.0,4120.5,4114.7998046875,4118.2998046875,497
2026-08-03 12:40:00,4117.89990234375,4119.7001953125,4108.39990234375,4110.2001953125,910
2026-08-03 12:50:00,4110.10009765625,4114.5,4107.2998046875,4114.2001953125,854
2026-08-03 13:00:00,4113.89990234375,4116.7998046875,4112.0,4115.2001953125,334
2026-08-03 13:10:00,4114.7998046875,4116.60009765625,4113.60009765625,4114.7001953125,330
2026-08-03 13:20:00,4114.7998046875,4119.0,4114.2001953125,4117.10009765625,482
2026-08-03 13:30:00,4117.0,4117.39990234375,4114.2001953125,4116.5,303
2026-08-03 13:40:00,4116.0,4118.0,4112.5,4113.60009765625,257
2026-08-03 13:50:00,4113.5,4115.7001953125,4110.0,4111.2998046875,397
2026-08-03 14:00:00,4111.2998046875,4116.10009765625,4110.39990234375,4115.39990234375,615
2026-08-03 14:10:00,4115.2998046875,4115.7001953125,4113.39990234375,4115.60009765625,218
2026-08-03 14:20:00,4115.2001953125,4116.7001953125,4113.5,4115.0,302
2026-08-03 14:30:00,4115.2998046875,4116.0,4112.7998046875,4115.10009765625,340
2026-08-03 14:40:00,4115.60009765625,4117.7001953125,4113.7998046875,4114.89990234375,231
2026-08-03 14:50:00,4114.2998046875,4114.60009765625,4108.0,4108.39990234375,605
2026-08-03 15:00:00,4108.5,4109.10009765625,4102.2998046875,4108.7001953125,2097
2026-08-03 15:10:00,4108.7001953125,4113.0,4107.7998046875,4112.10009765625,913
2026-08-03 15:20:00,4112.2001953125,4114.39990234375,4110.7998046875,4111.60009765625,420
2026-08-03 15:30:00,4111.60009765625,4113.0,4109.39990234375,4110.2001953125,300
2026-08-03 15:40:00,4110.60009765625,4113.60009765625,4110.2998046875,4111.2001953125,203
2026-08-03 15:50:00,4111.39990234375,4111.60009765625,4108.2998046875,4110.0,295
2026-08-03 16:00:00,4110.0,4110.10009765625,4106.2998046875,4108.5,360
2026-08-03 16:10:00,4108.60009765625,4108.60009765625,4104.7001953125,4104.89990234375,435
2026-08-03 16:20:00,4104.89990234375,4105.7001953125,4101.89990234375,4105.39990234375,400
2026-08-03 16:30:00,4105.7001953125,4109.2001953125,4103.2001953125,4106.60009765625,476
2026-08-03 16:40:00,4106.7998046875,4106.89990234375,4103.2001953125,4104.0,212
2026-08-03 16:50:00,4104.10009765625,4106.39990234375,4101.7001953125,4104.7001953125,311
2026-08-03 17:00:00,4104.5,4108.2001953125,4104.0,4107.7998046875,467
2026-08-03 17:10:00,4107.5,4117.5,4107.39990234375,4117.5,715
2026-08-03 17:20:00,4117.2998046875,4119.39990234375,4115.60009765625,4118.89990234375,798
2026-08-03 17:30:00,4119.0,4121.10009765625,4114.7001953125,4116.2001953125,765
2026-08-03 17:40:00,4116.0,4116.39990234375,4107.0,4107.5,676
2026-08-03 17:50:00,4107.0,4110.0,4104.60009765625,4107.0,1231
2026-08-03 18:00:00,4107.2001953125,4109.0,4101.7998046875,4103.39990234375,947
2026-08-03 18:10:00,4103.5,4103.60009765625,4098.10009765625,4099.7001953125,1046
2026-08-03 18:20:00,4099.7001953125,4104.7001953125,4099.0,4103.39990234375,534
2026-08-03 18:30:00,4103.60009765625,4109.7998046875,4096.39990234375,4099.5,1969
2026-08-03 18:40:00,4099.5,4100.39990234375,4090.199951171875,4091.699951171875,2481
2026-08-03 18:50:00,4091.699951171875,4092.699951171875,4086.5,4089.5,1789
2026-08-03 19:00:00,4089.60009765625,4091.0,4074.0,4081.5,4295
2026-08-03 19:10:00,4081.199951171875,4090.39990234375,4079.5,4084.60009765625,2578
2026-08-03 19:20:00,4084.199951171875,4088.89990234375,4083.300048828125,4087.199951171875,1394
2026-08-03 19:30:00,4086.60009765625,4091.39990234375,4082.300048828125,4082.5,2284
2026-08-03 19:40:00,4082.5,4090.10009765625,4081.60009765625,4086.60009765625,1673
2026-08-03 19:50:00,4086.300048828125,4091.39990234375,4085.0,4087.60009765625,1266
2026-08-03 20:00:00,4087.60009765625,4093.10009765625,4087.10009765625,4088.5,1064
2026-08-03 20:10:00,4088.300048828125,4093.39990234375,4087.300048828125,4091.0,864
2026-08-03 20:20:00,4090.89990234375,4094.89990234375,4089.0,4091.60009765625,1282
2026-08-03 20:30:00,4091.699951171875,4092.39990234375,4085.5,4089.800048828125,1143
2026-08-03 20:40:00,4089.89990234375,4092.800048828125,4087.39990234375,4091.800048828125,628
2026-08-03 20:50:00,4092.0,4093.60009765625,4085.800048828125,4087.89990234375,1255
2026-08-03 21:00:00,4088.0,4092.39990234375,4086.10009765625,4092.0,895
2026-08-03 21:10:00,4092.300048828125,4096.39990234375,4091.800048828125,4093.199951171875,1139
2026-08-03 21:20:00,4092.89990234375,4095.5,4091.0,4091.60009765625,594
2026-08-03 21:30:00,4091.60009765625,4092.89990234375,4089.89990234375,4090.699951171875,507
2026-08-03 21:40:00,4090.699951171875,4093.0,4090.5,4091.199951171875,509
2026-08-03 21:50:00,4091.5,4094.10009765625,4090.300048828125,4092.5,467
2026-08-03 22:00:00,4092.5,4094.39990234375,4091.199951171875,4092.300048828125,441
2026-08-03 22:10:00,4092.5,4094.800048828125,4092.5,4093.0,403
2026-08-03 22:20:00,4092.800048828125,4093.60009765625,4091.300048828125,4092.39990234375,422
2026-08-03 22:30:00,4092.699951171875,4093.199951171875,4088.699951171875,4090.39990234375,409
2026-08-03 22:40:00,4090.300048828125,4093.5,4089.300048828125,4091.89990234375,542
2026-08-03 22:50:00,4092.199951171875,4092.199951171875,4089.39990234375,4090.0,1365
2026-08-03 23:00:00,4090.10009765625,4092.699951171875,4089.699951171875,4092.10009765625,496
2026-08-03 23:10:00,4092.199951171875,4092.300048828125,4089.89990234375,4090.0,369
2026-08-03 23:20:00,4089.89990234375,4090.0,4085.89990234375,4086.39990234375,583
2026-08-03 23:30:00,4086.39990234375,4092.60009765625,4085.39990234375,4092.300048828125,703
2026-08-03 23:40:00,4092.5,4094.89990234375,4090.5,4093.39990234375,960
2026-08-03 23:50:00,4093.60009765625,4094.5,4092.10009765625,4093.89990234375,441
2026-08-04 00:00:00,4093.699951171875,4094.39990234375,4092.39990234375,4093.60009765625,273
2026-08-04 00:10:00,4093.60009765625,4098.7001953125,4093.300048828125,4098.5,646
2026-08-04 00:20:00,4098.2001953125,4101.0,4097.7998046875,4099.60009765625,542
2026-08-04 00:30:00,4099.5,4105.5,4099.5,4102.0,1109
2026-08-04 00:40:00,4101.7998046875,4104.89990234375,4101.2001953125,4103.7001953125,445
2026-08-04 00:50:00,4104.0,4110.2001953125,4104.0,4108.7998046875,823
2026-08-04 01:00:00,4108.89990234375,4111.5,4107.7001953125,4110.0,681
2026-08-04 01:10:00,4109.89990234375,4111.60009765625,4108.60009765625,4110.60009765625,363
2026-08-04 01:20:00,4110.89990234375,4112.0,4107.7001953125,4108.2001953125,932
2026-08-04 01:30:00,4108.2998046875,4108.39990234375,4106.2001953125,4107.5,322
2026-08-04 01:40:00,4107.7001953125,4108.89990234375,4106.60009765625,4107.5,109
2026-08-04 01:50:00,4107.7998046875,4111.89990234375,4107.2998046875,4110.2001953125,267
2026-08-04 02:00:00,4110.60009765625,4115.0,4110.0,4113.60009765625,326
2026-08-04 02:10:00,4113.39990234375,4113.60009765625,4112.2001953125,4112.60009765625,331
2026-08-04 02:20:00,4112.7001953125,4113.5,4110.60009765625,4110.89990234375,392
2026-08-04 02:30:00,,,,,0
2026-08-04 02:40:00,,,,,0
2026-08-04 02:50:00,,,,,0
2026-08-04 03:00:00,,,,,0
2026-08-04 03:10:00,,,,,0
2026-08-04 03:20:00,,,,,0
2026-08-04 03:30:00,4109.60009765625,4110.2998046875,4104.60009765625,4106.0,215
2026-08-04 03:40:00,4106.10009765625,4107.7001953125,4105.60009765625,4106.7001953125,79
2026-08-04 03:50:00,4106.2998046875,4108.2001953125,4106.2998046875,4107.5,69
2026-08-04 04:00:00,4107.7998046875,4109.2001953125,4107.0,4108.7998046875,99
2026-08-04 04:10:00,4108.60009765625,4108.89990234375,4107.7001953125,4107.7998046875,70
2026-08-04 04:20:00,4107.60009765625,4109.60009765625,4106.7998046875,4108.60009765625,167
2026-08-04 04:30:00,4108.60009765625,4110.7998046875,4107.10009765625,4107.7998046875,495
2026-08-04 04:40:00,4107.60009765625,4108.39990234375,4105.5,4108.2001953125,312
2026-08-04 04:50:00,4108.2001953125,4110.60009765625,4106.60009765625,4107.2998046875,536
2026-08-04 05:00:00,4107.39990234375,4108.5,4106.60009765625,4108.0,59
2026-08-04 05:10:00,4107.39990234375,4109.60009765625,4107.10009765625,4107.5,219
2026-08-04 05:20:00,4107.5,4109.2998046875,4107.0,4109.2998046875,251
2026-08-04 05:30:00,4109.2001953125,4123.0,4108.7001953125,4122.7001953125,1097
2026-08-04 05:40:00,4123.2001953125,4125.10009765625,4117.60009765625,4118.2998046875,578
2026-08-04 05:50:00,4118.0,4119.10009765625,4113.7001953125,4114.60009765625,290
2026-08-04 06:00:00,4114.89990234375,4116.2998046875,4112.39990234375,4114.0,288
2026-08-04 06:10:00,4114.0,4114.0,4110.60009765625,4112.7001953125,422
2026-08-04 06:20:00,4112.2998046875,4113.7998046875,4104.10009765625,4104.89990234375,798
2026-08-04 06:30:00,4104.7998046875,4106.2001953125,4098.2001953125,4100.0,1139
2026-08-04 06:40:00,4100.2001953125,4106.39990234375,4098.5,4105.89990234375,411
2026-08-04 06:50:00,4105.5,4108.0,4103.2998046875,4104.7001953125,486
2026-08-04 07:00:00,4105.0,4111.2001953125,4104.0,4108.10009765625,503
2026-08-04 07:10:00,4108.0,4116.39990234375,4107.89990234375,4113.60009765625,697
2026-08-04 07:20:00,4112.89990234375,4117.60009765625,4112.60009765625,4114.7998046875,354
2026-08-04 07:30:00,4114.7998046875,4116.7998046875,4111.10009765625,4112.60009765625,347
2026-08-04 07:40:00,4112.2998046875,4115.0,4111.39990234375,4114.60009765625,173
2026-08-04 07:50:00,4114.2998046875,4115.39990234375,4111.2998046875,4112.2001953125,354
2026-08-04 08:00:00,4112.2001953125,4120.60009765625,4111.10009765625,4119.2001953125,608
2026-08-04 08:10:00,4119.39990234375,4119.5,4115.89990234375,4116.39990234375,319
2026-08-04 08:20:00,4116.2998046875,4117.39990234375,4113.7001953125,4114.60009765625,217
2026-08-04 08:30:00,4114.2998046875,4116.2998046875,4112.0,4113.7001953125,195
2026-08-04 08:40:00,4114.0,4116.60009765625,4113.0,4115.60009765625,229
2026-08-04 08:50:00,4115.89990234375,4117.5,4113.39990234375,4113.7001953125,300
2026-08-04 09:00:00,4113.5,4114.2001953125,4111.10009765625,4111.5,399
2026-08-04 09:10:00,4111.60009765625,4111.60009765625,4107.60009765625,4109.2001953125,410
2026-08-04 09:20:00,4109.5,4110.7998046875,4108.0,4108.2001953125,218
2026-08-04 09:30:00,4107.39990234375,4109.2998046875,4106.39990234375,4109.2001953125,399
2026-08-04 09:40:00,4109.7998046875,4114.7998046875,4109.2998046875,4112.2998046875,770
2026-08-04 09:50:00,4112.10009765625,4117.0,4111.2998046875,4116.7001953125,428
2026-08-04 10:00:00,4116.7998046875,4119.7001953125,4116.0,4118.60009765625,512
2026-08-04 10:10:00,4118.7001953125,4121.89990234375,4117.60009765625,4120.39990234375,417
2026-08-04 10:20:00,4120.60009765625,4121.2001953125,4118.2998046875,4119.2998046875,446
2026-08-04 10:30:00,4119.2001953125,4120.39990234375,4115.89990234375,4116.2001953125,377
2026-08-04 10:40:00,4116.10009765625,4117.39990234375,4112.7001953125,4117.39990234375,393
2026-08-04 10:50:00,4117.39990234375,4119.7001953125,4116.7998046875,4119.2998046875,276
2026-08-04 11:00:00,4119.5,4123.7001953125,4115.5,4116.89990234375,891
2026-08-04 11:10:00,4116.2001953125,4120.10009765625,4115.0,4117.10009765625,530
2026-08-04 11:20:00,4116.89990234375,4119.10009765625,4114.10009765625,4117.2998046875,660
2026-08-04 11:30:00,4117.89990234375,4122.10009765625,4117.7998046875,4119.60009765625,517
2026-08-04 11:40:00,4120.2998046875,4121.39990234375,4117.5,4118.2001953125,229
2026-08-04 11:50:00,4117.89990234375,4120.7998046875,4115.2001953125,4115.60009765625,387
2026-08-04 12:00:00,4115.60009765625,4115.60009765625,4111.39990234375,4112.7001953125,522
2026-08-04 12:10:00,4112.7001953125,4118.5,4112.7001953125,4117.7001953125,441
2026-08-04 12:20:00,4117.7001953125,4119.7001953125,4114.7001953125,4119.2998046875,380
2026-08-04 12:30:00,4119.5,4121.7998046875,4118.0,4120.39990234375,654
2026-08-04 12:40:00,4120.2998046875,4121.5,4116.60009765625,4119.5,578
2026-08-04 12:50:00,4119.5,4121.7998046875,4118.60009765625,4119.0,392
2026-08-04 13:00:00,4119.0,4122.89990234375,4117.5,4119.10009765625,787
2026-08-04 13:10:00,4119.2998046875,4121.0,4118.2001953125,4120.2001953125,203
2026-08-04 13:20:00,4119.89990234375,4122.39990234375,4119.89990234375,4121.7998046875,312
2026-08-04 13:30:00,4121.89990234375,4129.60009765625,4120.7001953125,4126.0,1752
2026-08-04 13:40:00,4125.2998046875,4127.2998046875,4122.7001953125,4123.2001953125,560
2026-08-04 13:50:00,4123.10009765625,4123.5,4116.2998046875,4119.5,526
2026-08-04 14:00:00,4119.2001953125,4120.5,4114.5,4115.10009765625,617
2026-08-04 14:10:00,4115.10009765625,4116.0,4111.60009765625,4112.10009765625,433
2026-08-04 14:20:00,4112.0,4113.2998046875,4110.10009765625,4110.7998046875,305
2026-08-04 14:30:00,4110.5,4111.2001953125,4106.2998046875,4107.0,524
2026-08-04 14:40:00,4106.60009765625,4107.7998046875,4104.10009765625,4106.39990234375,545
2026-08-04 14:50:00,4106.39990234375,4107.7998046875,4104.7001953125,4105.89990234375,648
2026-08-04 15:00:00,4106.2001953125,4107.2001953125,4102.0,4103.39990234375,843
2026-08-04 15:10:00,4103.5,4106.89990234375,4103.5,4106.10009765625,555
2026-08-04 15:20:00,4105.60009765625,4106.10009765625,4103.0,4105.10009765625,190
2026-08-04 15:30:00,4105.7001953125,4106.0,4102.89990234375,4103.2001953125,188
2026-08-04 15:40:00,4102.7998046875,4105.60009765625,4101.39990234375,4103.7998046875,454
2026-08-04 15:50:00,4103.7001953125,4105.5,4103.0,4104.60009765625,172
2026-08-04 16:00:00,4105.0,4107.2001953125,4104.60009765625,4104.60009765625,214
2026-08-04 16:10:00,4104.7001953125,4116.39990234375,4102.0,4114.2998046875,1822
2026-08-04 16:20:00,4113.7001953125,4114.0,4108.89990234375,4109.7998046875,330
2026-08-04 16:30:00,4109.39990234375,4111.5,4108.10009765625,4111.10009765625,340
2026-08-04 16:40:00,4110.7001953125,4114.89990234375,4109.7998046875,4111.7998046875,449
2026-08-04 16:50:00,4111.60009765625,4117.2001953125,4111.39990234375,4117.10009765625,394
2026-08-04 17:00:00,4117.2001953125,4121.5,4116.10009765625,4120.0,1215
2026-08-04 17:10:00,4119.7998046875,4137.60009765625,4116.10009765625,4133.60009765625,3669
2026-08-04 17:20:00,4133.5,4141.7998046875,4126.2001953125,4132.10009765625,3015
2026-08-04 17:30:00,4132.2998046875,4133.2001953125,4119.10009765625,4120.5,1952
2026-08-04 17:40:00,4119.7998046875,4122.5,4117.60009765625,4122.39990234375,1128
2026-08-04 17:50:00,4122.39990234375,4126.89990234375,4122.0,4124.7998046875,1301
2026-08-04 18:00:00,4125.0,4140.7998046875,4125.0,4139.2998046875,2402
2026-08-04 18:10:00,4139.10009765625,4141.5,4132.5,4133.0,1798
2026-08-04 18:20:00,4133.10009765625,4134.7998046875,4126.39990234375,4127.7998046875,1217
2026-08-04 18:30:00,4128.10009765625,4128.7001953125,4117.2001953125,4121.2001953125,2324
2026-08-04 18:40:00,4121.2001953125,4123.2001953125,4118.7001953125,4120.2001953125,761
2026-08-04 18:50:00,4120.2001953125,4147.89990234375,4120.2001953125,4135.39990234375,5656
2026-08-04 19:00:00,4135.60009765625,4145.89990234375,4132.7998046875,4145.2001953125,3589
2026-08-04 19:10:00,4145.2001953125,4151.0,4138.60009765625,4149.7998046875,3976
2026-08-04 19:20:00,4149.60009765625,4151.5,4140.39990234375,4140.7001953125,1745
2026-08-04 19:30:00,4140.7001953125,4148.2001953125,4140.2001953125,4147.10009765625,1781
2026-08-04 19:40:00,4147.0,4149.2998046875,4139.2001953125,4140.2998046875,1278
2026-08-04 19:50:00,4140.60009765625,4143.5,4137.2998046875,4140.39990234375,1768
2026-08-04 20:00:00,4140.60009765625,4143.7001953125,4131.2998046875,4136.0,3432
2026-08-04 20:10:00,4135.60009765625,4138.2998046875,4133.7001953125,4137.60009765625,1416
2026-08-04 20:20:00,4137.2001953125,4141.89990234375,4137.0,4140.39990234375,829
2026-08-04 20:30:00,4140.5,4142.10009765625,4136.5,4142.0,684
2026-08-04 20:40:00,4141.7998046875,4142.39990234375,4132.60009765625,4133.39990234375,1059
2026-08-04 20:50:00,4133.39990234375,4135.10009765625,4131.0,4135.0,1012
2026-08-04 21:00:00,4134.39990234375,4143.7001953125,4133.0,4140.39990234375,1574
2026-08-04 21:10:00,4140.10009765625,4144.2998046875,4139.7001953125,4139.89990234375,793
2026-08-04 21:20:00,4140.2001953125,4145.7998046875,4140.2001953125,4144.2001953125,1316
2026-08-04 21:30:00,4144.39990234375,4145.7001953125,4141.2998046875,4143.7998046875,1078
2026-08-04 21:40:00,4143.39990234375,4144.10009765625,4139.7001953125,4140.2001953125,843
2026-08-04 21:50:00,4140.7001953125,4147.0,4140.5,4144.7001953125,965
2026-08-04 22:00:00,4144.60009765625,4145.7998046875,4141.60009765625,4142.7001953125,747
2026-08-04 22:10:00,4142.60009765625,4150.7001953125,4142.2001953125,4149.7998046875,1132
2026-08-04 22:20:00,4149.7001953125,4150.7001953125,4147.2001953125,4150.39990234375,884
2026-08-04 22:30:00,4150.2001953125,4163.7998046875,4149.39990234375,4157.10009765625,3113
2026-08-04 22:40:00,4157.0,4158.89990234375,4154.0,4154.7001953125,1186
2026-08-04 22:50:00,4154.89990234375,4157.89990234375,4151.10009765625,4151.89990234375,2506
2026-08-04 23:00:00,4151.7998046875,4152.89990234375,4148.7998046875,4152.0,805
2026-08-04 23:10:00,4152.0,4153.5,4150.60009765625,4150.7001953125,354
2026-08-04 23:20:00,4150.7998046875,4151.2001953125,4143.0,4143.10009765625,1433
2026-08-04 23:30:00,4142.7998046875,4145.7998046875,4141.7001953125,4144.5,770
2026-08-04 23:40:00,4145.0,4145.7001953125,4142.7001953125,4143.5,333
2026-08-04 23:50:00,4143.39990234375,4146.0,4141.2001953125,4141.39990234375,643
2026-08-05 00:00:00,4141.60009765625,4142.7001953125,4135.10009765625,4135.7001953125,960
2026-08-05 00:10:00,4135.89990234375,4137.10009765625,4132.10009765625,4136.7001953125,1103
2026-08-05 00:20:00,4136.7001953125,4138.10009765625,4135.5,4136.7998046875,367
2026-08-05 00:30:00,4136.60009765625,4141.0,4135.7001953125,4141.0,457
2026-08-05 00:40:00,4140.7998046875,4141.89990234375,4138.39990234375,4141.2998046875,1114
2026-08-05 00:50:00,4141.2001953125,4141.39990234375,4136.0,4137.2998046875,572
2026-08-05 01:00:00,4137.2001953125,4138.10009765625,4136.0,4137.7998046875,211
2026-08-05 01:10:00,4137.7001953125,4139.60009765625,4136.39990234375,4137.2998046875,223
2026-08-05 01:20:00,4137.39990234375,4137.60009765625,4133.2998046875,4135.2998046875,521
2026-08-05 01:30:00,4135.60009765625,4137.0,4135.10009765625,4136.7001953125,196
2026-08-05 01:40:00,4136.89990234375,4137.2998046875,4131.7998046875,4132.60009765625,302
2026-08-05 01:50:00,4132.5,4133.39990234375,4131.39990234375,4132.2001953125,170
2026-08-05 02:00:00,4132.10009765625,4134.7001953125,4132.0,4133.89990234375,102
2026-08-05 02:10:00,4134.2001953125,4135.7001953125,4132.7001953125,4133.39990234375,121
2026-08-05 02:20:00,4133.5,4135.2001953125,4133.2998046875,4134.2001953125,158
2026-08-05 02:30:00,,,,,0
2026-08-05 02:40:00,,,,,0
2026-08-05 02:50:00,,,,,0
2026-08-05 03:00:00,,,,,0
2026-08-05 03:10:00,,,,,0
2026-08-05 03:20:00,,,,,0
2026-08-05 03:30:00,4133.7998046875,4135.5,4133.0,4133.2001953125,48
2026-08-05 03:40:00,4133.60009765625,4134.10009765625,4132.10009765625,4133.7998046875,422
2026-08-05 03:50:00,4133.2998046875,4136.10009765625,4132.2001953125,4135.60009765625,527
2026-08-05 04:00:00,4136.0,4140.89990234375,4135.2998046875,4140.7001953125,508
2026-08-05 04:10:00,4140.5,4142.10009765625,4137.60009765625,4139.2998046875,803
2026-08-05 04:20:00,4139.2998046875,4140.60009765625,4132.39990234375,4132.5,550
2026-08-05 04:30:00,4132.7998046875,4134.0,4125.5,4128.60009765625,1161
2026-08-05 04:40:00,4128.89990234375,4131.39990234375,4126.2998046875,4128.7998046875,593
2026-08-05 04:50:00,4128.89990234375,4129.0,4121.60009765625,4123.7001953125,745
2026-08-05 05:00:00,4123.2001953125,4126.2001953125,4122.10009765625,4125.5,291
2026-08-05 05:10:00,4125.5,4127.7001953125,4124.39990234375,4127.7001953125,197
2026-08-05 05:20:00,4127.7998046875,4129.5,4127.2998046875,4128.7001953125,211
2026-08-05 05:30:00,4128.60009765625,4130.10009765625,4126.2998046875,4128.2998046875,269
2026-08-05 05:40:00,4128.5,4131.60009765625,4127.39990234375,4131.10009765625,195
2026-08-05 05:50:00,4131.39990234375,4134.89990234375,4129.89990234375,4134.60009765625,263
2026-08-05 06:00:00,4134.89990234375,4139.10009765625,4134.5,4136.60009765625,433
2026-08-05 06:10:00,4137.0,4137.39990234375,4133.5,4134.7001953125,208
2026-08-05 06:20:00,4134.89990234375,4139.2998046875,4134.89990234375,4138.2001953125,226
2026-08-05 06:30:00,4138.5,4141.5,4133.39990234375,4137.7001953125,609
2026-08-05 06:40:00,4137.60009765625,4144.7001953125,4137.60009765625,4143.60009765625,715
2026-08-05 06:50:00,4143.39990234375,4144.0,4138.2001953125,4139.7998046875,365
2026-08-05 07:00:00,4140.5,4145.89990234375,4135.7001953125,4145.89990234375,435
2026-08-05 07:10:00,4145.39990234375,4150.60009765625,4145.39990234375,4149.89990234375,532
2026-08-05 07:20:00,4149.89990234375,4158.5,4148.7001953125,4157.2001953125,685
2026-08-05 07:30:00,4157.2001953125,4158.89990234375,4152.2001953125,4153.5,742
2026-08-05 07:40:00,4153.2998046875,4157.10009765625,4151.7998046875,4154.7001953125,823
2026-08-05 07:50:00,4154.89990234375,4165.0,4154.60009765625,4160.10009765625,1348
2026-08-05 08:00:00,4160.5,4180.5,4158.2001953125,4177.89990234375,2871
2026-08-05 08:10:00,4177.5,4188.5,4177.2001953125,4187.7998046875,2763
2026-08-05 08:20:00,4187.10009765625,4192.60009765625,4181.2001953125,4186.2001953125,2049
2026-08-05 08:30:00,4186.5,4192.7001953125,4184.2998046875,4190.10009765625,1079
2026-08-05 08:40:00,4190.2001953125,4193.7998046875,4187.7001953125,4188.5,814
2026-08-05 08:50:00,4188.39990234375,4190.10009765625,4187.10009765625,4187.7001953125,579
2026-08-05 09:00:00,4187.7998046875,4188.2998046875,4185.0,4185.2998046875,570
2026-08-05 09:10:00,4185.2001953125,4187.7998046875,4185.0,4185.0,464
2026-08-05 09:20:00,4185.0,4187.10009765625,4185.0,4186.60009765625,191
2026-08-05 09:30:00,4186.10009765625,4198.0,4186.0,4197.2001953125,1525
2026-08-05 09:40:00,4197.0,4199.5,4195.39990234375,4198.2998046875,1138
2026-08-05 09:50:00,4198.60009765625,4198.7001953125,4195.7001953125,4196.5,613
2026-08-05 10:00:00,4196.5,4196.5,4191.0,4192.5,704
2026-08-05 10:10:00,4192.5,4194.2001953125,4189.89990234375,4190.60009765625,535
2026-08-05 10:20:00,4190.7998046875,4194.0,4190.2998046875,4193.39990234375,655
2026-08-05 10:30:00,4193.2998046875,4196.2001953125,4192.7001953125,4193.89990234375,615
2026-08-05 10:40:00,4194.10009765625,4196.2998046875,4193.5,4195.39990234375,397
2026-08-05 10:50:00,4195.2001953125,4200.39990234375,4195.10009765625,4197.89990234375,1031
2026-08-05 11:00:00,4198.0,4212.60009765625,4197.89990234375,4210.60009765625,3727
2026-08-05 11:10:00,4210.7998046875,4231.5,4208.2998046875,4224.7001953125,6397
2026-08-05 11:20:00,4224.7001953125,4233.0,4222.10009765625,4222.2001953125,2660
2026-08-05 11:30:00,4222.39990234375,4229.7001953125,4220.2001953125,4229.60009765625,2004
2026-08-05 11:40:00,4229.60009765625,4234.2998046875,4226.10009765625,4226.60009765625,1705
2026-08-05 11:50:00,4226.2998046875,4228.7001953125,4221.2001953125,4228.39990234375,1780
2026-08-05 12:00:00,4228.2998046875,4237.7998046875,4226.7001953125,4234.7998046875,1994
2026-08-05 12:10:00,4234.60009765625,4236.2001953125,4231.5,4234.7001953125,791
2026-08-05 12:20:00,4234.7001953125,4237.39990234375,4231.89990234375,4237.10009765625,1561
2026-08-05 12:30:00,4236.7001953125,4238.5,4227.60009765625,4229.2998046875,1602
2026-08-05 12:40:00,4229.39990234375,4231.0,4224.89990234375,4227.7998046875,1292
2026-08-05 12:50:00,4228.10009765625,4228.39990234375,4221.7998046875,4223.2998046875,1043
2026-08-05 13:00:00,4223.5,4225.5,4220.89990234375,4224.2998046875,888
2026-08-05 13:10:00,4224.2998046875,4227.7998046875,4223.2998046875,4225.0,733
2026-08-05 13:20:00,4225.0,4231.0,4223.7998046875,4229.89990234375,850
2026-08-05 13:30:00,4229.89990234375,4231.5,4227.2998046875,4227.39990234375,430
2026-08-05 13:40:00,4228.0,4228.2998046875,4223.2998046875,4225.2998046875,1172
2026-08-05 13:50:00,4225.39990234375,4225.39990234375,4221.0,4223.7998046875,864
2026-08-05 14:00:00,4223.89990234375,4225.39990234375,4221.7998046875,4223.7998046875,856
2026-08-05 14:10:00,4223.60009765625,4227.10009765625,4218.7001953125,4221.5,1625
2026-08-05 14:20:00,4222.0,4222.0,4218.39990234375,4219.7001953125,1017
2026-08-05 14:30:00,4220.0,4226.89990234375,4219.7998046875,4224.0,1087
2026-08-05 14:40:00,4224.2998046875,4225.2998046875,4218.39990234375,4219.5,699
2026-08-05 14:50:00,4219.89990234375,4220.89990234375,4214.60009765625,4216.60009765625,1185
2026-08-05 15:00:00,4216.60009765625,4218.7001953125,4213.0,4217.10009765625,1607
2026-08-05 15:10:00,4216.7001953125,4217.89990234375,4214.39990234375,4216.89990234375,567
2026-08-05 15:20:00,4216.7998046875,4218.39990234375,4211.7998046875,4216.89990234375,1114
2026-08-05 15:30:00,4216.7998046875,4217.0,4210.7998046875,4212.39990234375,536
2026-08-05 15:40:00,4212.10009765625,4215.0,4209.10009765625,4214.89990234375,824
2026-08-05 15:50:00,4214.89990234375,4217.2998046875,4214.0,4215.7998046875,877
2026-08-05 16:00:00,4216.10009765625,4216.60009765625,4212.7001953125,4214.2998046875,576
2026-08-05 16:10:00,4214.0,4216.7998046875,4212.7998046875,4214.60009765625,381
2026-08-05 16:20:00,4214.2998046875,4220.7001953125,4213.0,4220.39990234375,1110
2026-08-05 16:30:00,4220.60009765625,4225.89990234375,4219.7998046875,4225.89990234375,933
2026-08-05 16:40:00,4226.0,4233.2998046875,4225.39990234375,4230.7001953125,1348
2026-08-05 16:50:00,4230.7001953125,4240.39990234375,4228.7001953125,4235.5,2791
2026-08-05 17:00:00,4235.60009765625,4247.2998046875,4233.39990234375,4244.7998046875,4609
2026-08-05 17:10:00,4244.89990234375,4248.7998046875,4242.2998046875,4245.7001953125,2285
2026-08-05 17:20:00,4245.60009765625,4252.2001953125,4245.2998046875,4248.5,1823
2026-08-05 17:30:00,4248.5,4259.10009765625,4248.5,4257.5,3347
2026-08-05 17:40:00,4257.89990234375,4268.7001953125,4257.0,4265.0,3820
2026-08-05 17:50:00,4265.2998046875,4273.60009765625,4264.7001953125,4265.10009765625,3848
2026-08-05 18:00:00,4265.2998046875,4268.89990234375,4257.5,4260.5,2879
2026-08-05 18:10:00,4260.60009765625,4260.7001953125,4251.2001953125,4254.0,2138
2026-08-05 18:20:00,4253.7998046875,4253.89990234375,4243.10009765625,4244.10009765625,1998
2026-08-05 18:30:00,4243.89990234375,4257.2001953125,4243.7998046875,4254.2001953125,3519
2026-08-05 18:40:00,4254.0,4255.39990234375,4245.2998046875,4250.39990234375,2336
2026-08-05 18:50:00,4250.2998046875,4258.2998046875,4249.7998046875,4257.39990234375,2318
2026-08-05 19:00:00,4257.39990234375,4264.7998046875,4252.7998046875,4260.89990234375,4222
2026-08-05 19:10:00,4260.7998046875,4264.0,4250.39990234375,4252.89990234375,1916
2026-08-05 19:20:00,4253.2998046875,4266.7001953125,4248.7001953125,4265.7998046875,2633
2026-08-05 19:30:00,4265.10009765625,4288.39990234375,4263.10009765625,4287.2998046875,6266
2026-08-05 19:40:00,4287.5,4298.89990234375,4285.60009765625,4296.5,4581
2026-08-05 19:50:00,4296.2998046875,4300.60009765625,4290.39990234375,4297.10009765625,3111
2026-08-05 20:00:00,4296.7001953125,4302.2998046875,4288.7001953125,4291.7001953125,3885
2026-08-05 20:10:00,4291.89990234375,4307.7998046875,4289.89990234375,4307.2998046875,3041
2026-08-05 20:20:00,4307.5,4307.60009765625,4293.2001953125,4304.2998046875,3202
2026-08-05 20:30:00,4303.89990234375,4320.0,4302.39990234375,4316.5,4843
2026-08-05 20:40:00,4316.2998046875,4321.5,4310.2998046875,4317.7998046875,3258
2026-08-05 20:50:00,4317.5,4325.5,4316.5,4317.7001953125,2588
2026-08-05 21:00:00,4317.5,4319.89990234375,4314.10009765625,4317.5,1491
2026-08-05 21:10:00,4317.7001953125,4317.7001953125,4309.2998046875,4310.0,2047
2026-08-05 21:20:00,4309.89990234375,4310.39990234375,4292.7001953125,4293.0,4578
2026-08-05 21:30:00,4293.60009765625,4296.10009765625,4285.0,4295.7001953125,3611
2026-08-05 21:40:00,4295.60009765625,4297.39990234375,4292.10009765625,4294.0,1376
2026-08-05 21:50:00,4294.2001953125,4302.60009765625,4293.89990234375,4301.60009765625,1669
2026-08-05 22:00:00,4301.89990234375,4306.0,4299.2998046875,4304.0,1426
2026-08-05 22:10:00,4304.2998046875,4307.39990234375,4301.2998046875,4302.7998046875,1273
2026-08-05 22:20:00,4303.0,4308.10009765625,4298.60009765625,4302.7998046875,1491
2026-08-05 22:30:00,4302.89990234375,4304.89990234375,4299.7001953125,4302.0,1672
2026-08-05 22:40:00,4301.7998046875,4304.2998046875,4298.2001953125,4299.0,1519
2026-08-05 22:50:00,4298.7998046875,4307.0,4296.2001953125,4305.0,3215
2026-08-05 23:00:00,4304.89990234375,4310.89990234375,4301.10009765625,4310.39990234375,1318
2026-08-05 23:10:00,4310.2001953125,4311.5,4307.89990234375,4309.39990234375,938
2026-08-05 23:20:00,4309.60009765625,4313.0,4309.10009765625,4311.0,931
2026-08-05 23:30:00,4310.7001953125,4318.39990234375,4309.60009765625,4316.2998046875,1317
2026-08-05 23:40:00,4316.5,4318.2001953125,4313.7001953125,4317.7998046875,845
2026-08-05 23:50:00,4317.2001953125,4328.2001953125,4317.2001953125,4323.7998046875,2090
2026-08-06 00:00:00,4323.2001953125,4324.5,4314.60009765625,4317.7998046875,967
2026-08-06 00:10:00,4317.7998046875,4321.7998046875,4317.7998046875,4319.2001953125,897
2026-08-06 00:20:00,4319.2001953125,4324.0,4318.7001953125,4321.2001953125,555
2026-08-06 00:30:00,4321.0,4322.7001953125,4317.89990234375,4318.7001953125,450
2026-08-06 00:40:00,4318.39990234375,4319.60009765625,4311.2001953125,4312.60009765625,1080
2026-08-06 00:50:00,4312.7998046875,4316.60009765625,4311.2001953125,4314.0,543
2026-08-06 01:00:00,4313.7001953125,4314.89990234375,4308.7998046875,4310.7001953125,759
2026-08-06 01:10:00,4311.0,4314.39990234375,4308.60009765625,4309.2001953125,796
2026-08-06 01:20:00,4309.5,4310.2001953125,4307.0,4307.60009765625,1037
2026-08-06 01:30:00,4307.89990234375,4310.2001953125,4307.39990234375,4308.39990234375,412
2026-08-06 01:40:00,4308.7998046875,4310.39990234375,4306.5,4307.10009765625,189
2026-08-06 01:50:00,4306.7001953125,4308.0,4306.2001953125,4306.60009765625,180
2026-08-06 02:00:00,4306.7998046875,4310.2998046875,4306.7001953125,4307.39990234375,280
2026-08-06 02:10:00,4307.2998046875,4308.2001953125,4303.5,4305.10009765625,243
2026-08-06 02:20:00,4304.7998046875,4308.2001953125,4303.7001953125,4308.0,454
2026-08-06 02:30:00,,,,,0
2026-08-06 02:40:00,,,,,0
2026-08-06 02:50:00,,,,,0
2026-08-06 03:00:00,,,,,0
2026-08-06 03:10:00,,,,,0
2026-08-06 03:20:00,,,,,0
2026-08-06 03:30:00,4307.0,4315.2001953125,4304.89990234375,4306.2998046875,194
2026-08-06 03:40:00,4306.7001953125,4308.2998046875,4306.2998046875,4307.39990234375,182
2026-08-06 03:50:00,4307.60009765625,4308.7001953125,4306.7998046875,4308.2001953125,208
2026-08-06 04:00:00,4307.60009765625,4310.2001953125,4307.2001953125,4308.7001953125,213
2026-08-06 04:10:00,4308.89990234375,4309.60009765625,4307.0,4308.0,218
2026-08-06 04:20:00,4308.2001953125,4309.5,4307.10009765625,4309.5,159
2026-08-06 04:30:00,4309.39990234375,4313.89990234375,4308.2998046875,4311.2998046875,328
2026-08-06 04:40:00,4311.2998046875,4320.39990234375,4311.2998046875,4318.7998046875,746
2026-08-06 04:50:00,4318.39990234375,4323.2001953125,4316.7998046875,4322.2001953125,456
2026-08-06 05:00:00,4322.5,4339.10009765625,4319.7998046875,4336.89990234375,1859
2026-08-06 05:10:00,4337.2998046875,4341.10009765625,4331.0,4334.0,1206
2026-08-06 05:20:00,4334.0,4339.0,4331.7001953125,4337.2998046875,585
2026-08-06 05:30:00,4337.2001953125,4337.2001953125,4324.10009765625,4331.0,1389
2026-08-06 05:40:00,4330.7998046875,4336.10009765625,4323.5,4333.89990234375,1192
2026-08-06 05:50:00,4335.10009765625,4344.2001953125,4331.7001953125,4334.0,1716
2026-08-06 06:00:00,4333.60009765625,4350.2998046875,4333.60009765625,4344.89990234375,1711
2026-08-06 06:10:00,4345.5,4354.7001953125,4343.60009765625,4347.2001953125,1665
2026-08-06 06:20:00,4347.2998046875,4360.0,4345.7001953125,4354.7001953125,1751
2026-08-06 06:30:00,4354.60009765625,4362.7001953125,4346.2001953125,4357.2998046875,2837
2026-08-06 06:40:00,4356.10009765625,4358.39990234375,4339.2998046875,4343.2001953125,2083
2026-08-06 06:50:00,4343.10009765625,4345.7998046875,4332.5,4335.7998046875,2669
2026-08-06 07:00:00,4335.5,4357.10009765625,4335.2998046875,4352.60009765625,2190
2026-08-06 07:10:00,4351.7001953125,4355.7998046875,4343.2998046875,4353.89990234375,1761
2026-08-06 07:20:00,4353.7001953125,4357.7998046875,4345.2001953125,4346.89990234375,1344
2026-08-06 07:30:00,4346.7001953125,4363.7001953125,4344.0,4360.7998046875,2037
2026-08-06 07:40:00,4360.7001953125,4362.2998046875,4351.7998046875,4353.5,1056
2026-08-06 07:50:00,4353.39990234375,4354.2001953125,4350.7998046875,4351.10009765625,488
2026-08-06 08:00:00,4350.89990234375,4351.5,4341.5,4344.5,1103
2026-08-06 08:10:00,4344.7001953125,4346.10009765625,4334.0,4335.7001953125,1019
2026-08-06 08:20:00,4336.2998046875,4339.7001953125,4335.2001953125,4337.7998046875,573
2026-08-06 08:30:00,4337.2001953125,4340.0,4334.2001953125,4338.10009765625,699
2026-08-06 08:40:00,4337.89990234375,4339.5,4323.60009765625,4326.2998046875,1336
2026-08-06 08:50:00,4326.60009765625,4326.7001953125,4320.2001953125,4325.5,1152
2026-08-06 09:00:00,4325.2001953125,4326.5,4322.60009765625,4323.0,524
2026-08-06 09:10:00,4323.60009765625,4323.89990234375,4319.60009765625,4322.5,393
2026-08-06 09:20:00,4322.2998046875,4324.89990234375,4320.5,4324.89990234375,288
2026-08-06 09:30:00,4324.5,4326.10009765625,4321.10009765625,4324.7001953125,757
2026-08-06 09:40:00,4324.7001953125,4325.89990234375,4320.5,4320.7001953125,346
2026-08-06 09:50:00,4320.5,4322.2001953125,4312.2001953125,4315.0,848
2026-08-06 10:00:00,4315.10009765625,4320.2998046875,4315.10009765625,4319.10009765625,418
2026-08-06 10:10:00,4319.10009765625,4320.7998046875,4317.10009765625,4319.2998046875,270
2026-08-06 10:20:00,4319.5,4322.10009765625,4318.0,4321.39990234375,378
2026-08-06 10:30:00,4321.2998046875,4324.5,4318.0,4319.2001953125,520
2026-08-06 10:40:00,4318.89990234375,4319.7001953125,4314.89990234375,4315.60009765625,521
2026-08-06 10:50:00,4315.60009765625,4316.2998046875,4312.10009765625,4312.89990234375,376
2026-08-06 11:00:00,4312.7001953125,4321.39990234375,4306.2001953125,4321.0,1406
2026-08-06 11:10:00,4321.2998046875,4325.5,4320.39990234375,4321.7001953125,838
2026-08-06 11:20:00,4321.7001953125,4327.5,4321.2001953125,4326.0,688
2026-08-06 11:30:00,4325.7998046875,4327.5,4320.60009765625,4321.89990234375,887
2026-08-06 11:40:00,4321.5,4321.60009765625,4313.39990234375,4318.7998046875,1055
2026-08-06 11:50:00,4319.0,4319.0,4314.2001953125,4316.2998046875,767
2026-08-06 12:00:00,4316.39990234375,4316.7001953125,4311.7998046875,4312.10009765625,509
2026-08-06 12:10:00,4312.2001953125,4317.0,4308.2001953125,4313.7001953125,779
2026-08-06 12:20:00,4313.60009765625,4315.2001953125,4309.60009765625,4314.7001953125,609
2026-08-06 12:30:00,4314.7001953125,4318.89990234375,4311.89990234375,4318.2998046875,616
2026-08-06 12:40:00,4318.2998046875,4324.0,4318.2001953125,4322.89990234375,928
2026-08-06 12:50:00,4323.0,4323.60009765625,4317.0,4321.0,676
2026-08-06 13:00:00,,,,,0
2026-08-06 13:10:00,4316.2998046875,4317.10009765625,4312.10009765625,4313.60009765625,1021
2026-08-06 13:20:00,4313.39990234375,4322.10009765625,4311.7001953125,4321.7001953125,873
2026-08-06 13:30:00,4322.0,4325.0,4319.39990234375,4323.7001953125,658
2026-08-06 13:40:00,4323.7998046875,4329.7001953125,4323.7998046875,4328.2001953125,936
2026-08-06 13:50:00,4325.0,4328.60009765625,4325.0,4327.2998046875,942
2026-08-06 14:00:00,4327.2001953125,4334.0,4325.7998046875,4330.2001953125,1061
2026-08-06 14:10:00,4330.2001953125,4334.2001953125,4329.2998046875,4332.39990234375,611
2026-08-06 14:20:00,4332.2001953125,4337.7001953125,4331.2001953125,4337.10009765625,627
2026-08-06 14:30:00,4337.2001953125,4342.39990234375,4334.7001953125,4335.2998046875,1288
2026-08-06 14:40:00,4335.5,4342.39990234375,4335.5,4341.5,854
2026-08-06 14:50:00,4341.60009765625,4344.2001953125,4337.60009765625,4341.89990234375,532
2026-08-06 15:00:00,4342.2998046875,4343.39990234375,4335.5,4338.39990234375,1130
2026-08-06 15:10:00,4338.39990234375,4338.60009765625,4331.39990234375,4335.2998046875,696
2026-08-06 15:20:00,4335.2998046875,4335.2998046875,4330.39990234375,4332.60009765625,437
2026-08-06 15:30:00,4332.60009765625,4333.10009765625,4328.7998046875,4330.0,369
2026-08-06 15:40:00,4330.2001953125,4330.2998046875,4326.60009765625,4328.2001953125,711
2026-08-06 15:50:00,4328.5,4330.39990234375,4327.2001953125,4328.39990234375,371
2026-08-06 16:00:00,4328.89990234375,4329.2001953125,4326.0,4327.89990234375,570
2026-08-06 16:10:00,4328.2001953125,4329.60009765625,4322.7998046875,4329.2998046875,603
2026-08-06 16:20:00,4329.60009765625,4330.89990234375,4328.2998046875,4330.0,402
2026-08-06 16:30:00,4330.0,4332.5,4325.39990234375,4326.10009765625,563
2026-08-06 16:40:00,4326.39990234375,4330.7001953125,4323.10009765625,4324.7998046875,619
2026-08-06 16:50:00,4325.0,4325.60009765625,4318.5,4323.39990234375,1120
2026-08-06 17:00:00,4323.39990234375,4326.10009765625,4320.2998046875,4320.7998046875,793
2026-08-06 17:10:00,4320.89990234375,4321.7001953125,4314.0,4315.2998046875,1206
2026-08-06 17:20:00,4315.2998046875,4323.0,4312.7001953125,4322.60009765625,1745
2026-08-06 17:30:00,4322.2001953125,4324.7001953125,4315.60009765625,4316.39990234375,1136
2026-08-06 17:40:00,4316.2001953125,4317.7998046875,4311.7001953125,4315.7998046875,914
2026-08-06 17:50:00,4315.7998046875,4321.7001953125,4314.7001953125,4320.5,1236
2026-08-06 18:00:00,4320.7998046875,4330.10009765625,4316.7001953125,4329.2998046875,2579
2026-08-06 18:10:00,4329.0,4329.60009765625,4313.39990234375,4314.60009765625,1472
2026-08-06 18:20:00,4314.5,4315.5,4307.0,4308.60009765625,3213
2026-08-06 18:30:00,4308.5,4314.2001953125,4288.7998046875,4290.0,4842
2026-08-06 18:40:00,4290.0,4302.89990234375,4288.39990234375,4302.39990234375,3687
2026-08-06 18:50:00,4302.2998046875,4306.39990234375,4297.2001953125,4305.89990234375,2018
2026-08-06 19:00:00,4305.7998046875,4323.7998046875,4304.2998046875,4317.2001953125,4785
2026-08-06 19:10:00,4317.39990234375,4332.89990234375,4316.89990234375,4322.39990234375,4434
2026-08-06 19:20:00,4322.7001953125,4328.5,4320.7998046875,4325.89990234375,1554
2026-08-06 19:30:00,4326.10009765625,4330.5,4323.2001953125,4323.7998046875,2454
2026-08-06 19:40:00,4324.60009765625,4334.7001953125,4319.60009765625,4324.7998046875,3540
2026-08-06 19:50:00,4324.89990234375,4328.10009765625,4318.89990234375,4324.7998046875,2134
2026-08-06 20:00:00,4324.7001953125,4334.0,4324.7001953125,4329.7998046875,1670
2026-08-06 20:10:00,4329.39990234375,4334.60009765625,4324.2001953125,4324.5,1230
2026-08-06 20:20:00,4324.39990234375,4332.39990234375,4321.7998046875,4332.2001953125,1116
2026-08-06 20:30:00,4332.2001953125,4333.60009765625,4324.0,4325.2998046875,2966
2026-08-06 20:40:00,4325.5,4327.2001953125,4314.7998046875,4315.5,2448
2026-08-06 20:50:00,4315.7998046875,4318.39990234375,4309.2998046875,4313.39990234375,2503
2026-08-06 21:00:00,4313.7001953125,4314.2001953125,4303.89990234375,4310.39990234375,2036
2026-08-06 21:10:00,4310.2998046875,4311.60009765625,4306.2001953125,4306.39990234375,1360
2026-08-06 21:20:00,4306.0,4308.2998046875,4285.2001953125,4291.5,4451
2026-08-06 21:30:00,4291.7998046875,4300.7998046875,4290.2998046875,4299.0,2696
2026-08-06 21:40:00,4299.10009765625,4299.7998046875,4282.2998046875,4285.0,2787
2026-08-06 21:50:00,4285.10009765625,4288.7998046875,4281.2001953125,4288.2001953125,2124
2026-08-06 22:00:00,4288.2998046875,4294.0,4288.10009765625,4293.10009765625,1567
2026-08-06 22:10:00,4293.2001953125,4294.39990234375,4289.89990234375,4294.39990234375,930
2026-08-06 22:20:00,4294.60009765625,4300.60009765625,4293.2001953125,4299.39990234375,1469
2026-08-06 22:30:00,4299.60009765625,4301.60009765625,4297.60009765625,4301.39990234375,964
2026-08-06 22:40:00,4301.0,4303.0,4297.5,4299.7998046875,710
2026-08-06 22:50:00,4300.2001953125,4301.2998046875,4297.10009765625,4300.5,1868
2026-08-06 23:00:00,4300.2001953125,4302.2998046875,4297.10009765625,4300.7001953125,827
2026-08-06 23:10:00,4300.7998046875,4301.89990234375,4299.10009765625,4300.60009765625,345
2026-08-06 23:20:00,4300.7001953125,4307.0,4300.7001953125,4305.7998046875,1139
2026-08-06 23:30:00,4305.89990234375,4307.60009765625,4302.60009765625,4306.89990234375,505
2026-08-06 23:40:00,4306.89990234375,4307.39990234375,4304.39990234375,4306.0,312
2026-08-06 23:50:00,4306.2998046875,4308.0,4304.7001953125,4305.10009765625,304
2026-08-07 00:00:00,4305.0,4306.0,4300.89990234375,4301.89990234375,506
2026-08-07 00:10:00,4301.7998046875,4303.60009765625,4299.2001953125,4303.5,332
2026-08-07 00:20:00,4303.2001953125,4304.2998046875,4299.5,4302.2001953125,247
2026-08-07 00:30:00,4302.10009765625,4307.5,4301.7998046875,4307.2998046875,596
2026-08-07 00:40:00,4307.60009765625,4309.7998046875,4303.89990234375,4304.0,494
2026-08-07 00:50:00,4304.2998046875,4305.89990234375,4294.2001953125,4296.5,1243
2026-08-07 01:00:00,4296.60009765625,4298.60009765625,4294.60009765625,4296.0,518
2026-08-07 01:10:00,4295.7998046875,4298.10009765625,4292.0,4296.89990234375,610
2026-08-07 01:20:00,4296.7001953125,4309.2998046875,4296.60009765625,4307.7998046875,1669
2026-08-07 01:30:00,4307.7001953125,4309.10009765625,4304.10009765625,4304.89990234375,334
2026-08-07 01:40:00,4304.7001953125,4306.0,4301.7001953125,4303.10009765625,415
2026-08-07 01:50:00,4303.2001953125,4303.60009765625,4298.60009765625,4300.7998046875,372
2026-08-07 02:00:00,4300.5,4301.2001953125,4298.89990234375,4299.0,155
2026-08-07 02:10:00,4298.89990234375,4298.89990234375,4293.60009765625,4295.39990234375,511
2026-08-07 02:20:00,4295.2998046875,4300.7001953125,4294.7001953125,4298.7001953125,171
2026-08-07 02:30:00,,,,,0
2026-08-07 02:40:00,,,,,0
2026-08-07 02:50:00,,,,,0
2026-08-07 03:00:00,,,,,0
2026-08-07 03:10:00,,,,,0
2026-08-07 03:20:00,,,,,0
2026-08-07 03:30:00,4298.2998046875,4298.89990234375,4293.89990234375,4296.39990234375,309
2026-08-07 03:40:00,4296.0,4300.0,4295.0,4299.10009765625,131
2026-08-07 03:50:00,4299.5,4301.7998046875,4297.7001953125,4301.2001953125,297
2026-08-07 04:00:00,4300.89990234375,4301.39990234375,4298.2001953125,4298.5,201
2026-08-07 04:10:00,4298.39990234375,4300.0,4296.89990234375,4299.7998046875,195
2026-08-07 04:20:00,4300.10009765625,4301.2001953125,4298.2998046875,4298.2998046875,105
2026-08-07 04:30:00,4298.60009765625,4304.2998046875,4298.39990234375,4302.2001953125,295
2026-08-07 04:40:00,4302.7001953125,4304.60009765625,4302.5,4304.2001953125,59
2026-08-07 04:50:00,4304.5,4304.89990234375,4301.39990234375,4303.7001953125,282
2026-08-07 05:00:00,4303.5,4307.10009765625,4303.2998046875,4304.7998046875,302
2026-08-07 05:10:00,4304.89990234375,4307.60009765625,4303.39990234375,4307.0,487
2026-08-07 05:20:00,4307.10009765625,4311.7998046875,4306.7998046875,4311.0,587
2026-08-07 05:30:00,4310.7001953125,4311.39990234375,4306.0,4307.89990234375,273
2026-08-07 05:40:00,4307.39990234375,4307.5,4299.5,4300.5,408
2026-08-07 05:50:00,4300.60009765625,4303.2998046875,4297.5,4302.10009765625,513
2026-08-07 06:00:00,4302.0,4302.0,4293.7001953125,4293.7998046875,628
2026-08-07 06:10:00,4293.60009765625,4295.2001953125,4288.2001953125,4289.10009765625,857
2026-08-07 06:20:00,4289.2001953125,4293.2001953125,4288.0,4291.2001953125,443
2026-08-07 06:30:00,4290.89990234375,4305.10009765625,4289.7998046875,4300.7001953125,944
2026-08-07 06:40:00,4300.7001953125,4304.7998046875,4298.89990234375,4302.5,389
2026-08-07 06:50:00,4302.2998046875,4308.39990234375,4298.7001953125,4302.10009765625,625
2026-08-07 07:00:00,4302.10009765625,4304.7998046875,4297.7001953125,4304.7998046875,731
2026-08-07 07:10:00,4304.60009765625,4316.89990234375,4304.2001953125,4312.2001953125,1371
2026-08-07 07:20:00,4311.2998046875,4317.5,4310.0,4314.7001953125,582
2026-08-07 07:30:00,4314.60009765625,4320.7998046875,4314.0,4317.5,1202
2026-08-07 07:40:00,4317.60009765625,4319.60009765625,4315.7001953125,4316.5,384
2026-08-07 07:50:00,4316.5,4319.7001953125,4315.7001953125,4319.39990234375,362
2026-08-07 08:00:00,4319.89990234375,4320.39990234375,4310.5,4311.60009765625,591
2026-08-07 08:10:00,4311.10009765625,4313.39990234375,4305.39990234375,4309.10009765625,641
2026-08-07 08:20:00,4309.5,4314.7998046875,4308.60009765625,4309.10009765625,889
2026-08-07 08:30:00,4309.10009765625,4318.10009765625,4308.2998046875,4315.60009765625,426
2026-08-07 08:40:00,4315.60009765625,4316.0,4311.39990234375,4312.7001953125,560
2026-08-07 08:50:00,4312.5,4317.2998046875,4310.60009765625,4317.2998046875,595
2026-08-07 09:00:00,4317.39990234375,4320.2001953125,4316.60009765625,4319.10009765625,334
2026-08-07 09:10:00,4319.5,4320.7001953125,4318.2998046875,4319.7998046875,256
2026-08-07 09:20:00,4319.7001953125,4325.0,4318.2998046875,4322.7998046875,772
2026-08-07 09:30:00,4325.2998046875,4328.2998046875,4321.2998046875,4326.10009765625,1149
2026-08-07 09:40:00,4326.0,4327.2001953125,4321.39990234375,4321.7001953125,583
2026-08-07 09:50:00,4321.5,4328.39990234375,4321.10009765625,4324.39990234375,621
2026-08-07 10:00:00,4324.2998046875,4327.7998046875,4323.0,4324.0,408
2026-08-07 10:10:00,4323.89990234375,4325.39990234375,4320.2001953125,4323.2998046875,404
2026-08-07 10:20:00,4323.60009765625,4326.2001953125,4323.60009765625,4324.10009765625,162
2026-08-07 10:30:00,4324.10009765625,4326.0,4320.39990234375,4325.5,764
2026-08-07 10:40:00,4325.7998046875,4330.39990234375,4325.2001953125,4327.7001953125,522
2026-08-07 10:50:00,4327.5,4329.89990234375,4323.7998046875,4325.7001953125,500
2026-08-07 11:00:00,4325.89990234375,4336.60009765625,4325.2998046875,4332.7001953125,1593
2026-08-07 11:10:00,4332.60009765625,4336.2001953125,4329.7001953125,4335.2998046875,442
2026-08-07 11:20:00,4335.2001953125,4340.0,4332.7998046875,4337.7001953125,1564
2026-08-07 11:30:00,4337.7001953125,4343.2998046875,4337.10009765625,4341.10009765625,886
2026-08-07 11:40:00,4340.7998046875,4350.0,4340.39990234375,4346.89990234375,2165
2026-08-07 11:50:00,4346.5,4350.2001953125,4341.7001953125,4341.7001953125,1445
2026-08-07 12:00:00,4341.89990234375,4352.2001953125,4338.60009765625,4350.60009765625,1463
2026-08-07 12:10:00,4350.7001953125,4354.2001953125,4348.10009765625,4348.5,2164
2026-08-07 12:20:00,4348.60009765625,4358.0,4347.7998046875,4356.2998046875,1410
2026-08-07 12:30:00,4356.2001953125,4356.89990234375,4349.39990234375,4350.2001953125,1138
2026-08-07 12:40:00,4350.5,4352.5,4348.0,4350.60009765625,918
2026-08-07 12:50:00,4350.39990234375,4351.60009765625,4343.7998046875,4344.2998046875,984
2026-08-07 13:00:00,4344.5,4348.0,4343.10009765625,4344.7998046875,646
2026-08-07 13:10:00,4344.39990234375,4347.10009765625,4342.0,4343.89990234375,781
2026-08-07 13:20:00,4344.5,4350.2001953125,4343.2001953125,4348.89990234375,531
2026-08-07 13:30:00,4349.2001953125,4355.5,4347.89990234375,4353.7001953125,1213
2026-08-07 13:40:00,4353.7001953125,4360.0,4353.60009765625,4357.10009765625,1218
2026-08-07 13:50:00,4357.2001953125,4357.2001953125,4352.2998046875,4353.7998046875,825
2026-08-07 14:00:00,4354.0,4375.89990234375,4353.39990234375,4363.7998046875,3520
2026-08-07 14:10:00,4363.7998046875,4370.5,4363.7998046875,4366.2001953125,700
2026-08-07 14:20:00,4366.2998046875,4367.2998046875,4362.7001953125,4365.39990234375,900
2026-08-07 14:30:00,4365.60009765625,4367.0,4363.60009765625,4365.60009765625,597
2026-08-07 14:40:00,4365.5,4367.5,4364.10009765625,4366.2998046875,701
2026-08-07 14:50:00,4366.0,4370.7001953125,4364.5,4365.89990234375,787
2026-08-07 15:00:00,4366.39990234375,4368.60009765625,4361.60009765625,4368.10009765625,1139
2026-08-07 15:10:00,4368.39990234375,4380.10009765625,4368.10009765625,4376.2001953125,2587
2026-08-07 15:20:00,4376.2998046875,4379.60009765625,4373.89990234375,4375.60009765625,1828
2026-08-07 15:30:00,4375.7998046875,4379.0,4371.39990234375,4371.7001953125,937
2026-08-07 15:40:00,4372.10009765625,4373.39990234375,4367.2001953125,4372.39990234375,959
2026-08-07 15:50:00,4372.2998046875,4373.7001953125,4370.0,4373.10009765625,506
2026-08-07 16:00:00,4373.10009765625,4377.7001953125,4372.39990234375,4377.0,842
2026-08-07 16:10:00,4376.7001953125,4379.5,4374.89990234375,4378.10009765625,719
2026-08-07 16:20:00,4378.2998046875,4380.2001953125,4375.60009765625,4376.39990234375,1053
2026-08-07 16:30:00,4376.2998046875,4385.7001953125,4376.2998046875,4384.5,1374
2026-08-07 16:40:00,4384.39990234375,4385.0,4376.0,4379.7998046875,1421
2026-08-07 16:50:00,4379.5,4386.7001953125,4379.39990234375,4384.39990234375,1441
2026-08-07 17:00:00,4384.5,4387.10009765625,4380.2001953125,4382.60009765625,1218
2026-08-07 17:10:00,4382.60009765625,4385.10009765625,4381.39990234375,4383.10009765625,812
2026-08-07 17:20:00,4383.39990234375,4386.5,4380.10009765625,4380.7998046875,1571
2026-08-07 17:30:00,4380.60009765625,4384.7998046875,4374.7001953125,4378.0,2086
2026-08-07 17:40:00,4377.89990234375,4381.7001953125,4371.5,4373.60009765625,2179
2026-08-07 17:50:00,4374.0,4376.60009765625,4361.0,4370.7998046875,2735
2026-08-07 18:00:00,4373.0,4427.0,4370.7998046875,4424.89990234375,12698
2026-08-07 18:10:00,4424.7001953125,4432.2998046875,4421.39990234375,4429.10009765625,5566
2026-08-07 18:20:00,4429.2998046875,4432.2001953125,4416.10009765625,4421.89990234375,4148
2026-08-07 18:30:00,4421.60009765625,4424.60009765625,4405.5,4410.39990234375,4219
2026-08-07 18:40:00,4410.2998046875,4411.2001953125,4398.89990234375,4407.39990234375,2882
2026-08-07 18:50:00,4407.39990234375,4418.2001953125,4407.39990234375,4416.7998046875,2752
2026-08-07 19:00:00,4416.7998046875,4426.7001953125,4409.7001953125,4425.5,4523
2026-08-07 19:10:00,4425.39990234375,4428.7998046875,4412.39990234375,4413.39990234375,3843
2026-08-07 19:20:00,4413.7998046875,4418.60009765625,4402.5,4408.2998046875,3630
2026-08-07 19:30:00,4408.39990234375,4409.5,4390.2001953125,4397.10009765625,5142
2026-08-07 19:40:00,4397.10009765625,4406.7998046875,4386.89990234375,4406.10009765625,4133
2026-08-07 19:50:00,4405.60009765625,4413.0,4403.60009765625,4408.7001953125,2985
2026-08-07 20:00:00,4409.10009765625,4411.0,4403.2001953125,4404.10009765625,2371
2026-08-07 20:10:00,4403.60009765625,4410.7001953125,4400.39990234375,4403.10009765625,2214
2026-08-07 20:20:00,4403.5,4409.0,4400.10009765625,4401.2998046875,1834
2026-08-07 20:30:00,4401.39990234375,4414.0,4400.0,4408.7001953125,3111
2026-08-07 20:40:00,4408.7998046875,4417.10009765625,4406.7998046875,4414.2998046875,1890
2026-08-07 20:50:00,4414.10009765625,4418.10009765625,4410.5,4410.7998046875,1752
2026-08-07 21:00:00,4410.89990234375,4413.2998046875,4406.60009765625,4411.7001953125,1770
2026-08-07 21:10:00,4411.2998046875,4412.60009765625,4407.2998046875,4408.5,1006
2026-08-07 21:20:00,4408.5,4409.60009765625,4398.89990234375,4400.39990234375,2237
2026-08-07 21:30:00,4400.39990234375,4409.2001953125,4397.89990234375,4406.5,1584
2026-08-07 21:40:00,4406.7998046875,4407.89990234375,4401.7998046875,4401.7998046875,898
2026-08-07 21:50:00,4401.7998046875,4409.39990234375,4393.7998046875,4396.89990234375,1801
2026-08-07 22:00:00,4396.7998046875,4401.60009765625,4391.89990234375,4399.39990234375,1638
2026-08-07 22:10:00,4399.39990234375,4402.0,4395.2998046875,4398.2001953125,1361
2026-08-07 22:20:00,4397.7998046875,4398.5,4388.7998046875,4389.5,1481
2026-08-07 22:30:00,4388.7001953125,4398.10009765625,4387.39990234375,4394.39990234375,1148
2026-08-07 22:40:00,4395.2998046875,4397.2998046875,4393.2001953125,4394.7001953125,1006
2026-08-07 22:50:00,4394.5,4401.7001953125,4393.2998046875,4398.89990234375,4033
2026-08-07 23:00:00,4399.10009765625,4399.5,4389.0,4394.10009765625,2132
2026-08-07 23:10:00,4394.2998046875,4398.0,4394.2001953125,4395.89990234375,1106
2026-08-07 23:20:00,4396.2998046875,4402.5,4396.2998046875,4400.0,970
2026-08-07 23:30:00,4399.7998046875,4403.0,4398.7998046875,4401.7001953125,477
2026-08-07 23:40:00,4401.7998046875,4402.5,4394.60009765625,4395.7001953125,858
2026-08-07 23:50:00,4395.89990234375,4396.0,4391.89990234375,4394.10009765625,892
2026-08-08 00:00:00,4394.2998046875,4399.0,4393.5,4397.0,544
2026-08-08 00:10:00,4397.0,4397.39990234375,4393.2998046875,4396.7001953125,678
2026-08-08 00:20:00,4396.89990234375,4397.5,4393.39990234375,4395.60009765625,488
2026-08-08 00:30:00,4395.7001953125,4405.2001953125,4395.7001953125,4405.0,1020
2026-08-08 00:40:00,4404.7998046875,4410.2998046875,4403.2998046875,4407.39990234375,740
2026-08-08 00:50:00,4407.2001953125,4410.60009765625,4407.10009765625,4408.39990234375,597
2026-08-08 01:00:00,4408.60009765625,4408.89990234375,4404.39990234375,4406.0,686
2026-08-08 01:10:00,4406.2001953125,4409.0,4404.60009765625,4406.7001953125,592
2026-08-08 01:20:00,4407.2001953125,4408.7001953125,4399.60009765625,4403.10009765625,1218
2026-08-08 01:30:00,4403.0,4404.60009765625,4401.2001953125,4401.2001953125,322
2026-08-08 01:40:00,4400.89990234375,4402.2001953125,4397.5,4399.2001953125,921
2026-08-08 01:50:00,4399.2001953125,4399.39990234375,4396.5,4397.2998046875,395
2026-08-08 02:00:00,4396.89990234375,4400.39990234375,4395.2998046875,4400.10009765625,320
2026-08-08 02:10:00,4400.0,4401.60009765625,4398.39990234375,4399.2001953125,307
2026-08-08 02:20:00,4399.10009765625,4402.60009765625,4399.0,4399.7001953125,324
2026-08-08 02:30:00,,,,,0
2026-08-08 02:40:00,,,,,0
2026-08-08 02:50:00,,,,,0
2026-08-08 03:00:00,,,,,0
2026-08-08 03:10:00,,,,,0
2026-08-08 03:20:00,,,,,0
2026-08-08 03:30:00,,,,,0
2026-08-08 03:40:00,,,,,0
2026-08-08 03:50:00,,,,,0
2026-08-08 04:00:00,,,,,0
2026-08-08 04:10:00,,,,,0
2026-08-08 04:20:00,,,,,0
2026-08-08 04:30:00,,,,,0
2026-08-08 04:40:00,,,,,0
2026-08-08 04:50:00,,,,,0
2026-08-08 05:00:00,,,,,0
2026-08-08 05:10:00,,,,,0
2026-08-08 05:20:00,,,,,0
2026-08-08 05:30:00,,,,,0
2026-08-08 05:40:00,,,,,0
2026-08-08 05:50:00,,,,,0
2026-08-08 06:00:00,,,,,0
2026-08-08 06:10:00,,,,,0
2026-08-08 06:20:00,,,,,0
2026-08-08 06:30:00,,,,,0
2026-08-08 06:40:00,,,,,0
2026-08-08 06:50:00,,,,,0
2026-08-08 07:00:00,,,,,0
2026-08-08 07:10:00,,,,,0
2026-08-08 07:20:00,,,,,0
2026-08-08 07:30:00,,,,,0
2026-08-08 07:40:00,,,,,0
2026-08-08 07:50:00,,,,,0
2026-08-08 08:00:00,,,,,0
2026-08-08 08:10:00,,,,,0
2026-08-08 08:20:00,,,,,0
2026-08-08 08:30:00,,,,,0
2026-08-08 08:40:00,,,,,0
2026-08-08 08:50:00,,,,,0
2026-08-08 09:00:00,,,,,0
2026-08-08 09:10:00,,,,,0
2026-08-08 09:20:00,,,,,0
2026-08-08 09:30:00,,,,,0
2026-08-08 09:40:00,,,,,0
2026-08-08 09:50:00,,,,,0
2026-08-08 10:00:00,,,,,0
2026-08-08 10:10:00,,,,,0
2026-08-08 10:20:00,,,,,0
2026-08-08 10:30:00,,,,,0
2026-08-08 10:40:00,,,,,0
2026-08-08 10:50:00,,,,,0
2026-08-08 11:00:00,,,,,0
2026-08-08 11:10:00,,,,,0
2026-08-08 11:20:00,,,,,0
2026-08-08 11:30:00,,,,,0
2026-08-08 11:40:00,,,,,0
2026-08-08 11:50:00,,,,,0
2026-08-08 12:00:00,,,,,0
2026-08-08 12:10:00,,,,,0
2026-08-08 12:20:00,,,,,0
2026-08-08 12:30:00,,,,,0
2026-08-08 12:40:00,,,,,0
2026-08-08 12:50:00,,,,,0
2026-08-08 13:00:00,,,,,0
2026-08-08 13:10:00,,,,,0
2026-08-08 13:20:00,,,,,0
2026-08-08 13:30:00,,,,,0
2026-08-08 13:40:00,,,,,0
2026-08-08 13:50:00,,,,,0
2026-08-08 14:00:00,,,,,0
2026-08-08 14:10:00,,,,,0
2026-08-08 14:20:00,,,,,0
2026-08-08 14:30:00,,,,,0
2026-08-08 14:40:00,,,,,0
2026-08-08 14:50:00,,,,,0
2026-08-08 15:00:00,,,,,0
2026-08-08 15:10:00,,,,,0
2026-08-08 15:20:00,,,,,0
2026-08-08 15:30:00,,,,,0
2026-08-08 15:40:00,,,,,0
2026-08-08 15:50:00,,,,,0
2026-08-08 16:00:00,,,,,0
2026-08-08 16:10:00,,,,,0
2026-08-08 16:20:00,,,,,0
2026-08-08 16:30:00,,,,,0
2026-08-08 16:40:00,,,,,0
2026-08-08 16:50:00,,,,,0
2026-08-08 17:00:00,,,,,0
2026-08-08 17:10:00,,,,,0
2026-08-08 17:20:00,,,,,0
2026-08-08 17:30:00,,,,,0
2026-08-08 17:40:00,,,,,0
2026-08-08 17:50:00,,,,,0
2026-08-08 18:00:00,,,,,0
2026-08-08 18:10:00,,,,,0
2026-08-08 18:20:00,,,,,0
2026-08-08 18:30:00,,,,,0
2026-08-08 18:40:00,,,,,0
2026-08-08 18:50:00,,,,,0
2026-08-08 19:00:00,,,,,0
2026-08-08 19:10:00,,,,,0
2026-08-08 19:20:00,,,,,0
2026-08-08 19:30:00,,,,,0
2026-08-08 19:40:00,,,,,0
2026-08-08 19:50:00,,,,,0
2026-08-08 20:00:00,,,,,0
2026-08-08 20:10:00,,,,,0
2026-08-08 20:20:00,,,,,0
2026-08-08 20:30:00,,,,,0
2026-08-08 20:40:00,,,,,0
2026-08-08 20:50:00,,,,,0
2026-08-08 21:00:00,,,,,0
2026-08-08 21:10:00,,,,,0
2026-08-08 21:20:00,,,,,0
2026-08-08 21:30:00,,,,,0
2026-08-08 21:40:00,,,,,0
2026-08-08 21:50:00,,,,,0
2026-08-08 22:00:00,,,,,0
2026-08-08 22:10:00,,,,,0
2026-08-08 22:20:00,,,,,0
2026-08-08 22:30:00,,,,,0
2026-08-08 22:40:00,,,,,0
2026-08-08 22:50:00,,,,,0
2026-08-08 23:00:00,,,,,0
2026-08-08 23:10:00,,,,,0
2026-08-08 23:20:00,,,,,0
2026-08-08 23:30:00,,,,,0
2026-08-08 23:40:00,,,,,0
2026-08-08 23:50:00,,,,,0
2026-08-09 00:00:00,,,,,0
2026-08-09 00:10:00,,,,,0
2026-08-09 00:20:00,,,,,0
2026-08-09 00:30:00,,,,,0
2026-08-09 00:40:00,,,,,0
2026-08-09 00:50:00,,,,,0
2026-08-09 01:00:00,,,,,0
2026-08-09 01:10:00,,,,,0
2026-08-09 01:20:00,,,,,0
2026-08-09 01:30:00,,,,,0
2026-08-09 01:40:00,,,,,0
2026-08-09 01:50:00,,,,,0
2026-08-09 02:00:00,,,,,0
2026-08-09 02:10:00,,,,,0
2026-08-09 02:20:00,,,,,0
2026-08-09 02:30:00,,,,,0
2026-08-09 02:40:00,,,,,0
2026-08-09 02:50:00,,,,,0
2026-08-09 03:00:00,,,,,0
2026-08-09 03:10:00,,,,,0
2026-08-09 03:20:00,,,,,0
2026-08-09 03:30:00,,,,,0
2026-08-09 03:40:00,,,,,0
2026-08-09 03:50:00,,,,,0
2026-08-09 04:00:00,,,,,0
2026-08-09 04:10:00,,,,,0
2026-08-09 04:20:00,,,,,0
2026-08-09 04:30:00,,,,,0
2026-08-09 04:40:00,,,,,0
2026-08-09 04:50:00,,,,,0
2026-08-09 05:00:00,,,,,0
2026-08-09 05:10:00,,,,,0
2026-08-09 05:20:00,,,,,0
2026-08-09 05:30:00,,,,,0
2026-08-09 05:40:00,,,,,0
2026-08-09 05:50:00,,,,,0
2026-08-09 06:00:00,,,,,0
2026-08-09 06:10:00,,,,,0
2026-08-09 06:20:00,,,,,0
2026-08-09 06:30:00,,,,,0
2026-08-09 06:40:00,,,,,0
2026-08-09 06:50:00,,,,,0
2026-08-09 07:00:00,,,,,0
2026-08-09 07:10:00,,,,,0
2026-08-09 07:20:00,,,,,0
2026-08-09 07:30:00,,,,,0
2026-08-09 07:40:00,,,,,0
2026-08-09 07:50:00,,,,,0
2026-08-09 08:00:00,,,,,0
2026-08-09 08:10:00,,,,,0
2026-08-09 08:20:00,,,,,0
2026-08-09 08:30:00,,,,,0
2026-08-09 08:40:00,,,,,0
2026-08-09 08:50:00,,,,,0
2026-08-09 09:00:00,,,,,0
2026-08-09 09:10:00,,,,,0
2026-08-09 09:20:00,,,,,0
2026-08-09 09:30:00,,,,,0
2026-08-09 09:40:00,,,,,0
2026-08-09 09:50:00,,,,,0
2026-08-09 10:00:00,,,,,0
2026-08-09 10:10:00,,,,,0
2026-08-09 10:20:00,,,,,0
2026-08-09 10:30:00,,,,,0
2026-08-09 10:40:00,,,,,0
2026-08-09 10:50:00,,,,,0
2026-08-09 11:00:00,,,,,0
2026-08-09 11:10:00,,,,,0
2026-08-09 11:20:00,,,,,0
2026-08-09 11:30:00,,,,,0
2026-08-09 11:40:00,,,,,0
2026-08-09 11:50:00,,,,,0
2026-08-09 12:00:00,,,,,0
2026-08-09 12:10:00,,,,,0
2026-08-09 12:20:00,,,,,0
2026-08-09 12:30:00,,,,,0
2026-08-09 12:40:00,,,,,0
2026-08-09 12:50:00,,,,,0
2026-08-09 13:00:00,,,,,0
2026-08-09 13:10:00,,,,,0
2026-08-09 13:20:00,,,,,0
2026-08-09 13:30:00,,,,,0
2026-08-09 13:40:00,,,,,0
2026-08-09 13:50:00,,,,,0
2026-08-09 14:00:00,,,,,0
2026-08-09 14:10:00,,,,,0
2026-08-09 14:20:00,,,,,0
2026-08-09 14:30:00,,,,,0
2026-08-09 14:40:00,,,,,0
2026-08-09 14:50:00,,,,,0
2026-08-09 15:00:00,,,,,0
2026-08-09 15:10:00,,,,,0
2026-08-09 15:20:00,,,,,0
2026-08-09 15:30:00,,,,,0
2026-08-09 15:40:00,,,,,0
2026-08-09 15:50:00,,,,,0
2026-08-09 16:00:00,,,,,0
2026-08-09 16:10:00,,,,,0
2026-08-09 16:20:00,,,,,0
2026-08-09 16:30:00,,,,,0
2026-08-09 16:40:00,,,,,0
2026-08-09 16:50:00,,,,,0
2026-08-09 17:00:00,,,,,0
2026-08-09 17:10:00,,,,,0
2026-08-09 17:20:00,,,,,0
2026-08-09 17:30:00,,,,,0
2026-08-09 17:40:00,,,,,0
2026-08-09 17:50:00,,,,,0
2026-08-09 18:00:00,,,,,0
2026-08-09 18:10:00,,,,,0
2026-08-09 18:20:00,,,,,0
2026-08-09 18:30:00,,,,,0
2026-08-09 18:40:00,,,,,0
2026-08-09 18:50:00,,,,,0
2026-08-09 19:00:00,,,,,0
2026-08-09 19:10:00,,,,,0
2026-08-09 19:20:00,,,,,0
2026-08-09 19:30:00,,,,,0
2026-08-09 19:40:00,,,,,0
2026-08-09 19:50:00,,,,,0
2026-08-09 20:00:00,,,,,0
2026-08-09 20:10:00,,,,,0
2026-08-09 20:20:00,,,,,0
2026-08-09 20:30:00,,,,,0
2026-08-09 20:40:00,,,,,0
2026-08-09 20:50:00,,,,,0
2026-08-09 21:00:00,,,,,0
2026-08-09 21:10:00,,,,,0
2026-08-09 21:20:00,,,,,0
2026-08-09 21:30:00,,,,,0
2026-08-09 21:40:00,,,,,0
2026-08-09 21:50:00,,,,,0
2026-08-09 22:00:00,,,,,0
2026-08-09 22:10:00,,,,,0
2026-08-09 22:20:00,,,,,0
2026-08-09 22:30:00,,,,,0
2026-08-09 22:40:00,,,,,0
2026-08-09 22:50:00,,,,,0
2026-08-09 23:00:00,,,,,0
2026-08-09 23:10:00,,,,,0
2026-08-09 23:20:00,,,,,0
2026-08-09 23:30:00,,,,,0
2026-08-09 23:40:00,,,,,0
2026-08-09 23:50:00,,,,,0
2026-08-10 00:00:00,,,,,0
2026-08-10 00:10:00,,,,,0
2026-08-10 00:20:00,,,,,0
2026-08-10 00:30:00,,,,,0
2026-08-10 00:40:00,,,,,0
2026-08-10 00:50:00,,,,,0
2026-08-10 01:00:00,,,,,0
2026-08-10 01:10:00,,,,,0
2026-08-10 01:20:00,,,,,0
2026-08-10 01:30:00,,,,,0
2026-08-10 01:40:00,,,,,0
2026-08-10 01:50:00,,,,,0
2026-08-10 02:00:00,,,,,0
2026-08-10 02:10:00,,,,,0
2026-08-10 02:20:00,,,,,0
2026-08-10 02:30:00,,,,,0
2026-08-10 02:40:00,,,,,0
2026-08-10 02:50:00,,,,,0
2026-08-10 03:00:00,,,,,0
2026-08-10 03:10:00,,,,,0
2026-08-10 03:20:00,,,,,0
2026-08-10 03:30:00,,,,,0
2026-08-10 03:40:00,4398.0,4405.5,4398.0,4399.2001953125,398
2026-08-10 03:50:00,4399.10009765625,4402.89990234375,4397.0,4402.89990234375,292
2026-08-10 04:00:00,4402.89990234375,4404.39990234375,4398.60009765625,4400.2998046875,195
2026-08-10 04:10:00,4400.2998046875,4402.7001953125,4398.7001953125,4402.5,128
2026-08-10 04:20:00,4402.0,4403.0,4400.10009765625,4400.2001953125,84
2026-08-10 04:30:00,4400.39990234375,4406.7998046875,4399.5,4405.10009765625,332
2026-08-10 04:40:00,4405.10009765625,4406.7001953125,4403.10009765625,4405.0,161
2026-08-10 04:50:00,4404.60009765625,4408.0,4404.2001953125,4405.5,205
2026-08-10 05:00:00,4405.5,4406.5,4398.89990234375,4401.7001953125,432
2026-08-10 05:10:00,4401.60009765625,4402.2001953125,4400.0,4401.0,113
2026-08-10 05:20:00,4400.7998046875,4402.0,4390.7998046875,4392.0,421
2026-08-10 05:30:00,4391.89990234375,4402.60009765625,4391.39990234375,4400.89990234375,391
2026-08-10 05:40:00,4400.60009765625,4406.0,4398.2001953125,4403.2998046875,479
2026-08-10 05:50:00,4402.5,4402.89990234375,4396.10009765625,4396.7001953125,242
2026-08-10 06:00:00,4396.60009765625,4398.10009765625,4392.39990234375,4396.0,275
2026-08-10 06:10:00,4395.7998046875,4397.2998046875,4392.2001953125,4394.5,209
2026-08-10 06:20:00,4394.7001953125,4396.2001953125,4389.7998046875,4391.2998046875,399
2026-08-10 06:30:00,4391.5,4400.0,4382.0,4384.10009765625,2597
2026-08-10 06:40:00,4383.7001953125,4386.10009765625,4382.0,4384.2998046875,1250
2026-08-10 06:50:00,4384.5,4388.7998046875,4376.7001953125,4376.89990234375,1853
2026-08-10 07:00:00,4376.7001953125,4381.2001953125,4374.39990234375,4377.2001953125,860
2026-08-10 07:10:00,4377.2001953125,4381.7001953125,4373.89990234375,4381.2001953125,571
2026-08-10 07:20:00,4380.7998046875,4384.2998046875,4378.2001953125,4383.0,625
2026-08-10 07:30:00,4382.7998046875,4385.0,4379.7001953125,4384.10009765625,470
2026-08-10 07:40:00,4384.2998046875,4386.60009765625,4382.2001953125,4385.2998046875,381
2026-08-10 07:50:00,4384.60009765625,4392.10009765625,4384.5,4390.89990234375,614
2026-08-10 08:00:00,4391.0,4392.5,4384.60009765625,4385.60009765625,653
2026-08-10 08:10:00,4385.89990234375,4390.0,4381.2998046875,4383.39990234375,635
2026-08-10 08:20:00,4383.7001953125,4384.7001953125,4379.0,4380.0,583
2026-08-10 08:30:00,4379.60009765625,4381.10009765625,4377.39990234375,4377.60009765625,298
2026-08-10 08:40:00,4377.7998046875,4384.2001953125,4377.60009765625,4384.2001953125,439
2026-08-10 08:50:00,4384.2001953125,4388.2998046875,4383.2998046875,4387.89990234375,625
2026-08-10 09:00:00,4387.7001953125,4390.2998046875,4386.2001953125,4387.60009765625,362
2026-08-10 09:10:00,4387.2001953125,4388.10009765625,4384.60009765625,4387.5,286
2026-08-10 09:20:00,4387.60009765625,4388.60009765625,4386.89990234375,4387.7998046875,153
2026-08-10 09:30:00,4387.7001953125,4389.0,4383.60009765625,4387.5,679
2026-08-10 09:40:00,4387.89990234375,4394.2998046875,4387.89990234375,4394.2998046875,743
2026-08-10 09:50:00,4394.0,4397.7998046875,4393.5,4394.5,375
2026-08-10 10:00:00,4394.89990234375,4396.60009765625,4393.2998046875,4393.7998046875,276
2026-08-10 10:10:00,4393.89990234375,4395.0,4389.7998046875,4393.39990234375,732
2026-08-10 10:20:00,4393.89990234375,4399.7998046875,4393.0,4399.5,576
2026-08-10 10:30:00,4399.10009765625,4399.7001953125,4395.0,4396.2998046875,517
2026-08-10 10:40:00,4396.39990234375,4396.39990234375,4392.60009765625,4392.89990234375,492
2026-08-10 10:50:00,4393.10009765625,4396.0,4393.10009765625,4393.7001953125,225
2026-08-10 11:00:00,4393.5,4402.2001953125,4391.5,4401.5,1187
2026-08-10 11:10:00,4401.89990234375,4407.2998046875,4399.10009765625,4406.10009765625,1030
2026-08-10 11:20:00,4406.0,4412.5,4405.0,4407.0,930
2026-08-10 11:30:00,4407.2998046875,4407.5,4401.5,4405.7001953125,694
2026-08-10 11:40:00,4405.7001953125,4409.89990234375,4402.5,4402.7998046875,530
2026-08-10 11:50:00,4402.60009765625,4407.7998046875,4402.2998046875,4407.7001953125,548
2026-08-10 12:00:00,4407.60009765625,4409.39990234375,4405.2998046875,4408.2001953125,1002
2026-08-10 12:10:00,4408.2998046875,4418.0,4406.5,4416.2001953125,1166
2026-08-10 12:20:00,4416.10009765625,4419.5,4415.10009765625,4417.7998046875,512
2026-08-10 12:30:00,4417.7998046875,4418.39990234375,4413.10009765625,4413.5,705
2026-08-10 12:40:00,4413.0,4416.2998046875,4409.39990234375,4413.60009765625,1169
2026-08-10 12:50:00,4414.0,4418.5,4411.5,4414.5,754
2026-08-10 13:00:00,4414.2998046875,4419.5,4412.0,4418.0,677
2026-08-10 13:10:00,4418.0,4421.5,4415.7001953125,4416.5,774
2026-08-10 13:20:00,4416.7998046875,4417.89990234375,4414.0,4414.7001953125,368
2026-08-10 13:30:00,4415.0,4415.5,4411.10009765625,4412.7001953125,665
2026-08-10 13:40:00,4411.60009765625,4414.7998046875,4411.2998046875,4414.10009765625,215
2026-08-10 13:50:00,4414.5,4415.7001953125,4411.39990234375,4415.10009765625,478
2026-08-10 14:00:00,4414.7998046875,4416.0,4407.5,4407.5,783
2026-08-10 14:10:00,4407.7001953125,4408.7998046875,4404.7001953125,4405.60009765625,804
2026-08-10 14:20:00,4405.39990234375,4407.60009765625,4402.89990234375,4405.60009765625,1408
2026-08-10 14:30:00,4405.60009765625,4408.10009765625,4404.60009765625,4406.7998046875,816
2026-08-10 14:40:00,4406.60009765625,4409.2001953125,4405.2998046875,4406.2998046875,855
2026-08-10 14:50:00,4406.2998046875,4408.0,4404.10009765625,4406.10009765625,408
2026-08-10 15:00:00,4405.7001953125,4406.10009765625,4398.39990234375,4401.39990234375,1767
2026-08-10 15:10:00,4401.39990234375,4404.7998046875,4401.0,4401.39990234375,565
2026-08-10 15:20:00,4401.7998046875,4402.60009765625,4399.7998046875,4400.10009765625,266
2026-08-10 15:30:00,4400.39990234375,4400.7998046875,4398.2001953125,4399.60009765625,762
2026-08-10 15:40:00,4399.60009765625,4400.7998046875,4398.5,4400.7001953125,343
2026-08-10 15:50:00,4400.7001953125,4403.2001953125,4400.0,4402.60009765625,427
2026-08-10 16:00:00,4402.7001953125,4403.2998046875,4397.39990234375,4398.89990234375,503
2026-08-10 16:10:00,4398.7001953125,4399.0,4396.7001953125,4397.2998046875,327
2026-08-10 16:20:00,4397.10009765625,4400.0,4394.60009765625,4395.2001953125,908
2026-08-10 16:30:00,4395.2998046875,4396.0,4392.10009765625,4392.89990234375,765
2026-08-10 16:40:00,4393.10009765625,4393.2001953125,4386.2998046875,4388.89990234375,902
2026-08-10 16:50:00,4388.7998046875,4395.7001953125,4388.0,4394.0,678
2026-08-10 17:00:00,4393.7001953125,4398.39990234375,4393.7001953125,4398.2998046875,720
2026-08-10 17:10:00,4398.2001953125,4398.5,4391.2001953125,4391.89990234375,422
2026-08-10 17:20:00,4392.0,4395.2001953125,4391.2998046875,4393.89990234375,402
2026-08-10 17:30:00,4393.7998046875,4396.39990234375,4391.0,4394.0,617
2026-08-10 17:40:00,4393.89990234375,4394.5,4387.2001953125,4387.2001953125,684
2026-08-10 17:50:00,4387.7001953125,4390.0,4382.7998046875,4386.5,991
2026-08-10 18:00:00,4386.39990234375,4391.5,4385.2001953125,4389.7998046875,982
2026-08-10 18:10:00,4390.0,4392.10009765625,4387.2998046875,4390.5,556
2026-08-10 18:20:00,4390.2001953125,4394.60009765625,4388.5,4391.60009765625,676
2026-08-10 18:30:00,4391.10009765625,4393.39990234375,4384.7998046875,4393.2001953125,1362
2026-08-10 18:40:00,4393.2998046875,4396.60009765625,4392.7998046875,4394.10009765625,1051
2026-08-10 18:50:00,4393.89990234375,4395.7001953125,4387.89990234375,4394.0,983
2026-08-10 19:00:00,4394.0,4398.39990234375,4390.60009765625,4396.39990234375,1945
2026-08-10 19:10:00,4396.5,4396.7001953125,4383.0,4385.7998046875,2012
2026-08-10 19:20:00,4385.89990234375,4386.60009765625,4375.0,4376.2998046875,2886
2026-08-10 19:30:00,4376.2001953125,4385.0,4376.2001953125,4383.0,2024
2026-08-10 19:40:00,4383.2001953125,4395.2998046875,4383.2001953125,4392.89990234375,2312
2026-08-10 19:50:00,4393.0,4407.2001953125,4391.39990234375,4404.39990234375,3036
2026-08-10 20:00:00,4404.2998046875,4411.2998046875,4404.0,4406.0,2526
2026-08-10 20:10:00,4406.10009765625,4410.60009765625,4405.5,4407.2998046875,1758
2026-08-10 20:20:00,4407.2001953125,4407.2001953125,4402.39990234375,4405.2001953125,1035
2026-08-10 20:30:00,4405.2001953125,4411.7998046875,4402.7001953125,4404.60009765625,1899
2026-08-10 20:40:00,4404.39990234375,4411.60009765625,4403.0,4409.10009765625,1420
2026-08-10 20:50:00,4409.10009765625,4412.2001953125,4406.7001953125,4408.7998046875,948
2026-08-10 21:00:00,4409.0,4411.60009765625,4407.39990234375,4409.7998046875,940
2026-08-10 21:10:00,4409.89990234375,4412.7001953125,4408.0,4411.2001953125,1055
2026-08-10 21:20:00,4411.7001953125,4419.2001953125,4411.7001953125,4417.89990234375,1309
2026-08-10 21:30:00,4418.10009765625,4423.7998046875,4416.39990234375,4422.89990234375,2185
2026-08-10 21:40:00,4422.7001953125,4424.5,4420.5,4420.7998046875,829
2026-08-10 21:50:00,4420.7001953125,4424.0,4420.7001953125,4422.10009765625,527
2026-08-10 22:00:00,4422.2001953125,4422.5,4408.60009765625,4414.7998046875,2619
2026-08-10 22:10:00,4415.0,4416.2001953125,4410.39990234375,4412.89990234375,1092
2026-08-10 22:20:00,4413.10009765625,4416.5,4411.5,4416.2998046875,602
2026-08-10 22:30:00,4416.39990234375,4417.10009765625,4410.5,4414.89990234375,1032
2026-08-10 22:40:00,4415.10009765625,4417.2998046875,4414.39990234375,4416.10009765625,857
2026-08-10 22:50:00,4416.5,4420.5,4416.5,4420.5,1724
2026-08-10 23:00:00,4420.2998046875,4425.2001953125,4418.89990234375,4423.2001953125,1044
2026-08-10 23:10:00,4423.2998046875,4423.2998046875,4417.0,4419.7001953125,654
2026-08-10 23:20:00,4419.5,4420.60009765625,4416.60009765625,4419.2001953125,368
2026-08-10 23:30:00,4419.39990234375,4424.7998046875,4418.7998046875,4422.7998046875,742
2026-08-10 23:40:00,4423.0,4423.7998046875,4420.7001953125,4422.2001953125,367
2026-08-10 23:50:00,4422.0,4426.5,4421.39990234375,4425.0,729
2026-08-11 00:00:00,4425.2001953125,4441.10009765625,4424.5,4440.7001953125,2977
2026-08-11 00:10:00,4440.7998046875,4442.5,4432.7998046875,4436.0,1207
2026-08-11 00:20:00,4435.7998046875,4438.2998046875,4434.2998046875,4437.7001953125,516
2026-08-11 00:30:00,4437.7998046875,4441.89990234375,4437.7998046875,4441.10009765625,638
2026-08-11 00:40:00,4441.0,4442.2998046875,4439.89990234375,4442.10009765625,567
2026-08-11 00:50:00,4442.10009765625,4450.7001953125,4441.7998046875,4449.7001953125,1905
2026-08-11 01:00:00,4449.7998046875,4453.10009765625,4443.2998046875,4446.7001953125,1324
2026-08-11 01:10:00,4446.7998046875,4453.7998046875,4445.7998046875,4452.89990234375,1060
2026-08-11 01:20:00,4452.5,4453.7998046875,4445.89990234375,4446.7998046875,1334
2026-08-11 01:30:00,4447.0,4449.2001953125,4444.7001953125,4444.7001953125,337
2026-08-11 01:40:00,4445.0,4450.39990234375,4445.0,4448.7001953125,391
2026-08-11 01:50:00,4448.89990234375,4451.10009765625,4445.5,4450.2001953125,279
2026-08-11 02:00:00,4450.2998046875,4451.2998046875,4449.2001953125,4449.5,195
2026-08-11 02:10:00,4449.2998046875,4450.5,4448.0,4448.10009765625,228
2026-08-11 02:20:00,4447.89990234375,4450.0,4447.60009765625,4448.60009765625,320
2026-08-11 02:30:00,,,,,0
2026-08-11 02:40:00,,,,,0
2026-08-11 02:50:00,,,,,0
2026-08-11 03:00:00,,,,,0
2026-08-11 03:10:00,,,,,0
2026-08-11 03:20:00,,,,,0
2026-08-11 03:30:00,4446.89990234375,4451.89990234375,4443.2001953125,4450.5,100
2026-08-11 03:40:00,4450.10009765625,4452.2998046875,4450.0,4451.5,145
2026-08-11 03:50:00,4451.39990234375,4452.60009765625,4451.0,4451.0,128
2026-08-11 04:00:00,4451.2998046875,4453.5,4451.2998046875,4453.10009765625,193
2026-08-11 04:10:00,4453.10009765625,4457.7998046875,4452.7001953125,4456.7001953125,570
2026-08-11 04:20:00,4456.7001953125,4460.39990234375,4456.39990234375,4459.0,427
2026-08-11 04:30:00,4459.10009765625,4461.60009765625,4455.2998046875,4455.89990234375,832
2026-08-11 04:40:00,4456.2001953125,4457.0,4453.89990234375,4454.60009765625,248
2026-08-11 04:50:00,4454.7998046875,4455.5,4454.0,4455.10009765625,134
2026-08-11 05:00:00,4454.89990234375,4458.5,4454.39990234375,4458.2998046875,283
2026-08-11 05:10:00,4458.10009765625,4458.7998046875,4456.2001953125,4457.39990234375,205
2026-08-11 05:20:00,4457.2001953125,4462.39990234375,4455.7001953125,4462.10009765625,395
2026-08-11 05:30:00,4462.2998046875,4466.0,4456.0,4465.60009765625,1096
2026-08-11 05:40:00,4465.89990234375,4468.60009765625,4463.60009765625,4465.39990234375,751
2026-08-11 05:50:00,4465.2998046875,4475.5,4465.2998046875,4473.5,1245
2026-08-11 06:00:00,4473.10009765625,4473.2998046875,4467.7001953125,4471.10009765625,540
2026-08-11 06:10:00,4470.7001953125,4478.60009765625,4466.5,4472.2998046875,1329
2026-08-11 06:20:00,4472.39990234375,4472.39990234375,4467.2998046875,4468.5,404
2026-08-11 06:30:00,4469.0,4469.2001953125,4453.0,4468.10009765625,2445
2026-08-11 06:40:00,4468.2001953125,4479.39990234375,4468.10009765625,4474.39990234375,1351
2026-08-11 06:50:00,4474.2998046875,4480.0,4473.2001953125,4479.2001953125,838
2026-08-11 07:00:00,4479.39990234375,4481.89990234375,4476.7998046875,4479.7998046875,949
2026-08-11 07:10:00,4480.0,4487.5,4474.60009765625,4486.60009765625,1583
2026-08-11 07:20:00,4487.0,4493.7001953125,4485.2998046875,4489.2001953125,1431
2026-08-11 07:30:00,4489.2001953125,4489.7001953125,4481.0,4483.10009765625,1286
2026-08-11 07:40:00,4483.2998046875,4495.0,4482.89990234375,4491.7998046875,1241
2026-08-11 07:50:00,4491.5,4492.0,4486.0,4488.5,978
2026-08-11 08:00:00,4488.2001953125,4489.10009765625,4473.89990234375,4476.0,1319
2026-08-11 08:10:00,4476.2998046875,4481.39990234375,4474.89990234375,4475.0,657
2026-08-11 08:20:00,4474.7998046875,4475.2001953125,4468.0,4470.7998046875,823
2026-08-11 08:30:00,4470.7001953125,4475.0,4469.60009765625,4473.7001953125,455
2026-08-11 08:40:00,4473.39990234375,4477.2001953125,4472.10009765625,4477.2001953125,365
2026-08-11 08:50:00,4476.60009765625,4480.7998046875,4474.39990234375,4480.0,451
2026-08-11 09:00:00,4480.2998046875,4481.39990234375,4478.2001953125,4478.5,245
2026-08-11 09:10:00,4478.60009765625,4479.60009765625,4473.7001953125,4474.2001953125,476
2026-08-11 09:20:00,4474.7998046875,4478.60009765625,4473.7998046875,4477.0,242
2026-08-11 09:30:00,4476.5,4479.2001953125,4473.7001953125,4473.7001953125,434
2026-08-11 09:40:00,4474.0,4475.89990234375,4472.0,4473.10009765625,499
2026-08-11 09:50:00,4472.89990234375,4475.10009765625,4469.7001953125,4474.89990234375,439
2026-08-11 10:00:00,4474.60009765625,4480.2998046875,4470.7998046875,4474.0,1106
2026-08-11 10:10:00,4473.7998046875,4474.7998046875,4466.7998046875,4467.60009765625,522
2026-08-11 10:20:00,4467.39990234375,4469.10009765625,4463.2998046875,4468.7001953125,866
2026-08-11 10:30:00,4468.7998046875,4468.89990234375,4462.39990234375,4465.7001953125,378
2026-08-11 10:40:00,4466.0,4466.0,4457.2998046875,4458.5,854
2026-08-11 10:50:00,4458.2998046875,4459.2998046875,4450.0,4451.7998046875,1200
2026-08-11 11:00:00,4451.60009765625,4451.60009765625,4432.2001953125,4439.2998046875,3591
2026-08-11 11:10:00,4439.2998046875,4439.89990234375,4431.7998046875,4431.7998046875,1226
2026-08-11 11:20:00,4431.7001953125,4435.2998046875,4427.10009765625,4435.2001953125,1510
2026-08-11 11:30:00,4434.7001953125,4442.0,4431.2998046875,4442.0,1595
2026-08-11 11:40:00,4441.60009765625,4441.60009765625,4428.5,4428.7998046875,1083
2026-08-11 11:50:00,4428.89990234375,4433.7998046875,4421.0,4422.89990234375,1773
2026-08-11 12:00:00,4422.7998046875,4427.5,4418.7998046875,4427.5,1478
2026-08-11 12:10:00,4427.0,4428.60009765625,4422.10009765625,4425.60009765625,428
2026-08-11 12:20:00,4426.10009765625,4426.60009765625,4418.7001953125,4425.2998046875,974
2026-08-11 12:30:00,4425.2001953125,4426.5,4420.39990234375,4420.7998046875,795
2026-08-11 12:40:00,4420.7001953125,4423.60009765625,4416.7998046875,4418.7998046875,700
2026-08-11 12:50:00,4419.0,4425.2001953125,4416.60009765625,4422.2001953125,767
2026-08-11 13:00:00,4422.5,4424.10009765625,4417.7998046875,4417.89990234375,540
2026-08-11 13:10:00,4418.2001953125,4418.60009765625,4415.7001953125,4418.10009765625,564
2026-08-11 13:20:00,4418.2998046875,4420.7001953125,4415.7998046875,4416.60009765625,666
2026-08-11 13:30:00,4417.10009765625,4426.5,4416.10009765625,4424.7998046875,987
2026-08-11 13:40:00,4424.7001953125,4426.2001953125,4419.0,4421.5,624
2026-08-11 13:50:00,4421.0,4428.39990234375,4418.0,4427.7001953125,1006
2026-08-11 14:00:00,4427.5,4433.7998046875,4427.39990234375,4433.2998046875,1167
2026-08-11 14:10:00,4432.7998046875,4434.60009765625,4431.10009765625,4433.0,683
2026-08-11 14:20:00,4432.7998046875,4435.5,4427.7001953125,4428.10009765625,835
2026-08-11 14:30:00,4428.0,4431.2998046875,4426.10009765625,4429.0,571
2026-08-11 14:40:00,4429.2001953125,4432.7001953125,4428.7001953125,4432.7001953125,316
2026-08-11 14:50:00,4432.5,4434.39990234375,4429.5,4430.2998046875,1085
2026-08-11 15:00:00,4430.5,4433.89990234375,4428.7998046875,4431.7001953125,941
2026-08-11 15:10:00,4432.2998046875,4433.7998046875,4429.10009765625,4432.5,440
2026-08-11 15:20:00,4432.89990234375,4432.89990234375,4429.89990234375,4431.39990234375,268
2026-08-11 15:30:00,4431.2998046875,4433.60009765625,4430.0,4432.5,334
2026-08-11 15:40:00,4432.89990234375,4435.0,4431.5,4431.5,313
2026-08-11 15:50:00,4431.39990234375,4441.0,4431.2001953125,4437.2998046875,1058
2026-08-11 16:00:00,4437.2998046875,4440.10009765625,4436.2001953125,4436.5,617
2026-08-11 16:10:00,4436.39990234375,4439.7001953125,4435.5,4439.7001953125,507
2026-08-11 16:20:00,4439.7001953125,4441.2001953125,4437.2998046875,4441.2001953125,547
2026-08-11 16:30:00,4441.10009765625,4451.7998046875,4439.10009765625,4448.7998046875,2484
2026-08-11 16:40:00,4449.0,4450.7001953125,4446.2998046875,4448.39990234375,835
2026-08-11 16:50:00,4448.5,4449.7998046875,4443.60009765625,4445.7001953125,825
2026-08-11 17:00:00,4445.89990234375,4446.39990234375,4441.7998046875,4443.0,503
2026-08-11 17:10:00,4443.0,4447.60009765625,4441.39990234375,4445.89990234375,1132
2026-08-11 17:20:00,4446.10009765625,4448.10009765625,4443.39990234375,4446.10009765625,511
2026-08-11 17:30:00,4446.2001953125,4453.7998046875,4442.2001953125,4452.0,1400
2026-08-11 17:40:00,4452.5,4456.39990234375,4450.2001953125,4454.10009765625,1476
2026-08-11 17:50:00,4454.39990234375,4458.39990234375,4446.2001953125,4449.2001953125,3234
2026-08-11 18:00:00,4449.7001953125,4453.2998046875,4446.7998046875,4447.89990234375,1649
2026-08-11 18:10:00,4448.5,4458.7998046875,4448.0,4455.89990234375,2166
2026-08-11 18:20:00,4455.89990234375,4456.2998046875,4450.2001953125,4450.60009765625,936
2026-08-11 18:30:00,4450.7001953125,4457.7998046875,4449.7001953125,4457.7001953125,1582
2026-08-11 18:40:00,4457.7998046875,4459.7001953125,4448.39990234375,4453.2998046875,1605
2026-08-11 18:50:00,4453.2001953125,4459.89990234375,4453.2001953125,4456.7998046875,1217
2026-08-11 19:00:00,4457.2001953125,4459.39990234375,4447.7001953125,4458.7001953125,2344
2026-08-11 19:10:00,4459.0,4463.2998046875,4451.60009765625,4454.0,2555
2026-08-11 19:20:00,4454.39990234375,4455.7001953125,4442.89990234375,4448.2001953125,2496
2026-08-11 19:30:00,4448.2001953125,4449.2998046875,4439.89990234375,4443.7998046875,3148
2026-08-11 19:40:00,4443.7998046875,4449.2998046875,4441.2998046875,4444.89990234375,1336
2026-08-11 19:50:00,4444.5,4448.89990234375,4440.60009765625,4443.10009765625,1465
2026-08-11 20:00:00,4443.0,4452.7001953125,4443.0,4451.0,1902
2026-08-11 20:10:00,4451.39990234375,4455.5,4450.10009765625,4452.89990234375,905
2026-08-11 20:20:00,4452.7998046875,4457.39990234375,4451.10009765625,4453.60009765625,1424
2026-08-11 20:30:00,4453.60009765625,4458.2001953125,4449.39990234375,4450.5,1430
2026-08-11 20:40:00,4450.2998046875,4455.60009765625,4441.2001953125,4445.2001953125,2117
2026-08-11 20:50:00,4445.0,4448.7001953125,4440.89990234375,4445.7998046875,1378
2026-08-11 21:00:00,4445.5,4445.7998046875,4430.7001953125,4430.7001953125,2570
2026-08-11 21:10:00,4430.60009765625,4437.39990234375,4428.2001953125,4435.7001953125,1561
2026-08-11 21:20:00,4435.60009765625,4443.39990234375,4434.89990234375,4443.2001953125,1224
2026-08-11 21:30:00,4443.5,4444.39990234375,4438.2998046875,4439.2998046875,886
2026-08-11 21:40:00,4440.10009765625,4441.39990234375,4438.2001953125,4438.89990234375,353
2026-08-11 21:50:00,4438.60009765625,4443.2001953125,4438.2001953125,4442.39990234375,432
2026-08-11 22:00:00,4442.60009765625,4444.39990234375,4438.89990234375,4443.2998046875,628
2026-08-11 22:10:00,4443.2998046875,4445.2998046875,4441.39990234375,4442.5,411
2026-08-11 22:20:00,4442.39990234375,4444.7998046875,4440.60009765625,4443.10009765625,602
2026-08-11 22:30:00,4443.2998046875,4445.7001953125,4441.39990234375,4444.2998046875,564
2026-08-11 22:40:00,4444.2001953125,4444.5,4439.39990234375,4442.7998046875,971
2026-08-11 22:50:00,4442.60009765625,4443.7998046875,4438.2998046875,4440.7998046875,2320
2026-08-11 23:00:00,4440.60009765625,4441.5,4433.89990234375,4436.2001953125,1120
2026-08-11 23:10:00,4436.5,4437.7998046875,4434.5,4436.0,462
2026-08-11 23:20:00,4436.2001953125,4436.2998046875,4428.2001953125,4428.2998046875,1123
2026-08-11 23:30:00,4428.5,4428.7001953125,4420.2001953125,4420.7001953125,1881
2026-08-11 23:40:00,4421.2998046875,4426.5,4419.7001953125,4425.89990234375,1196
2026-08-11 23:50:00,4425.89990234375,4425.89990234375,4419.7001953125,4420.5,956
2026-08-12 00:00:00,4420.39990234375,4430.2001953125,4420.2998046875,4429.5,799
2026-08-12 00:10:00,4429.2001953125,4431.89990234375,4427.89990234375,4430.39990234375,575
2026-08-12 00:20:00,4430.60009765625,4431.60009765625,4428.89990234375,4430.39990234375,374
2026-08-12 00:30:00,4430.39990234375,4431.2001953125,4422.2998046875,4423.7998046875,1286
2026-08-12 00:40:00,4423.7001953125,4426.5,4420.0,4421.60009765625,1018
2026-08-12 00:50:00,4421.60009765625,4430.2001953125,4420.89990234375,4429.7001953125,1526
2026-08-12 01:00:00,4429.7998046875,4433.60009765625,4427.7001953125,4429.7998046875,1002
2026-08-12 01:10:00,4429.5,4429.7001953125,4425.7001953125,4429.39990234375,397
2026-08-12 01:20:00,4429.10009765625,4432.10009765625,4425.60009765625,4429.7001953125,847
2026-08-12 01:30:00,4429.2998046875,4429.89990234375,4427.10009765625,4429.2001953125,356
2026-08-12 01:40:00,4429.0,4430.0,4426.5,4426.89990234375,96
2026-08-12 01:50:00,4427.10009765625,4430.0,4426.7998046875,4429.2998046875,151
2026-08-12 02:00:00,4429.5,4429.5,4428.0,4428.7001953125,82
2026-08-12 02:10:00,4428.5,4428.5,4426.10009765625,4426.39990234375,102
2026-08-12 02:20:00,4426.60009765625,4428.2998046875,4426.10009765625,4427.7998046875,118
2026-08-12 02:30:00,,,,,0
2026-08-12 02:40:00,,,,,0
2026-08-12 02:50:00,,,,,0
2026-08-12 03:00:00,,,,,0
2026-08-12 03:10:00,,,,,0
2026-08-12 03:20:00,,,,,0
2026-08-12 03:30:00,4430.0,4433.0,4427.7998046875,4432.5,129
2026-08-12 03:40:00,4432.39990234375,4433.60009765625,4431.5,4432.7998046875,325
2026-08-12 03:50:00,4433.0,4435.2001953125,4432.89990234375,4434.89990234375,414
2026-08-12 04:00:00,4434.89990234375,4436.2998046875,4434.2998046875,4434.7998046875,458
2026-08-12 04:10:00,4434.89990234375,4437.7998046875,4432.7001953125,4433.5,781
2026-08-12 04:20:00,4433.7001953125,4434.2998046875,4426.10009765625,4427.89990234375,985
2026-08-12 04:30:00,4428.7001953125,4428.7001953125,4421.39990234375,4423.60009765625,1207
2026-08-12 04:40:00,4423.7001953125,4430.2998046875,4423.39990234375,4429.5,820
2026-08-12 04:50:00,4429.60009765625,4433.0,4426.7001953125,4431.60009765625,719
2026-08-12 05:00:00,4431.5,4431.60009765625,4425.60009765625,4426.7001953125,458
2026-08-12 05:10:00,4427.2001953125,4429.5,4426.2001953125,4428.2001953125,130
2026-08-12 05:20:00,4427.60009765625,4431.0,4427.2001953125,4430.39990234375,128
2026-08-12 05:30:00,4430.60009765625,4430.60009765625,4426.0,4430.2998046875,473
2026-08-12 05:40:00,4430.2001953125,4439.2001953125,4429.7001953125,4439.2001953125,499
2026-08-12 05:50:00,4439.39990234375,4440.5,4436.7998046875,4440.0,290
2026-08-12 06:00:00,4440.5,4442.89990234375,4438.7998046875,4440.7001953125,550
2026-08-12 06:10:00,4441.2998046875,4442.60009765625,4440.39990234375,4440.89990234375,213
2026-08-12 06:20:00,4441.0,4441.39990234375,4437.2001953125,4440.2001953125,334
2026-08-12 06:30:00,4440.2998046875,4447.2998046875,4438.0,4447.10009765625,1030
2026-08-12 06:40:00,4446.60009765625,4451.5,4446.2001953125,4450.7998046875,1020
2026-08-12 06:50:00,4450.89990234375,4454.0,4448.7998046875,4450.0,537
2026-08-12 07:00:00,4450.10009765625,4451.0,4444.7001953125,4446.7998046875,778
2026-08-12 07:10:00,4447.10009765625,4455.7998046875,4446.7001953125,4454.5,667
2026-08-12 07:20:00,4454.89990234375,4456.89990234375,4452.7998046875,4456.2001953125,705
2026-08-12 07:30:00,4456.10009765625,4457.7998046875,4453.89990234375,4456.89990234375,759
2026-08-12 07:40:00,4457.0,4464.0,4457.0,4460.60009765625,1273
2026-08-12 07:50:00,4460.5,4462.7001953125,4459.89990234375,4461.5,570
2026-08-12 08:00:00,4461.2998046875,4462.7001953125,4456.7001953125,4458.7998046875,709
2026-08-12 08:10:00,4459.0,4470.7001953125,4458.7998046875,4469.10009765625,1387
2026-08-12 08:20:00,4468.7998046875,4474.2001953125,4468.7998046875,4470.7998046875,1163
2026-08-12 08:30:00,4471.10009765625,4475.7001953125,4468.10009765625,4473.39990234375,1028
2026-08-12 08:40:00,4473.5,4474.60009765625,4466.39990234375,4467.10009765625,717
2026-08-12 08:50:00,4467.39990234375,4468.2001953125,4464.5,4467.10009765625,523
2026-08-12 09:00:00,4468.2998046875,4468.7998046875,4463.7998046875,4464.2001953125,432
2026-08-12 09:10:00,4464.0,4464.5,4461.39990234375,4462.5,568
2026-08-12 09:20:00,4462.60009765625,4463.7998046875,4460.60009765625,4461.7998046875,344
2026-08-12 09:30:00,4462.39990234375,4463.10009765625,4459.60009765625,4460.0,289
2026-08-12 09:40:00,4460.2998046875,4460.2998046875,4455.39990234375,4456.5,579
2026-08-12 09:50:00,4456.7001953125,4459.5,4456.5,4459.10009765625,309
2026-08-12 10:00:00,4459.2998046875,4460.10009765625,4457.2001953125,4459.0,263
2026-08-12 10:10:00,4458.89990234375,4462.39990234375,4455.2998046875,4461.39990234375,585
2026-08-12 10:20:00,4461.39990234375,4462.0,4459.10009765625,4461.0,314
2026-08-12 10:30:00,4460.89990234375,4464.89990234375,4460.0,4464.7001953125,501
2026-08-12 10:40:00,4464.2998046875,4465.10009765625,4456.89990234375,4458.39990234375,581
2026-08-12 10:50:00,4458.7998046875,4458.89990234375,4451.89990234375,4452.39990234375,921
2026-08-12 11:00:00,4452.2001953125,4456.7001953125,4449.0,4453.60009765625,966
2026-08-12 11:10:00,4453.10009765625,4454.10009765625,4445.2001953125,4445.5,801
2026-08-12 11:20:00,4445.2998046875,4454.10009765625,4444.0,4451.0,769
2026-08-12 11:30:00,4450.89990234375,4452.89990234375,4445.2998046875,4446.5,695
2026-08-12 11:40:00,4446.39990234375,4450.2998046875,4445.5,4449.39990234375,425
2026-08-12 11:50:00,4449.2001953125,4450.60009765625,4447.10009765625,4449.60009765625,450
2026-08-12 12:00:00,4449.89990234375,4455.0,4448.5,4453.7001953125,882
2026-08-12 12:10:00,4453.7998046875,4460.60009765625,4453.5,4459.7998046875,969
2026-08-12 12:20:00,4459.60009765625,4466.10009765625,4459.5,4463.2001953125,1133
2026-08-12 12:30:00,4463.0,4465.7001953125,4460.39990234375,4461.39990234375,890
2026-08-12 12:40:00,4461.7998046875,4465.39990234375,4457.89990234375,4458.5,712
2026-08-12 12:50:00,4458.60009765625,4462.10009765625,4457.39990234375,4461.7001953125,463
2026-08-12 13:00:00,4461.7001953125,4467.0,4460.7998046875,4466.7001953125,715
2026-08-12 13:10:00,4466.7001953125,4469.39990234375,4465.10009765625,4468.0,1036
2026-08-12 13:20:00,4468.5,4469.5,4464.10009765625,4465.89990234375,621
2026-08-12 13:30:00,4465.89990234375,4470.10009765625,4465.2998046875,4466.89990234375,587
2026-08-12 13:40:00,4466.89990234375,4469.0,4465.7998046875,4466.7001953125,446
2026-08-12 13:50:00,4466.89990234375,4469.0,4465.0,4466.60009765625,557
2026-08-12 14:00:00,4466.39990234375,4466.89990234375,4463.89990234375,4465.10009765625,659
2026-08-12 14:10:00,4464.89990234375,4465.39990234375,4461.89990234375,4463.2998046875,330
2026-08-12 14:20:00,4463.60009765625,4464.2001953125,4460.60009765625,4460.60009765625,254
2026-08-12 14:30:00,4460.89990234375,4468.60009765625,4460.89990234375,4468.10009765625,732
2026-08-12 14:40:00,4468.2998046875,4477.39990234375,4467.2998046875,4475.10009765625,1232
2026-08-12 14:50:00,4475.10009765625,4484.2001953125,4472.5,4472.7001953125,1983
2026-08-12 15:00:00,4472.7001953125,4476.10009765625,4471.60009765625,4475.89990234375,1032
2026-08-12 15:10:00,4475.7998046875,4476.7998046875,4472.0,4472.2998046875,585
2026-08-12 15:20:00,4472.5,4476.2001953125,4470.0,4475.39990234375,1100
2026-08-12 15:30:00,4475.5,4479.7998046875,4474.10009765625,4477.5,744
2026-08-12 15:40:00,4477.39990234375,4479.5,4476.60009765625,4479.2998046875,588
2026-08-12 15:50:00,4479.2001953125,4480.39990234375,4477.39990234375,4479.2001953125,501
2026-08-12 16:00:00,4479.2001953125,4479.2001953125,4472.2001953125,4473.39990234375,808
2026-08-12 16:10:00,4473.7001953125,4475.0,4465.89990234375,4468.60009765625,978
2026-08-12 16:20:00,4468.60009765625,4472.2998046875,4467.60009765625,4472.0,491
2026-08-12 16:30:00,4472.2998046875,4474.5,4469.0,4470.39990234375,620
2026-08-12 16:40:00,4470.39990234375,4470.89990234375,4467.2001953125,4469.7001953125,706
2026-08-12 16:50:00,4469.7001953125,4476.60009765625,4469.39990234375,4474.60009765625,1077
2026-08-12 17:00:00,4474.89990234375,4475.7001953125,4469.89990234375,4471.60009765625,479
2026-08-12 17:10:00,4471.7001953125,4474.10009765625,4471.60009765625,4473.2998046875,394
2026-08-12 17:20:00,4473.5,4475.2998046875,4472.10009765625,4472.39990234375,841
2026-08-12 17:30:00,4472.39990234375,4472.60009765625,4466.10009765625,4466.7998046875,1144
2026-08-12 17:40:00,4466.60009765625,4468.89990234375,4465.5,4467.7998046875,1146
2026-08-12 17:50:00,4467.7998046875,4487.7001953125,4463.5,4487.7001953125,2966
2026-08-12 18:00:00,4488.0,4492.89990234375,4440.0,4489.2001953125,11038
2026-08-12 18:10:00,4489.0,4498.0,4475.89990234375,4481.2998046875,6608
2026-08-12 18:20:00,4481.39990234375,4499.2998046875,4481.0,4498.2001953125,2693
2026-08-12 18:30:00,4497.7998046875,4502.7001953125,4486.7998046875,4489.7001953125,4216
2026-08-12 18:40:00,4490.2001953125,4490.89990234375,4480.0,4484.0,2329
2026-08-12 18:50:00,4484.5,4487.5,4474.39990234375,4478.2001953125,1952
2026-08-12 19:00:00,4478.39990234375,4480.89990234375,4470.0,4471.60009765625,3286
2026-08-12 19:10:00,4471.7001953125,4488.2001953125,4468.0,4487.89990234375,3990
2026-08-12 19:20:00,4488.10009765625,4494.0,4486.2998046875,4487.39990234375,2610
2026-08-12 19:30:00,4487.5,4490.10009765625,4480.39990234375,4489.5,2605
2026-08-12 19:40:00,4489.5,4497.7001953125,4489.2001953125,4496.39990234375,2307
2026-08-12 19:50:00,4496.2998046875,4499.7998046875,4490.2001953125,4491.5,1836
2026-08-12 20:00:00,4491.2998046875,4496.0,4476.10009765625,4477.7998046875,3973
2026-08-12 20:10:00,4477.7001953125,4492.0,4476.89990234375,4482.0,2485
2026-08-12 20:20:00,4481.39990234375,4483.7998046875,4475.7998046875,4481.39990234375,1757
2026-08-12 20:30:00,4481.2001953125,4482.60009765625,4474.0,4480.7001953125,1461
2026-08-12 20:40:00,4481.0,4489.5,4480.7998046875,4484.2001953125,1682
2026-08-12 20:50:00,4484.2998046875,4487.89990234375,4479.39990234375,4481.2001953125,828
2026-08-12 21:00:00,4481.10009765625,4485.0,4476.2001953125,4480.5,1040
2026-08-12 21:10:00,4480.39990234375,4481.39990234375,4473.60009765625,4475.0,965
2026-08-12 21:20:00,4475.2001953125,4481.7001953125,4470.2001953125,4480.39990234375,1550
2026-08-12 21:30:00,4480.2001953125,4485.2001953125,4477.5,4479.2001953125,1302
2026-08-12 21:40:00,4479.0,4485.89990234375,4476.39990234375,4484.89990234375,999
2026-08-12 21:50:00,4485.0,4486.2001953125,4482.10009765625,4483.0,719
2026-08-12 22:00:00,4483.10009765625,4483.7001953125,4471.10009765625,4474.0,1634
2026-08-12 22:10:00,4474.2001953125,4475.7001953125,4462.2001953125,4462.60009765625,2131
2026-08-12 22:20:00,4462.5,4466.2001953125,4455.89990234375,4461.7001953125,2316
2026-08-12 22:30:00,4461.7001953125,4468.0,4460.10009765625,4466.89990234375,1308
2026-08-12 22:40:00,4466.89990234375,4467.0,4461.89990234375,4463.5,987
2026-08-12 22:50:00,4463.7001953125,4470.0,4463.2998046875,4466.7001953125,2465
2026-08-12 23:00:00,4466.7998046875,4471.7001953125,4465.0,4465.89990234375,1129
2026-08-12 23:10:00,4466.0,4466.0,4461.5,4463.10009765625,770
2026-08-12 23:20:00,4463.2998046875,4465.7998046875,4459.0,4459.60009765625,947
2026-08-12 23:30:00,4459.2998046875,4463.89990234375,4456.0,4463.7001953125,676
2026-08-12 23:40:00,4464.0,4468.2001953125,4464.0,4468.2001953125,467
2026-08-12 23:50:00,4467.7998046875,4471.39990234375,4467.2001953125,4468.39990234375,510
2026-08-13 00:00:00,4468.39990234375,4473.10009765625,4467.89990234375,4471.0,559
2026-08-13 00:10:00,4470.89990234375,4478.10009765625,4470.39990234375,4477.39990234375,1068
2026-08-13 00:20:00,4477.2998046875,4477.39990234375,4472.89990234375,4473.2001953125,570
2026-08-13 00:30:00,4473.2001953125,4478.2998046875,4473.0,4476.10009765625,522
2026-08-13 00:40:00,4476.2001953125,4477.89990234375,4475.60009765625,4477.5,160
2026-08-13 00:50:00,4477.10009765625,4477.5,4475.60009765625,4476.60009765625,212
2026-08-13 01:00:00,4476.5,4476.5,4471.2001953125,4471.7998046875,574
2026-08-13 01:10:00,4471.7998046875,4473.2998046875,4468.5,4469.89990234375,568
2026-08-13 01:20:00,4470.10009765625,4473.89990234375,4469.7998046875,4473.89990234375,661
2026-08-13 01:30:00,4473.7001953125,4474.2998046875,4470.2998046875,4470.7001953125,423
2026-08-13 01:40:00,4471.0,4471.0,4467.0,4467.0,128
2026-08-13 01:50:00,4467.2001953125,4468.7001953125,4466.7001953125,4467.7998046875,125
2026-08-13 02:00:00,4467.89990234375,4468.7998046875,4466.7998046875,4468.10009765625,192
2026-08-13 02:10:00,4468.0,4468.7998046875,4467.10009765625,4468.39990234375,198
2026-08-13 02:20:00,4468.60009765625,4469.10009765625,4466.7001953125,4469.0,274
2026-08-13 02:30:00,,,,,0
2026-08-13 02:40:00,,,,,0
2026-08-13 02:50:00,,,,,0
2026-08-13 03:00:00,,,,,0
2026-08-13 03:10:00,,,,,0
2026-08-13 03:20:00,,,,,0
2026-08-13 03:30:00,4468.7998046875,4470.2998046875,4461.5,4462.7998046875,157
2026-08-13 03:40:00,4462.39990234375,4462.89990234375,4460.10009765625,4460.7998046875,210
2026-08-13 03:50:00,4461.0,4461.60009765625,4456.5,4457.5,314
2026-08-13 04:00:00,4457.5,4460.7001953125,4456.89990234375,4457.89990234375,198
2026-08-13 04:10:00,4457.89990234375,4459.60009765625,4457.89990234375,4458.7998046875,72
2026-08-13 04:20:00,4459.2998046875,4461.2001953125,4459.2998046875,4459.89990234375,153
2026-08-13 04:30:00,4460.10009765625,4464.0,4459.89990234375,4463.89990234375,196
2026-08-13 04:40:00,4463.7998046875,4466.7001953125,4463.60009765625,4465.7001953125,179
2026-08-13 04:50:00,4466.0,4468.39990234375,4466.0,4466.7998046875,340
2026-08-13 05:00:00,4467.39990234375,4468.89990234375,4466.39990234375,4466.60009765625,206
2026-08-13 05:10:00,4466.7998046875,4468.7001953125,4465.7001953125,4467.0,130
2026-08-13 05:20:00,4466.89990234375,4473.2001953125,4466.60009765625,4473.10009765625,301
2026-08-13 05:30:00,4473.2001953125,4481.5,4471.89990234375,4480.0,982
2026-08-13 05:40:00,4479.7998046875,4488.5,4477.2001953125,4488.0,904
2026-08-13 05:50:00,4487.2001953125,4496.60009765625,4486.0,4487.39990234375,1503
2026-08-13 06:00:00,4487.60009765625,4509.10009765625,4483.2998046875,4497.2001953125,3063
2026-08-13 06:10:00,4496.5,4500.10009765625,4488.0,4488.89990234375,1338
2026-08-13 06:20:00,4488.7001953125,4491.7998046875,4482.7001953125,4486.89990234375,1267
2026-08-13 06:30:00,4486.7001953125,4494.0,4481.39990234375,4493.89990234375,1489
2026-08-13 06:40:00,4492.89990234375,4494.10009765625,4485.39990234375,4485.5,699
2026-08-13 06:50:00,4486.0,4486.39990234375,4477.7001953125,4478.0,824
2026-08-13 07:00:00,4477.7001953125,4489.0,4477.60009765625,4483.5,784
2026-08-13 07:10:00,4483.0,4483.0,4469.2001953125,4471.7001953125,1263
2026-08-13 07:20:00,4470.89990234375,4474.7998046875,4464.7001953125,4467.0,1120
2026-08-13 07:30:00,4466.7998046875,4471.89990234375,4463.7998046875,4471.89990234375,855
2026-08-13 07:40:00,4471.7998046875,4472.60009765625,4468.5,4470.2001953125,480
2026-08-13 07:50:00,4470.39990234375,4471.0,4464.39990234375,4464.7001953125,434
2026-08-13 08:00:00,4464.2998046875,4467.10009765625,4457.0,4467.10009765625,1201
2026-08-13 08:10:00,4467.10009765625,4469.0,4464.5,4469.0,418
2026-08-13 08:20:00,4468.5,4469.2998046875,4464.2998046875,4465.7001953125,257
2026-08-13 08:30:00,4465.7998046875,4470.7001953125,4465.7001953125,4466.7001953125,408
2026-08-13 08:40:00,4466.0,4468.7001953125,4462.60009765625,4467.39990234375,335
2026-08-13 08:50:00,4467.7001953125,4468.5,4465.39990234375,4467.7998046875,207
2026-08-13 09:00:00,4467.5,4468.7998046875,4466.7001953125,4467.2001953125,215
2026-08-13 09:10:00,4467.2001953125,4467.2001953125,4463.5,4464.0,851
2026-08-13 09:20:00,4463.5,4464.39990234375,4458.0,4458.2998046875,714
2026-08-13 09:30:00,4458.7001953125,4458.7001953125,4452.0,4454.0,1955
2026-08-13 09:40:00,4454.10009765625,4454.10009765625,4449.39990234375,4452.2998046875,552
2026-08-13 09:50:00,4452.2998046875,4457.2001953125,4450.39990234375,4456.2001953125,491
2026-08-13 10:00:00,4456.2001953125,4457.5,4455.0,4455.2998046875,171
2026-08-13 10:10:00,4455.2001953125,4457.0,4453.0,4453.39990234375,331
2026-08-13 10:20:00,4453.2001953125,4456.2001953125,4452.7998046875,4455.5,202
2026-08-13 10:30:00,4455.2001953125,4455.5,4450.7001953125,4454.39990234375,729
2026-08-13 10:40:00,4454.7001953125,4463.2998046875,4452.89990234375,4459.60009765625,1225
2026-08-13 10:50:00,4459.39990234375,4465.2001953125,4458.89990234375,4464.39990234375,385
2026-08-13 11:00:00,4464.39990234375,4465.2001953125,4451.60009765625,4457.7001953125,710
2026-08-13 11:10:00,4457.5,4458.7998046875,4440.60009765625,4444.7001953125,2053
2026-08-13 11:20:00,4444.89990234375,4447.0,4437.2001953125,4440.39990234375,1284
2026-08-13 11:30:00,4440.2998046875,4443.0,4432.89990234375,4437.0,1970
2026-08-13 11:40:00,4436.89990234375,4438.2001953125,4432.5,4433.0,781
2026-08-13 11:50:00,4432.7001953125,4436.10009765625,4431.60009765625,4432.7001953125,683
2026-08-13 12:00:00,4433.10009765625,4435.7001953125,4425.60009765625,4428.60009765625,1364
2026-08-13 12:10:00,4429.10009765625,4436.10009765625,4428.89990234375,4435.10009765625,876
2026-08-13 12:20:00,4435.2998046875,4438.39990234375,4435.2001953125,4437.7001953125,671
2026-08-13 12:30:00,4437.7998046875,4438.60009765625,4433.89990234375,4435.10009765625,735
2026-08-13 12:40:00,4434.7001953125,4435.7001953125,4430.5,4430.7001953125,707
2026-08-13 12:50:00,4430.60009765625,4433.7998046875,4430.39990234375,4433.10009765625,371
2026-08-13 13:00:00,4432.7998046875,4434.10009765625,4428.7998046875,4431.0,967
2026-08-13 13:10:00,4431.10009765625,4435.7001953125,4427.7001953125,4428.2998046875,1052
2026-08-13 13:20:00,4428.2998046875,4430.2001953125,4425.7998046875,4426.39990234375,845
2026-08-13 13:30:00,4426.39990234375,4427.2998046875,4421.39990234375,4422.2998046875,1291
2026-08-13 13:40:00,4422.2001953125,4424.39990234375,4420.2998046875,4421.7998046875,754
2026-08-13 13:50:00,4421.7001953125,4430.0,4421.7001953125,4429.2001953125,1058
2026-08-13 14:00:00,4429.0,4432.2998046875,4428.10009765625,4430.10009765625,597
2026-08-13 14:10:00,4430.0,4435.39990234375,4429.7001953125,4435.0,489
2026-08-13 14:20:00,4434.7001953125,4435.7001953125,4431.2001953125,4432.39990234375,326
2026-08-13 14:30:00,4432.2998046875,4434.2998046875,4428.60009765625,4433.0,531
2026-08-13 14:40:00,4433.0,4437.39990234375,4432.7001953125,4436.89990234375,580
2026-08-13 14:50:00,4436.7998046875,4438.89990234375,4434.39990234375,4436.39990234375,676
2026-08-13 15:00:00,4436.5,4438.39990234375,4436.10009765625,4437.60009765625,606
2026-08-13 15:10:00,4437.39990234375,4438.5,4435.10009765625,4436.60009765625,316
2026-08-13 15:20:00,4436.7001953125,4441.89990234375,4436.0,4441.7998046875,693
2026-08-13 15:30:00,4441.89990234375,4442.7001953125,4440.7001953125,4441.60009765625,397
2026-08-13 15:40:00,4441.60009765625,4443.60009765625,4438.7998046875,4443.10009765625,556
2026-08-13 15:50:00,4442.5,4445.2001953125,4441.39990234375,4444.60009765625,520
2026-08-13 16:00:00,4444.7998046875,4447.0,4442.2998046875,4446.2998046875,361
2026-08-13 16:10:00,4446.60009765625,4448.39990234375,4445.89990234375,4448.0,598
2026-08-13 16:20:00,4448.10009765625,4451.5,4447.89990234375,4449.89990234375,729
2026-08-13 16:30:00,4449.60009765625,4450.60009765625,4446.10009765625,4448.5,479
2026-08-13 16:40:00,4448.2001953125,4454.2001953125,4448.0,4450.89990234375,817
2026-08-13 16:50:00,4450.7998046875,4451.89990234375,4445.2998046875,4445.39990234375,777
2026-08-13 17:00:00,4445.7001953125,4447.2998046875,4443.89990234375,4445.7998046875,1080
2026-08-13 17:10:00,4446.0,4446.0,4440.0,4441.39990234375,968
2026-08-13 17:20:00,4441.2001953125,4444.7998046875,4439.60009765625,4444.39990234375,825
2026-08-13 17:30:00,4444.5,4448.89990234375,4442.5,4448.10009765625,847
2026-08-13 17:40:00,4447.60009765625,4447.7998046875,4441.60009765625,4443.10009765625,599
2026-08-13 17:50:00,4443.2998046875,4450.39990234375,4441.0,4447.7998046875,862
2026-08-13 18:00:00,4447.39990234375,4460.0,4437.10009765625,4446.7998046875,3935
2026-08-13 18:10:00,4447.0,4454.2998046875,4442.2998046875,4451.39990234375,1649
2026-08-13 18:20:00,4451.7001953125,4458.89990234375,4449.60009765625,4458.89990234375,1234
2026-08-13 18:30:00,4458.5,4459.0,4448.2001953125,4450.60009765625,1885
2026-08-13 18:40:00,4450.39990234375,4452.0,4447.2001953125,4448.89990234375,1079
2026-08-13 18:50:00,4449.10009765625,4451.7998046875,4440.60009765625,4441.7001953125,1867
2026-08-13 19:00:00,4441.7001953125,4446.39990234375,4431.5,4438.7001953125,3448
2026-08-13 19:10:00,4438.2998046875,4440.60009765625,4432.10009765625,4434.7001953125,1762
2026-08-13 19:20:00,4434.60009765625,4435.2001953125,4427.10009765625,4429.10009765625,2329
2026-08-13 19:30:00,4429.2998046875,4435.89990234375,4425.5,4426.39990234375,3237
2026-08-13 19:40:00,4426.60009765625,4435.39990234375,4424.0,4433.0,1739
2026-08-13 19:50:00,4433.0,4435.7001953125,4425.0,4425.2998046875,1628
2026-08-13 20:00:00,4425.0,4435.2998046875,4408.7998046875,4435.10009765625,5112
2026-08-13 20:10:00,4434.39990234375,4444.7001953125,4433.60009765625,4442.0,2031
2026-08-13 20:20:00,4442.39990234375,4444.2998046875,4439.7998046875,4440.89990234375,1091
2026-08-13 20:30:00,4441.2001953125,4443.10009765625,4425.89990234375,4428.2998046875,1602
2026-08-13 20:40:00,4428.7001953125,4429.10009765625,4419.89990234375,4424.60009765625,1523
2026-08-13 20:50:00,4424.39990234375,4430.60009765625,4420.2001953125,4421.7998046875,2262
2026-08-13 21:00:00,4421.89990234375,4428.0,4413.60009765625,4425.60009765625,2707
2026-08-13 21:10:00,4425.60009765625,4428.39990234375,4424.7001953125,4426.0,800
2026-08-13 21:20:00,4425.89990234375,4427.10009765625,4420.2998046875,4422.39990234375,806
2026-08-13 21:30:00,4422.2998046875,4424.7001953125,4415.7998046875,4415.7998046875,995
2026-08-13 21:40:00,4415.7001953125,4417.39990234375,4407.5,4408.5,3005
2026-08-13 21:50:00,4408.7001953125,4419.5,4407.7998046875,4419.39990234375,1542
2026-08-13 22:00:00,4419.2001953125,4423.60009765625,4419.0,4420.7001953125,1362
2026-08-13 22:10:00,4420.5,4424.39990234375,4420.2001953125,4423.0,791
2026-08-13 22:20:00,4423.10009765625,4425.60009765625,4421.0,4424.2001953125,787
2026-08-13 22:30:00,4424.2998046875,4430.0,4422.39990234375,4429.39990234375,1170
2026-08-13 22:40:00,4429.39990234375,4430.60009765625,4423.39990234375,4424.7998046875,1263
2026-08-13 22:50:00,4424.89990234375,4426.7001953125,4419.10009765625,4420.0,2071
2026-08-13 23:00:00,4420.2001953125,4421.2998046875,4416.2001953125,4418.0,1262
2026-08-13 23:10:00,4418.2001953125,4418.7001953125,4412.2001953125,4415.7998046875,1198
2026-08-13 23:20:00,4415.89990234375,4416.5,4412.0,4412.39990234375,405
2026-08-13 23:30:00,4412.60009765625,4417.0,4412.39990234375,4416.60009765625,670
2026-08-13 23:40:00,4416.10009765625,4420.5,4415.0,4420.10009765625,599
2026-08-13 23:50:00,4420.2001953125,4420.2998046875,4411.60009765625,4414.2998046875,1025
2026-08-14 00:00:00,4414.2998046875,4416.7998046875,4413.2998046875,4416.2998046875,351
2026-08-14 00:10:00,4416.2001953125,4417.2998046875,4413.2998046875,4413.89990234375,363
2026-08-14 00:20:00,4414.10009765625,4414.60009765625,4411.39990234375,4413.60009765625,511
2026-08-14 00:30:00,4414.0,4415.5,4409.5,4410.0,587
2026-08-14 00:40:00,4410.0,4410.10009765625,4400.0,4404.10009765625,1799
2026-08-14 00:50:00,4404.60009765625,4408.2001953125,4403.2001953125,4407.89990234375,615
2026-08-14 01:00:00,4407.7001953125,4410.89990234375,4406.0,4409.7001953125,461
2026-08-14 01:10:00,4409.2998046875,4409.7001953125,4403.89990234375,4405.2998046875,548
2026-08-14 01:20:00,4405.60009765625,4406.7998046875,4404.2001953125,4406.2001953125,645
2026-08-14 01:30:00,4406.2001953125,4406.7001953125,4402.89990234375,4406.2001953125,538
2026-08-14 01:40:00,4406.0,4407.39990234375,4405.39990234375,4406.39990234375,211
2026-08-14 01:50:00,4406.2998046875,4408.39990234375,4405.5,4407.60009765625,236
2026-08-14 02:00:00,4407.60009765625,4408.0,4404.2001953125,4405.39990234375,401
2026-08-14 02:10:00,4405.39990234375,4406.7001953125,4404.5,4406.2001953125,288
2026-08-14 02:20:00,4406.2998046875,4407.7001953125,4404.7001953125,4407.10009765625,239
2026-08-14 02:30:00,,,,,0
2026-08-14 02:40:00,,,,,0
2026-08-14 02:50:00,,,,,0
2026-08-14 03:00:00,,,,,0
2026-08-14 03:10:00,,,,,0
2026-08-14 03:20:00,,,,,0
2026-08-14 03:30:00,4408.2001953125,4412.60009765625,4406.60009765625,4412.39990234375,249
2026-08-14 03:40:00,4412.5,4412.5,4408.5,4408.89990234375,247
2026-08-14 03:50:00,4408.7998046875,4413.2998046875,4408.7998046875,4412.7001953125,438
2026-08-14 04:00:00,4412.39990234375,4417.7998046875,4411.0,4417.0,763
2026-08-14 04:10:00,4417.10009765625,4418.39990234375,4410.7001953125,4411.39990234375,1091
2026-08-14 04:20:00,4411.7998046875,4413.7001953125,4409.2001953125,4410.2998046875,604
2026-08-14 04:30:00,4411.5,4415.7001953125,4405.10009765625,4415.2001953125,978
2026-08-14 04:40:00,4415.2001953125,4417.0,4410.0,4413.89990234375,850
2026-08-14 04:50:00,4413.5,4418.2001953125,4412.7001953125,4418.2001953125,572
2026-08-14 05:00:00,4418.39990234375,4418.7998046875,4415.2998046875,4417.0,408
2026-08-14 05:10:00,4417.0,4419.39990234375,4413.89990234375,4417.0,407
2026-08-14 05:20:00,4416.7001953125,4416.7001953125,4411.60009765625,4411.7998046875,297
2026-08-14 05:30:00,4411.60009765625,4417.39990234375,4409.60009765625,4412.5,421
2026-08-14 05:40:00,4412.60009765625,4412.60009765625,4403.2001953125,4404.89990234375,614
2026-08-14 05:50:00,4404.89990234375,4405.10009765625,4395.10009765625,4395.7998046875,1120
2026-08-14 06:00:00,4395.5,4402.60009765625,4390.60009765625,4391.7001953125,1056
2026-08-14 06:10:00,4391.7998046875,4398.7998046875,4385.10009765625,4389.39990234375,1541
2026-08-14 06:20:00,4390.10009765625,4397.7998046875,4389.5,4396.39990234375,976
2026-08-14 06:30:00,4396.2001953125,4397.10009765625,4383.5,4384.39990234375,2160
2026-08-14 06:40:00,4384.60009765625,4384.60009765625,4373.5,4378.39990234375,2414
2026-08-14 06:50:00,4378.2001953125,4381.60009765625,4370.89990234375,4375.60009765625,1832
2026-08-14 07:00:00,4375.2998046875,4376.10009765625,4368.60009765625,4375.39990234375,919
2026-08-14 07:10:00,4375.5,4379.39990234375,4369.5,4371.10009765625,936
2026-08-14 07:20:00,4371.10009765625,4376.7001953125,4367.5,4373.7001953125,1245
2026-08-14 07:30:00,4373.7001953125,4378.0,4370.7998046875,4372.60009765625,713
2026-08-14 07:40:00,4372.10009765625,4372.5,4365.5,4370.5,1445
2026-08-14 07:50:00,4370.10009765625,4373.2998046875,4367.60009765625,4367.60009765625,504
2026-08-14 08:00:00,4367.39990234375,4378.0,4366.89990234375,4376.60009765625,1330
2026-08-14 08:10:00,4375.7998046875,4377.39990234375,4369.2998046875,4372.0,546
2026-08-14 08:20:00,4371.7998046875,4373.5,4367.7001953125,4370.7001953125,444
2026-08-14 08:30:00,4370.7001953125,4378.39990234375,4368.89990234375,4374.7998046875,556
2026-08-14 08:40:00,4374.7998046875,4378.7001953125,4373.60009765625,4377.7998046875,483
2026-08-14 08:50:00,4377.7998046875,4381.2001953125,4377.5,4380.7998046875,429
2026-08-14 09:00:00,4380.89990234375,4383.7998046875,4379.89990234375,4382.10009765625,600
2026-08-14 09:10:00,4382.2001953125,4382.2998046875,4380.60009765625,4381.7998046875,253
2026-08-14 09:20:00,4382.10009765625,4382.2998046875,4379.0,4379.60009765625,230
2026-08-14 09:30:00,4379.2001953125,4380.5,4378.2998046875,4379.39990234375,326
2026-08-14 09:40:00,4379.60009765625,4383.0,4378.7998046875,4382.0,344
2026-08-14 09:50:00,4382.2001953125,4384.60009765625,4380.2001953125,4380.2001953125,365
2026-08-14 10:00:00,4380.7001953125,4381.2001953125,4378.39990234375,4380.10009765625,391
2026-08-14 10:10:00,4380.10009765625,4381.2001953125,4378.89990234375,4379.2998046875,135
2026-08-14 10:20:00,4379.2001953125,4382.0,4378.2998046875,4382.0,239
2026-08-14 10:30:00,4382.2001953125,4382.2001953125,4374.7001953125,4374.7001953125,370
2026-08-14 10:40:00,4374.5,4376.89990234375,4372.39990234375,4373.60009765625,348
2026-08-14 10:50:00,4373.2998046875,4374.2998046875,4371.89990234375,4373.2998046875,286
2026-08-14 11:00:00,4372.89990234375,4379.7998046875,4365.60009765625,4377.39990234375,1440
2026-08-14 11:10:00,4377.2998046875,4379.2998046875,4372.39990234375,4379.2001953125,561
2026-08-14 11:20:00,4378.60009765625,4389.5,4378.10009765625,4389.5,1326
2026-08-14 11:30:00,4389.60009765625,4392.60009765625,4385.60009765625,4386.5,968
2026-08-14 11:40:00,4386.7001953125,4390.0,4385.5,4387.7001953125,406
2026-08-14 11:50:00,4387.60009765625,4388.2001953125,4384.2001953125,4385.2998046875,484
2026-08-14 12:00:00,4385.10009765625,4386.39990234375,4383.89990234375,4385.2998046875,267
2026-08-14 12:10:00,4385.2998046875,4392.2001953125,4383.60009765625,4390.7998046875,712
2026-08-14 12:20:00,4390.5,4391.89990234375,4389.10009765625,4391.60009765625,229
2026-08-14 12:30:00,4391.39990234375,4393.2998046875,4389.0,4390.2001953125,661
2026-08-14 12:40:00,4390.60009765625,4390.89990234375,4387.0,4388.5,346
2026-08-14 12:50:00,4388.39990234375,4392.39990234375,4385.7001953125,4387.7998046875,619
2026-08-14 13:00:00,4388.0,4392.60009765625,4387.2998046875,4392.60009765625,312
2026-08-14 13:10:00,4392.5,4399.60009765625,4392.2998046875,4398.7998046875,1058
2026-08-14 13:20:00,4398.60009765625,4401.60009765625,4397.7998046875,4399.7998046875,737
2026-08-14 13:30:00,4399.7998046875,4404.5,4398.10009765625,4401.39990234375,959
2026-08-14 13:40:00,4401.2998046875,4405.2998046875,4400.2001953125,4402.60009765625,692
2026-08-14 13:50:00,4402.5,4402.89990234375,4399.39990234375,4401.7998046875,450
2026-08-14 14:00:00,4401.7998046875,4405.39990234375,4400.2001953125,4404.10009765625,436
2026-08-14 14:10:00,4404.2998046875,4405.39990234375,4398.7998046875,4400.5,593
2026-08-14 14:20:00,4400.2998046875,4405.7001953125,4399.89990234375,4404.7001953125,478
2026-08-14 14:30:00,4404.5,4405.2001953125,4402.0,4405.0,308
2026-08-14 14:40:00,4404.60009765625,4407.7998046875,4403.89990234375,4405.2998046875,712
2026-08-14 14:50:00,4405.2998046875,4410.0,4404.39990234375,4407.39990234375,793
2026-08-14 15:00:00,4407.7001953125,4410.7998046875,4406.10009765625,4408.89990234375,1004
2026-08-14 15:10:00,4409.2001953125,4411.0,4408.0,4409.89990234375,485
2026-08-14 15:20:00,4410.10009765625,4413.7998046875,4409.2998046875,4413.60009765625,620
2026-08-14 15:30:00,4413.60009765625,4415.10009765625,4412.0,4412.5,641
2026-08-14 15:40:00,4412.5,4413.10009765625,4408.0,4409.5,1090
2026-08-14 15:50:00,4409.7001953125,4410.2998046875,4406.0,4407.2998046875,817
2026-08-14 16:00:00,4407.5,4407.7001953125,4404.5,4405.2001953125,736
2026-08-14 16:10:00,4405.60009765625,4408.7998046875,4405.0,4407.7998046875,256
2026-08-14 16:20:00,4407.39990234375,4409.7001953125,4403.7001953125,4405.5,653
2026-08-14 16:30:00,4405.5,4407.7998046875,4404.7001953125,4407.0,298
2026-08-14 16:40:00,4407.0,4411.7998046875,4406.2998046875,4411.7001953125,367
2026-08-14 16:50:00,4411.7998046875,4413.39990234375,4409.5,4413.10009765625,625
2026-08-14 17:00:00,4413.10009765625,4419.89990234375,4412.7998046875,4417.89990234375,1295
2026-08-14 17:10:00,4418.0,4420.0,4417.2001953125,4417.89990234375,534
2026-08-14 17:20:00,4417.7998046875,4426.0,4417.7998046875,4425.7998046875,1415
2026-08-14 17:30:00,4425.5,4433.2001953125,4425.39990234375,4428.2001953125,1749
2026-08-14 17:40:00,4428.2001953125,4429.0,4421.7998046875,4428.7001953125,1428
2026-08-14 17:50:00,4428.7998046875,4437.5,4428.7998046875,4436.5,2406
2026-08-14 18:00:00,4436.89990234375,4444.0,4432.7998046875,4434.7001953125,4016
2026-08-14 18:10:00,4434.60009765625,4434.60009765625,4427.7998046875,4431.7001953125,1972
2026-08-14 18:20:00,4431.60009765625,4434.89990234375,4429.5,4430.89990234375,1392
2026-08-14 18:30:00,4430.7001953125,4437.5,4427.2998046875,4437.0,2255
2026-08-14 18:40:00,4436.7998046875,4438.2998046875,4431.7998046875,4438.2998046875,1318
2026-08-14 18:50:00,4438.2998046875,4443.89990234375,4436.2998046875,4441.39990234375,1442
2026-08-14 19:00:00,4441.7001953125,4454.60009765625,4440.7998046875,4452.89990234375,4154
2026-08-14 19:10:00,4453.10009765625,4453.89990234375,4443.60009765625,4444.2998046875,2237
2026-08-14 19:20:00,4444.10009765625,4445.7998046875,4439.7998046875,4442.0,1879
2026-08-14 19:30:00,4441.60009765625,4450.2998046875,4441.2001953125,4446.5,2516
2026-08-14 19:40:00,4446.2998046875,4450.5,4442.7001953125,4443.89990234375,1616
2026-08-14 19:50:00,4443.7001953125,4452.2001953125,4442.5,4447.89990234375,929
2026-08-14 20:00:00,4448.2998046875,4448.7001953125,4441.2001953125,4443.2998046875,1361
2026-08-14 20:10:00,4443.89990234375,4443.89990234375,4436.2001953125,4437.60009765625,2018
2026-08-14 20:20:00,4437.60009765625,4440.2998046875,4436.7001953125,4438.60009765625,1141
2026-08-14 20:30:00,4438.7001953125,4448.2001953125,4438.2998046875,4444.0,1891
2026-08-14 20:40:00,4443.89990234375,4451.7001953125,4443.39990234375,4443.60009765625,2514
2026-08-14 20:50:00,4443.39990234375,4444.7001953125,4436.39990234375,4442.2001953125,1972
2026-08-14 21:00:00,4442.39990234375,4447.5,4441.10009765625,4445.10009765625,1388
2026-08-14 21:10:00,4444.89990234375,4452.2998046875,4444.10009765625,4450.0,1473
2026-08-14 21:20:00,4449.60009765625,4450.7001953125,4447.39990234375,4449.0,586
2026-08-14 21:30:00,4449.0,4454.2998046875,4446.2998046875,4447.10009765625,1255
2026-08-14 21:40:00,4447.10009765625,4449.39990234375,4446.0,4449.10009765625,456
2026-08-14 21:50:00,4449.10009765625,4450.2001953125,4443.89990234375,4444.5,577
2026-08-14 22:00:00,4444.7001953125,4446.2998046875,4437.2001953125,4445.2001953125,1634
2026-08-14 22:10:00,4445.2001953125,4445.39990234375,4442.39990234375,4443.7998046875,397
2026-08-14 22:20:00,4443.60009765625,4444.60009765625,4442.0,4442.7001953125,367
2026-08-14 22:30:00,4443.0,4443.39990234375,4438.39990234375,4439.10009765625,518
2026-08-14 22:40:00,4439.2001953125,4442.0,4437.39990234375,4439.0,779
2026-08-14 22:50:00,4438.7001953125,4440.0,4436.60009765625,4436.89990234375,1466
2026-08-14 23:00:00,4436.7001953125,4440.39990234375,4436.60009765625,4436.7001953125,728
2026-08-14 23:10:00,4436.60009765625,4438.0,4433.60009765625,4433.89990234375,744
2026-08-14 23:20:00,4433.89990234375,4436.2998046875,4433.60009765625,4435.5,322
2026-08-14 23:30:00,4435.89990234375,4438.7998046875,4433.60009765625,4437.2001953125,613
2026-08-14 23:40:00,4436.60009765625,4437.7998046875,4433.7998046875,4435.39990234375,556
2026-08-14 23:50:00,4435.5,4437.5,4434.7998046875,4436.39990234375,318
2026-08-15 00:00:00,4436.2001953125,4439.60009765625,4434.0,4439.39990234375,385
2026-08-15 00:10:00,4439.39990234375,4439.60009765625,4427.5,4430.89990234375,3398
2026-08-15 00:20:00,4430.89990234375,4432.2998046875,4429.5,4430.2998046875,560
2026-08-15 00:30:00,4430.2998046875,4433.2998046875,4428.60009765625,4433.0,606
2026-08-15 00:40:00,4433.10009765625,4433.60009765625,4430.39990234375,4431.60009765625,344
2026-08-15 00:50:00,4432.0,4434.2998046875,4431.89990234375,4433.5,242
2026-08-15 01:00:00,4433.5,4434.39990234375,4432.2998046875,4432.5,359
2026-08-15 01:10:00,4432.7998046875,4433.7001953125,4431.10009765625,4431.39990234375,342
2026-08-15 01:20:00,4431.89990234375,4435.60009765625,4428.7998046875,4431.5,1162
2026-08-15 01:30:00,4431.39990234375,4431.5,4427.39990234375,4427.60009765625,623
2026-08-15 01:40:00,4427.7001953125,4429.2998046875,4426.89990234375,4428.7998046875,382
2026-08-15 01:50:00,4428.7998046875,4430.2001953125,4427.7998046875,4430.0,293
2026-08-15 02:00:00,4429.89990234375,4431.7001953125,4428.89990234375,4431.0,219
2026-08-15 02:10:00,4431.2001953125,4432.39990234375,4430.10009765625,4430.7998046875,149
2026-08-15 02:20:00,4431.0,4432.10009765625,4430.39990234375,4432.10009765625,204
2026-08-15 02:30:00,4432.0,4437.2998046875,4432.0,4437.2998046875,1
2026-08-15 02:40:00,,,,,0
2026-08-15 02:50:00,,,,,0
2026-08-15 03:00:00,,,,,0
2026-08-15 03:10:00,,,,,0
2026-08-15 03:20:00,,,,,0
2026-08-15 03:30:00,,,,,0
2026-08-15 03:40:00,,,,,0
2026-08-15 03:50:00,,,,,0
2026-08-15 04:00:00,,,,,0
2026-08-15 04:10:00,,,,,0
2026-08-15 04:20:00,,,,,0
2026-08-15 04:30:00,,,,,0
2026-08-15 04:40:00,,,,,0
2026-08-15 04:50:00,,,,,0
2026-08-15 05:00:00,,,,,0
2026-08-15 05:10:00,,,,,0
2026-08-15 05:20:00,,,,,0
2026-08-15 05:30:00,,,,,0
2026-08-15 05:40:00,,,,,0
2026-08-15 05:50:00,,,,,0
2026-08-15 06:00:00,,,,,0
2026-08-15 06:10:00,,,,,0
2026-08-15 06:20:00,,,,,0
2026-08-15 06:30:00,,,,,0
2026-08-15 06:40:00,,,,,0
2026-08-15 06:50:00,,,,,0
2026-08-15 07:00:00,,,,,0
2026-08-15 07:10:00,,,,,0
2026-08-15 07:20:00,,,,,0
2026-08-15 07:30:00,,,,,0
2026-08-15 07:40:00,,,,,0
2026-08-15 07:50:00,,,,,0
2026-08-15 08:00:00,,,,,0
2026-08-15 08:10:00,,,,,0
2026-08-15 08:20:00,,,,,0
2026-08-15 08:30:00,,,,,0
2026-08-15 08:40:00,,,,,0
2026-08-15 08:50:00,,,,,0
2026-08-15 09:00:00,,,,,0
2026-08-15 09:10:00,,,,,0
2026-08-15 09:20:00,,,,,0
2026-08-15 09:30:00,,,,,0
2026-08-15 09:40:00,,,,,0
2026-08-15 09:50:00,,,,,0
2026-08-15 10:00:00,,,,,0
2026-08-15 10:10:00,,,,,0
2026-08-15 10:20:00,,,,,0
2026-08-15 10:30:00,,,,,0
2026-08-15 10:40:00,,,,,0
2026-08-15 10:50:00,,,,,0
2026-08-15 11:00:00,,,,,0
2026-08-15 11:10:00,,,,,0
2026-08-15 11:20:00,,,,,0
2026-08-15 11:30:00,,,,,0
2026-08-15 11:40:00,,,,,0
2026-08-15 11:50:00,,,,,0
2026-08-15 12:00:00,,,,,0
2026-08-15 12:10:00,,,,,0
2026-08-15 12:20:00,,,,,0
2026-08-15 12:30:00,,,,,0
2026-08-15 12:40:00,,,,,0
2026-08-15 12:50:00,,,,,0
2026-08-15 13:00:00,,,,,0
2026-08-15 13:10:00,,,,,0
2026-08-15 13:20:00,,,,,0
2026-08-15 13:30:00,,,,,0
2026-08-15 13:40:00,,,,,0
2026-08-15 13:50:00,,,,,0
2026-08-15 14:00:00,,,,,0
2026-08-15 14:10:00,,,,,0
2026-08-15 14:20:00,,,,,0
2026-08-15 14:30:00,,,,,0
2026-08-15 14:40:00,,,,,0
2026-08-15 14:50:00,,,,,0
2026-08-15 15:00:00,,,,,0
2026-08-15 15:10:00,,,,,0
2026-08-15 15:20:00,,,,,0
2026-08-15 15:30:00,,,,,0
2026-08-15 15:40:00,,,,,0
2026-08-15 15:50:00,,,,,0
2026-08-15 16:00:00,,,,,0
2026-08-15 16:10:00,,,,,0
2026-08-15 16:20:00,,,,,0
2026-08-15 16:30:00,,,,,0
2026-08-15 16:40:00,,,,,0
2026-08-15 16:50:00,,,,,0
2026-08-15 17:00:00,,,,,0
2026-08-15 17:10:00,,,,,0
2026-08-15 17:20:00,,,,,0
2026-08-15 17:30:00,,,,,0
2026-08-15 17:40:00,,,,,0
2026-08-15 17:50:00,,,,,0
2026-08-15 18:00:00,,,,,0
2026-08-15 18:10:00,,,,,0
2026-08-15 18:20:00,,,,,0
2026-08-15 18:30:00,,,,,0
2026-08-15 18:40:00,,,,,0
2026-08-15 18:50:00,,,,,0
2026-08-15 19:00:00,,,,,0
2026-08-15 19:10:00,,,,,0
2026-08-15 19:20:00,,,,,0
2026-08-15 19:30:00,,,,,0
2026-08-15 19:40:00,,,,,0
2026-08-15 19:50:00,,,,,0
2026-08-15 20:00:00,,,,,0
2026-08-15 20:10:00,,,,,0
2026-08-15 20:20:00,,,,,0
2026-08-15 20:30:00,,,,,0
2026-08-15 20:40:00,,,,,0
2026-08-15 20:50:00,,,,,0
2026-08-15 21:00:00,,,,,0
2026-08-15 21:10:00,,,,,0
2026-08-15 21:20:00,,,,,0
2026-08-15 21:30:00,,,,,0
2026-08-15 21:40:00,,,,,0
2026-08-15 21:50:00,,,,,0
2026-08-15 22:00:00,,,,,0
2026-08-15 22:10:00,,,,,0
2026-08-15 22:20:00,,,,,0
2026-08-15 22:30:00,,,,,0
2026-08-15 22:40:00,,,,,0
2026-08-15 22:50:00,,,,,0
2026-08-15 23:00:00,,,,,0
2026-08-15 23:10:00,,,,,0
2026-08-15 23:20:00,,,,,0
2026-08-15 23:30:00,,,,,0
2026-08-15 23:40:00,,,,,0
2026-08-15 23:50:00,,,,,0
2026-08-16 00:00:00,,,,,0
2026-08-16 00:10:00,,,,,0
2026-08-16 00:20:00,,,,,0
2026-08-16 00:30:00,,,,,0
2026-08-16 00:40:00,,,,,0
2026-08-16 00:50:00,,,,,0
2026-08-16 01:00:00,,,,,0
2026-08-16 01:10:00,,,,,0
2026-08-16 01:20:00,,,,,0
2026-08-16 01:30:00,,,,,0
2026-08-16 01:40:00,,,,,0
2026-08-16 01:50:00,,,,,0
2026-08-16 02:00:00,,,,,0
2026-08-16 02:10:00,,,,,0
2026-08-16 02:20:00,,,,,0
2026-08-16 02:30:00,,,,,0
2026-08-16 02:40:00,,,,,0
2026-08-16 02:50:00,,,,,0
2026-08-16 03:00:00,,,,,0
2026-08-16 03:10:00,,,,,0
2026-08-16 03:20:00,,,,,0
2026-08-16 03:30:00,,,,,0
2026-08-16 03:40:00,,,,,0
2026-08-16 03:50:00,,,,,0
2026-08-16 04:00:00,,,,,0
2026-08-16 04:10:00,,,,,0
2026-08-16 04:20:00,,,,,0
2026-08-16 04:30:00,,,,,0
2026-08-16 04:40:00,,,,,0
2026-08-16 04:50:00,,,,,0
2026-08-16 05:00:00,,,,,0
2026-08-16 05:10:00,,,,,0
2026-08-16 05:20:00,,,,,0
2026-08-16 05:30:00,,,,,0
2026-08-16 05:40:00,,,,,0
2026-08-16 05:50:00,,,,,0
2026-08-16 06:00:00,,,,,0
2026-08-16 06:10:00,,,,,0
2026-08-16 06:20:00,,,,,0
2026-08-16 06:30:00,,,,,0
2026-08-16 06:40:00,,,,,0
2026-08-16 06:50:00,,,,,0
2026-08-16 07:00:00,,,,,0
2026-08-16 07:10:00,,,,,0
2026-08-16 07:20:00,,,,,0
2026-08-16 07:30:00,,,,,0
2026-08-16 07:40:00,,,,,0
2026-08-16 07:50:00,,,,,0
2026-08-16 08:00:00,,,,,0
2026-08-16 08:10:00,,,,,0
2026-08-16 08:20:00,,,,,0
2026-08-16 08:30:00,,,,,0
2026-08-16 08:40:00,,,,,0
2026-08-16 08:50:00,,,,,0
2026-08-16 09:00:00,,,,,0
2026-08-16 09:10:00,,,,,0
2026-08-16 09:20:00,,,,,0
2026-08-16 09:30:00,,,,,0
2026-08-16 09:40:00,,,,,0
2026-08-16 09:50:00,,,,,0
2026-08-16 10:00:00,,,,,0
2026-08-16 10:10:00,,,,,0
2026-08-16 10:20:00,,,,,0
2026-08-16 10:30:00,,,,,0
2026-08-16 10:40:00,,,,,0
2026-08-16 10:50:00,,,,,0
2026-08-16 11:00:00,,,,,0
2026-08-16 11:10:00,,,,,0
2026-08-16 11:20:00,,,,,0
2026-08-16 11:30:00,,,,,0
2026-08-16 11:40:00,,,,,0
2026-08-16 11:50:00,,,,,0
2026-08-16 12:00:00,,,,,0
2026-08-16 12:10:00,,,,,0
2026-08-16 12:20:00,,,,,0
2026-08-16 12:30:00,,,,,0
2026-08-16 12:40:00,,,,,0
2026-08-16 12:50:00,,,,,0
2026-08-16 13:00:00,,,,,0
2026-08-16 13:10:00,,,,,0
2026-08-16 13:20:00,,,,,0
2026-08-16 13:30:00,,,,,0
2026-08-16 13:40:00,,,,,0
2026-08-16 13:50:00,,,,,0
2026-08-16 14:00:00,,,,,0
2026-08-16 14:10:00,,,,,0
2026-08-16 14:20:00,,,,,0
2026-08-16 14:30:00,,,,,0
2026-08-16 14:40:00,,,,,0
2026-08-16 14:50:00,,,,,0
2026-08-16 15:00:00,,,,,0
2026-08-16 15:10:00,,,,,0
2026-08-16 15:20:00,,,,,0
2026-08-16 15:30:00,,,,,0
2026-08-16 15:40:00,,,,,0
2026-08-16 15:50:00,,,,,0
2026-08-16 16:00:00,,,,,0
2026-08-16 16:10:00,,,,,0
2026-08-16 16:20:00,,,,,0
2026-08-16 16:30:00,,,,,0
2026-08-16 16:40:00,,,,,0
2026-08-16 16:50:00,,,,,0
2026-08-16 17:00:00,,,,,0
2026-08-16 17:10:00,,,,,0
2026-08-16 17:20:00,,,,,0
2026-08-16 17:30:00,,,,,0
2026-08-16 17:40:00,,,,,0
2026-08-16 17:50:00,,,,,0
2026-08-16 18:00:00,,,,,0
2026-08-16 18:10:00,,,,,0
2026-08-16 18:20:00,,,,,0
2026-08-16 18:30:00,,,,,0
2026-08-16 18:40:00,,,,,0
2026-08-16 18:50:00,,,,,0
2026-08-16 19:00:00,,,,,0
2026-08-16 19:10:00,,,,,0
2026-08-16 19:20:00,,,,,0
2026-08-16 19:30:00,,,,,0
2026-08-16 19:40:00,,,,,0
2026-08-16 19:50:00,,,,,0
2026-08-16 20:00:00,,,,,0
2026-08-16 20:10:00,,,,,0
2026-08-16 20:20:00,,,,,0
2026-08-16 20:30:00,,,,,0
2026-08-16 20:40:00,,,,,0
2026-08-16 20:50:00,,,,,0
2026-08-16 21:00:00,,,,,0
2026-08-16 21:10:00,,,,,0
2026-08-16 21:20:00,,,,,0
2026-08-16 21:30:00,,,,,0
2026-08-16 21:40:00,,,,,0
2026-08-16 21:50:00,,,,,0
2026-08-16 22:00:00,,,,,0
2026-08-16 22:10:00,,,,,0
2026-08-16 22:20:00,,,,,0
2026-08-16 22:30:00,,,,,0
2026-08-16 22:40:00,,,,,0
2026-08-16 22:50:00,,,,,0
2026-08-16 23:00:00,,,,,0
2026-08-16 23:10:00,,,,,0
2026-08-16 23:20:00,,,,,0
2026-08-16 23:30:00,,,,,0
2026-08-16 23:40:00,,,,,0
2026-08-16 23:50:00,,,,,0
2026-08-17 00:00:00,,,,,0
2026-08-17 00:10:00,,,,,0
2026-08-17 00:20:00,,,,,0
2026-08-17 00:30:00,,,,,0
2026-08-17 00:40:00,,,,,0
2026-08-17 00:50:00,,,,,0
2026-08-17 01:00:00,,,,,0
2026-08-17 01:10:00,,,,,0
2026-08-17 01:20:00,,,,,0
2026-08-17 01:30:00,,,,,0
2026-08-17 01:40:00,,,,,0
2026-08-17 01:50:00,,,,,0
2026-08-17 02:00:00,,,,,0
2026-08-17 02:10:00,,,,,0
2026-08-17 02:20:00,,,,,0
2026-08-17 02:30:00,,,,,0
2026-08-17 02:40:00,,,,,0
2026-08-17 02:50:00,,,,,0
2026-08-17 03:00:00,,,,,0
2026-08-17 03:10:00,,,,,0
2026-08-17 03:20:00,,,,,0
2026-08-17 03:30:00,,,,,0
2026-08-17 03:40:00,4433.7001953125,4436.0,4429.60009765625,4430.7998046875,338
2026-08-17 03:50:00,4430.7998046875,4431.7998046875,4429.2998046875,4430.60009765625,254
2026-08-17 04:00:00,4430.7998046875,4434.60009765625,4430.7998046875,4434.2001953125,252
2026-08-17 04:10:00,4434.60009765625,4437.0,4432.5,4436.7001953125,300
2026-08-17 04:20:00,4436.39990234375,4442.5,4436.2001953125,4441.60009765625,471
2026-08-17 04:30:00,4441.7998046875,4441.89990234375,4436.2998046875,4438.7998046875,441
2026-08-17 04:40:00,4438.7998046875,4439.2001953125,4434.0,4435.2998046875,245
2026-08-17 04:50:00,4435.2001953125,4436.5,4428.10009765625,4430.10009765625,514
2026-08-17 05:00:00,4430.2001953125,4431.0,4422.2998046875,4425.7998046875,919
2026-08-17 05:10:00,4425.2001953125,4429.2001953125,4422.5,4426.89990234375,299
2026-08-17 05:20:00,4427.2001953125,4428.10009765625,4424.7001953125,4425.5,198
2026-08-17 05:30:00,4426.0,4431.7001953125,4423.5,4427.7998046875,578
2026-08-17 05:40:00,4428.10009765625,4443.0,4428.10009765625,4439.89990234375,793
2026-08-17 05:50:00,4440.39990234375,4446.89990234375,4439.5,4445.7001953125,814
2026-08-17 06:00:00,4445.7998046875,4450.2001953125,4444.39990234375,4445.2001953125,745
2026-08-17 06:10:00,4444.89990234375,4453.60009765625,4443.5,4450.7001953125,744
2026-08-17 06:20:00,4451.0,4459.39990234375,4450.2001953125,4457.2998046875,1414
2026-08-17 06:30:00,4457.10009765625,4468.10009765625,4456.10009765625,4463.2001953125,2019
2026-08-17 06:40:00,4463.2998046875,4468.10009765625,4460.7998046875,4464.7001953125,883
2026-08-17 06:50:00,4464.7998046875,4473.2001953125,4463.0,4463.7998046875,1107
2026-08-17 07:00:00,4463.7998046875,4464.7998046875,4455.39990234375,4457.2998046875,1217
2026-08-17 07:10:00,4457.2998046875,4460.60009765625,4450.7998046875,4451.7998046875,1225
2026-08-17 07:20:00,4451.60009765625,4455.39990234375,4448.60009765625,4452.0,761
2026-08-17 07:30:00,4451.89990234375,4454.5,4449.2001953125,4452.0,640
2026-08-17 07:40:00,4452.0,4452.2998046875,4448.89990234375,4450.5,462
2026-08-17 07:50:00,4449.7001953125,4454.10009765625,4446.5,4451.39990234375,535
2026-08-17 08:00:00,4452.2998046875,4454.7001953125,4448.2001953125,4449.0,516
2026-08-17 08:10:00,4448.2001953125,4451.7998046875,4446.39990234375,4448.5,454
2026-08-17 08:20:00,4448.10009765625,4450.10009765625,4444.89990234375,4449.7998046875,427
2026-08-17 08:30:00,4450.2001953125,4451.7998046875,4445.7998046875,4446.5,266
2026-08-17 08:40:00,4446.7001953125,4448.2998046875,4444.5,4447.0,340
2026-08-17 08:50:00,4447.5,4449.89990234375,4444.89990234375,4449.2998046875,279
2026-08-17 09:00:00,4449.39990234375,4451.89990234375,4447.2001953125,4450.2998046875,419
2026-08-17 09:10:00,4450.39990234375,4453.7998046875,4449.2998046875,4452.2001953125,425
2026-08-17 09:20:00,4451.7998046875,4453.7998046875,4450.7998046875,4453.7001953125,172
2026-08-17 09:30:00,4453.5,4456.0,4452.89990234375,4454.7998046875,476
2026-08-17 09:40:00,4453.89990234375,4456.2998046875,4453.2998046875,4453.7998046875,305
2026-08-17 09:50:00,4453.2998046875,4453.2998046875,4446.60009765625,4447.89990234375,475
2026-08-17 10:00:00,4447.5,4450.0,4445.5,4449.10009765625,309
2026-08-17 10:10:00,4449.2998046875,4454.60009765625,4448.5,4452.39990234375,408
2026-08-17 10:20:00,4452.39990234375,4453.2001953125,4446.2998046875,4447.10009765625,290
2026-08-17 10:30:00,4447.2998046875,4449.7998046875,4446.39990234375,4448.7001953125,409
2026-08-17 10:40:00,4448.5,4449.89990234375,4443.39990234375,4449.7998046875,567
2026-08-17 10:50:00,4449.7998046875,4456.0,4447.39990234375,4456.0,601
2026-08-17 11:00:00,4456.2998046875,4457.7001953125,4449.0,4452.39990234375,922
2026-08-17 11:10:00,4451.60009765625,4454.0,4449.2001953125,4453.60009765625,338
2026-08-17 11:20:00,4454.0,4454.0,4449.2001953125,4451.2998046875,429
2026-08-17 11:30:00,4451.60009765625,4454.89990234375,4450.2998046875,4452.10009765625,649
2026-08-17 11:40:00,4452.2998046875,4454.2998046875,4449.10009765625,4450.0,356
2026-08-17 11:50:00,4449.89990234375,4456.2998046875,4449.7001953125,4455.0,794
2026-08-17 12:00:00,4454.5,4454.89990234375,4449.7001953125,4451.0,479
2026-08-17 12:10:00,4451.10009765625,4457.0,4449.7001953125,4456.5,707
2026-08-17 12:20:00,4456.60009765625,4460.7001953125,4456.60009765625,4459.2998046875,805
2026-08-17 12:30:00,4459.0,4460.2001953125,4455.60009765625,4456.5,921
2026-08-17 12:40:00,4456.5,4457.39990234375,4452.2001953125,4453.5,688
2026-08-17 12:50:00,4453.89990234375,4461.60009765625,4452.39990234375,4461.2001953125,680
2026-08-17 13:00:00,4461.2998046875,4467.89990234375,4460.89990234375,4464.10009765625,1244
2026-08-17 13:10:00,4464.2998046875,4467.2998046875,4463.5,4463.89990234375,565
2026-08-17 13:20:00,4463.7998046875,4464.60009765625,4460.0,4461.5,682
2026-08-17 13:30:00,4461.7998046875,4461.7998046875,4454.10009765625,4456.10009765625,779
2026-08-17 13:40:00,4456.10009765625,4460.2001953125,4454.89990234375,4457.60009765625,475
2026-08-17 13:50:00,4457.39990234375,4459.39990234375,4456.7998046875,4458.0,423
2026-08-17 14:00:00,4458.0,4458.39990234375,4455.39990234375,4456.89990234375,214
2026-08-17 14:10:00,4457.60009765625,4457.7998046875,4451.2001953125,4451.89990234375,493
2026-08-17 14:20:00,4452.2001953125,4452.2998046875,4448.7998046875,4451.10009765625,425
2026-08-17 14:30:00,4451.2998046875,4455.89990234375,4449.5,4455.89990234375,526
2026-08-17 14:40:00,4456.0,4457.0,4453.39990234375,4454.7001953125,425
2026-08-17 14:50:00,4454.5,4454.89990234375,4451.60009765625,4453.10009765625,510
2026-08-17 15:00:00,4453.2001953125,4453.7001953125,4450.39990234375,4450.7998046875,944
2026-08-17 15:10:00,4451.2001953125,4453.0,4449.2001953125,4452.0,385
2026-08-17 15:20:00,4452.2001953125,4452.7998046875,4449.89990234375,4452.39990234375,389
2026-08-17 15:30:00,4452.39990234375,4452.89990234375,4450.0,4450.7998046875,351
2026-08-17 15:40:00,4450.7001953125,4456.7998046875,4450.39990234375,4452.5,661
2026-08-17 15:50:00,4452.89990234375,4462.2998046875,4445.7001953125,4461.60009765625,1663
2026-08-17 16:00:00,4461.60009765625,4462.60009765625,4452.2001953125,4452.89990234375,1145
2026-08-17 16:10:00,4452.89990234375,4456.0,4452.10009765625,4453.7998046875,427
2026-08-17 16:20:00,4453.5,4456.39990234375,4453.39990234375,4455.7998046875,534
2026-08-17 16:30:00,4455.89990234375,4460.39990234375,4454.89990234375,4458.7998046875,378
2026-08-17 16:40:00,4458.5,4459.60009765625,4453.7001953125,4455.10009765625,604
2026-08-17 16:50:00,4455.10009765625,4461.5,4455.10009765625,4460.2998046875,863
2026-08-17 17:00:00,4460.39990234375,4461.7998046875,4458.89990234375,4459.7001953125,373
2026-08-17 17:10:00,4459.5,4459.60009765625,4452.89990234375,4453.60009765625,1056
2026-08-17 17:20:00,4453.5,4455.5,4451.7998046875,4453.39990234375,495
2026-08-17 17:30:00,4453.10009765625,4454.0,4448.2998046875,4449.2001953125,701
2026-08-17 17:40:00,4448.60009765625,4452.10009765625,4447.7998046875,4451.10009765625,475
2026-08-17 17:50:00,4450.89990234375,4455.39990234375,4437.5,4441.7001953125,3223
2026-08-17 18:00:00,4442.2998046875,4446.7998046875,4437.60009765625,4437.60009765625,1626
2026-08-17 18:10:00,4437.60009765625,4439.7001953125,4433.39990234375,4434.5,1879
2026-08-17 18:20:00,4434.2998046875,4443.10009765625,4434.2998046875,4441.39990234375,1271
2026-08-17 18:30:00,4441.7001953125,4445.0,4438.10009765625,4442.10009765625,1358
2026-08-17 18:40:00,4441.7998046875,4446.2001953125,4438.60009765625,4441.60009765625,1205
2026-08-17 18:50:00,4441.89990234375,4445.10009765625,4440.89990234375,4442.60009765625,606
2026-08-17 19:00:00,4442.7998046875,4448.2998046875,4442.10009765625,4444.89990234375,1247
2026-08-17 19:10:00,4445.0,4451.89990234375,4440.89990234375,4451.60009765625,1304
2026-08-17 19:20:00,4451.39990234375,4473.0,4450.60009765625,4465.2998046875,4898
2026-08-17 19:30:00,4465.2998046875,4467.10009765625,4460.89990234375,4461.7998046875,2162
2026-08-17 19:40:00,4461.7001953125,4478.0,4460.39990234375,4475.60009765625,4951
2026-08-17 19:50:00,4475.7001953125,4484.89990234375,4472.7998046875,4475.39990234375,4763
2026-08-17 20:00:00,4475.60009765625,4481.7998046875,4473.7998046875,4474.89990234375,1862
2026-08-17 20:10:00,4474.7998046875,4479.10009765625,4471.39990234375,4474.39990234375,1211
2026-08-17 20:20:00,4474.60009765625,4478.39990234375,4471.60009765625,4474.5,724
2026-08-17 20:30:00,4474.60009765625,4477.2998046875,4471.7998046875,4474.10009765625,847
2026-08-17 20:40:00,4474.0,4480.7998046875,4473.2001953125,4479.2998046875,956
2026-08-17 20:50:00,4479.2001953125,4483.39990234375,4478.0,4482.7001953125,1076
2026-08-17 21:00:00,4482.7998046875,4483.7001953125,4477.10009765625,4479.10009765625,1070
2026-08-17 21:10:00,4479.0,4481.5,4474.7998046875,4480.89990234375,1130
2026-08-17 21:20:00,4481.10009765625,4485.2998046875,4480.2998046875,4484.7998046875,1242
2026-08-17 21:30:00,4485.0,4486.0,4481.39990234375,4484.89990234375,1068
2026-08-17 21:40:00,4485.10009765625,4486.5,4482.5,4483.2001953125,673
2026-08-17 21:50:00,4482.7001953125,4484.89990234375,4480.2998046875,4482.2998046875,1008
2026-08-17 22:00:00,4482.39990234375,4484.5,4479.7001953125,4483.89990234375,579
2026-08-17 22:10:00,4484.0,4484.2001953125,4480.0,4481.7998046875,723
2026-08-17 22:20:00,4481.7001953125,4483.0,4480.10009765625,4481.5,645
2026-08-17 22:30:00,4481.7001953125,4483.7001953125,4478.2998046875,4479.7001953125,814
2026-08-17 22:40:00,4479.39990234375,4480.7001953125,4476.10009765625,4476.7001953125,974
2026-08-17 22:50:00,4476.7998046875,4477.7001953125,4470.7998046875,4474.0,2300
2026-08-17 23:00:00,4474.0,4476.2998046875,4469.10009765625,4469.2998046875,1677
2026-08-17 23:10:00,4469.39990234375,4477.89990234375,4468.2001953125,4476.5,887
2026-08-17 23:20:00,4476.5,4478.2001953125,4470.7998046875,4471.0,639
2026-08-17 23:30:00,4471.2998046875,4471.89990234375,4467.39990234375,4469.0,863
2026-08-17 23:40:00,4468.7998046875,4474.0,4467.60009765625,4472.7001953125,885
2026-08-17 23:50:00,4472.2998046875,4473.10009765625,4461.5,4463.2001953125,2758
2026-08-18 00:00:00,4463.2998046875,4463.7001953125,4454.5,4458.39990234375,2285
2026-08-18 00:10:00,4458.7001953125,4462.7001953125,4456.7998046875,4462.60009765625,781
2026-08-18 00:20:00,4462.5,4463.7998046875,4461.7001953125,4463.10009765625,375
2026-08-18 00:30:00,4462.89990234375,4463.5,4456.60009765625,4460.10009765625,1022
2026-08-18 00:40:00,4460.2001953125,4472.39990234375,4460.2001953125,4471.2001953125,1322
2026-08-18 00:50:00,4471.0,4473.60009765625,4470.60009765625,4470.60009765625,475
2026-08-18 01:00:00,4470.89990234375,4473.60009765625,4470.39990234375,4472.5,352
2026-08-18 01:10:00,4472.7998046875,4477.0,4471.7998046875,4476.10009765625,546
2026-08-18 01:20:00,4476.2001953125,4476.7001953125,4472.10009765625,4475.7001953125,913
2026-08-18 01:30:00,4475.89990234375,4477.5,4472.5,4473.39990234375,370
2026-08-18 01:40:00,4473.5,4474.39990234375,4473.0,4474.2998046875,121
2026-08-18 01:50:00,4474.5,4474.5,4471.39990234375,4471.39990234375,120
2026-08-18 02:00:00,4471.60009765625,4472.0,4471.10009765625,4471.5,156
2026-08-18 02:10:00,4471.7001953125,4473.2001953125,4471.39990234375,4472.0,133
2026-08-18 02:20:00,4472.2001953125,4474.0,4471.5,4473.10009765625,167
2026-08-18 02:30:00,,,,,0
2026-08-18 02:40:00,,,,,0
2026-08-18 02:50:00,,,,,0
2026-08-18 03:00:00,,,,,0
2026-08-18 03:10:00,,,,,0
2026-08-18 03:20:00,,,,,0
2026-08-18 03:30:00,4473.39990234375,4475.89990234375,4471.5,4472.0,79
2026-08-18 03:40:00,4472.10009765625,4473.5,4471.60009765625,4471.89990234375,187
2026-08-18 03:50:00,4472.2998046875,4472.7001953125,4468.2998046875,4468.89990234375,342
2026-08-18 04:00:00,4468.39990234375,4470.7998046875,4467.60009765625,4469.2998046875,418
2026-08-18 04:10:00,4469.5,4472.39990234375,4469.0,4471.2998046875,201
2026-08-18 04:20:00,4471.39990234375,4471.7001953125,4466.5,4467.89990234375,286
2026-08-18 04:30:00,4468.0,4470.60009765625,4466.0,4470.0,394
2026-08-18 04:40:00,4470.2001953125,4474.7001953125,4469.39990234375,4473.89990234375,373
2026-08-18 04:50:00,4473.7998046875,4478.10009765625,4472.5,4476.60009765625,460
2026-08-18 05:00:00,4476.2998046875,4478.7998046875,4476.2998046875,4477.10009765625,251
2026-08-18 05:10:00,4477.5,4480.39990234375,4476.2998046875,4479.7001953125,356
2026-08-18 05:20:00,4480.0,4482.10009765625,4478.89990234375,4482.0,338
2026-08-18 05:30:00,4482.2998046875,4486.5,4475.39990234375,4476.2998046875,1024
2026-08-18 05:40:00,4476.39990234375,4484.39990234375,4475.0,4482.89990234375,548
2026-08-18 05:50:00,4483.60009765625,4488.2001953125,4479.0,4487.7001953125,1210
2026-08-18 06:00:00,4487.7998046875,4490.2998046875,4484.5,4489.2998046875,783
2026-08-18 06:10:00,4489.60009765625,4489.60009765625,4484.89990234375,4486.2998046875,314
2026-08-18 06:20:00,4486.0,4491.7001953125,4485.0,4491.2001953125,503
2026-08-18 06:30:00,4491.60009765625,4493.10009765625,4485.5,4487.0,1378
2026-08-18 06:40:00,4487.2998046875,4488.5,4479.10009765625,4481.7998046875,723
2026-08-18 06:50:00,4482.0,4483.10009765625,4476.60009765625,4481.5,852
2026-08-18 07:00:00,4481.5,4482.60009765625,4476.60009765625,4476.60009765625,327
2026-08-18 07:10:00,4477.0,4478.2998046875,4461.10009765625,4464.5,1764
2026-08-18 07:20:00,4464.5,4466.2001953125,4460.89990234375,4464.60009765625,669
2026-08-18 07:30:00,4464.60009765625,4464.89990234375,4456.2001953125,4456.5,1037
2026-08-18 07:40:00,4456.7001953125,4461.89990234375,4454.7998046875,4460.39990234375,773
2026-08-18 07:50:00,4460.10009765625,4461.5,4458.2998046875,4458.7001953125,385
2026-08-18 08:00:00,4458.7998046875,4458.89990234375,4451.7001953125,4452.89990234375,1063
2026-08-18 08:10:00,4453.0,4454.2998046875,4450.0,4453.5,811
2026-08-18 08:20:00,4453.2998046875,4456.89990234375,4452.0,4456.10009765625,712
2026-08-18 08:30:00,4456.10009765625,4460.5,4455.7001953125,4457.7001953125,809
2026-08-18 08:40:00,4458.10009765625,4458.7998046875,4451.89990234375,4452.7001953125,576
2026-08-18 08:50:00,4453.0,4453.89990234375,4450.0,4453.2998046875,489
2026-08-18 09:00:00,4452.7998046875,4453.2998046875,4450.89990234375,4451.2998046875,216
2026-08-18 09:10:00,4450.89990234375,4451.89990234375,4449.2998046875,4449.7001953125,373
2026-08-18 09:20:00,4449.5,4449.60009765625,4446.2998046875,4448.10009765625,550
2026-08-18 09:30:00,4447.39990234375,4448.2001953125,4445.39990234375,4446.7998046875,469
2026-08-18 09:40:00,4446.89990234375,4449.2001953125,4446.5,4446.7998046875,472
2026-08-18 09:50:00,4447.10009765625,4448.60009765625,4446.39990234375,4448.10009765625,213
2026-08-18 10:00:00,4448.2001953125,4450.2998046875,4444.0,4446.7001953125,862
2026-08-18 10:10:00,4446.89990234375,4450.39990234375,4445.7998046875,4450.10009765625,318
2026-08-18 10:20:00,4449.89990234375,4450.89990234375,4448.39990234375,4448.89990234375,335
2026-08-18 10:30:00,4448.7001953125,4449.7998046875,4446.5,4449.0,330
2026-08-18 10:40:00,4449.2998046875,4450.10009765625,4446.39990234375,4450.0,193
2026-08-18 10:50:00,4450.10009765625,4451.60009765625,4446.60009765625,4446.60009765625,383
2026-08-18 11:00:00,4446.39990234375,4447.0,4441.39990234375,4445.7998046875,1207
2026-08-18 11:10:00,4446.10009765625,4451.39990234375,4444.2998046875,4451.2001953125,447
2026-08-18 11:20:00,4451.5,4453.2001953125,4449.39990234375,4450.2001953125,535
2026-08-18 11:30:00,4449.39990234375,4449.7998046875,4443.2001953125,4448.60009765625,1256
2026-08-18 11:40:00,4448.5,4451.89990234375,4447.7998046875,4450.7998046875,428
2026-08-18 11:50:00,4450.7998046875,4455.10009765625,4449.7998046875,4454.89990234375,753
2026-08-18 12:00:00,4454.7001953125,4455.60009765625,4450.5,4452.39990234375,507
2026-08-18 12:10:00,4452.39990234375,4454.7001953125,4452.10009765625,4453.10009765625,450
2026-08-18 12:20:00,4453.2998046875,4454.5,4452.7998046875,4454.10009765625,387
2026-08-18 12:30:00,4454.2998046875,4456.39990234375,4452.39990234375,4453.2001953125,680
2026-08-18 12:40:00,4453.10009765625,4456.39990234375,4452.5,4455.10009765625,489
2026-08-18 12:50:00,4455.5,4459.39990234375,4455.2998046875,4459.0,721
2026-08-18 13:00:00,4459.10009765625,4459.5,4452.2998046875,4458.0,829
2026-08-18 13:10:00,4457.7998046875,4459.2001953125,4455.39990234375,4456.0,367
2026-08-18 13:20:00,4455.39990234375,4456.39990234375,4451.2001953125,4451.2001953125,327
2026-08-18 13:30:00,4451.60009765625,4451.89990234375,4445.39990234375,4446.2998046875,1193
2026-08-18 13:40:00,4446.2001953125,4450.39990234375,4443.5,4447.60009765625,700
2026-08-18 13:50:00,4447.5,4448.10009765625,4442.39990234375,4444.89990234375,643
2026-08-18 14:00:00,4444.89990234375,4454.2001953125,4444.89990234375,4453.60009765625,726
2026-08-18 14:10:00,4453.60009765625,4454.2001953125,4447.2001953125,4448.89990234375,375
2026-08-18 14:20:00,4448.60009765625,4450.2001953125,4447.10009765625,4448.89990234375,413
2026-08-18 14:30:00,4448.7998046875,4449.39990234375,4446.60009765625,4447.5,318
2026-08-18 14:40:00,4447.5,4449.0,4446.60009765625,4446.89990234375,196
2026-08-18 14:50:00,4446.60009765625,4447.10009765625,4444.2001953125,4444.89990234375,539
2026-08-18 15:00:00,4444.7998046875,4451.10009765625,4444.7001953125,4447.5,847
2026-08-18 15:10:00,4447.5,4448.60009765625,4443.0,4448.60009765625,536
2026-08-18 15:20:00,4448.39990234375,4451.2998046875,4448.39990234375,4449.7001953125,482
2026-08-18 15:30:00,4449.7001953125,4452.0,4448.60009765625,4449.5,329
2026-08-18 15:40:00,4449.60009765625,4452.5,4449.0,4451.7998046875,201
2026-08-18 15:50:00,4451.2998046875,4451.5,4446.10009765625,4448.2998046875,440
2026-08-18 16:00:00,4448.7001953125,4454.10009765625,4448.10009765625,4453.89990234375,381
2026-08-18 16:10:00,4454.10009765625,4456.2001953125,4453.5,4455.2998046875,499
2026-08-18 16:20:00,4455.60009765625,4456.0,4452.89990234375,4454.39990234375,288
2026-08-18 16:30:00,4454.2001953125,4455.7998046875,4448.89990234375,4450.0,529
2026-08-18 16:40:00,4450.10009765625,4451.10009765625,4448.2998046875,4449.39990234375,239
2026-08-18 16:50:00,4449.39990234375,4450.10009765625,4445.7998046875,4446.2998046875,437
2026-08-18 17:00:00,4446.2998046875,4448.10009765625,4444.7998046875,4446.7998046875,515
2026-08-18 17:10:00,4446.5,4450.2001953125,4446.0,4448.5,361
2026-08-18 17:20:00,4448.7001953125,4453.2998046875,4446.39990234375,4452.2998046875,560
2026-08-18 17:30:00,4452.60009765625,4453.39990234375,4446.60009765625,4448.0,883
2026-08-18 17:40:00,4447.7001953125,4450.2001953125,4445.7998046875,4448.7001953125,537
2026-08-18 17:50:00,4449.2001953125,4457.2998046875,4448.2001953125,4451.89990234375,1979
2026-08-18 18:00:00,4452.0,4454.7998046875,4449.0,4450.60009765625,811
2026-08-18 18:10:00,4450.39990234375,4453.10009765625,4447.39990234375,4452.5,783
2026-08-18 18:20:00,4453.2001953125,4453.60009765625,4447.10009765625,4450.7001953125,1040
2026-08-18 18:30:00,4450.5,4453.7001953125,4445.0,4445.5,1586
2026-08-18 18:40:00,4445.0,4452.39990234375,4444.39990234375,4447.10009765625,2403
2026-08-18 18:50:00,4447.5,4449.7001953125,4444.2001953125,4445.39990234375,1497
2026-08-18 19:00:00,4445.5,4459.39990234375,4430.89990234375,4458.7001953125,6027
2026-08-18 19:10:00,4458.7998046875,4463.0,4447.2998046875,4451.7001953125,3643
2026-08-18 19:20:00,4451.0,4454.2001953125,4445.5,4451.0,1488
2026-08-18 19:30:00,4450.5,4462.7998046875,4449.60009765625,4454.60009765625,3616
2026-08-18 19:40:00,4454.7001953125,4461.39990234375,4447.39990234375,4458.10009765625,2119
2026-08-18 19:50:00,4457.89990234375,4459.2998046875,4448.7001953125,4450.60009765625,1226
2026-08-18 20:00:00,4450.7001953125,4452.5,4438.5,4438.7001953125,3778
2026-08-18 20:10:00,4439.10009765625,4444.7001953125,4434.0,4443.2001953125,2826
2026-08-18 20:20:00,4443.39990234375,4445.39990234375,4419.10009765625,4422.2998046875,5455
2026-08-18 20:30:00,4422.60009765625,4434.10009765625,4421.0,4421.60009765625,3469
2026-08-18 20:40:00,4421.89990234375,4424.0,4410.39990234375,4410.60009765625,3928
2026-08-18 20:50:00,4410.60009765625,4416.2998046875,4406.7998046875,4410.60009765625,3812
2026-08-18 21:00:00,4410.2001953125,4418.0,4409.7998046875,4417.0,2472
2026-08-18 21:10:00,4416.7001953125,4420.2001953125,4411.89990234375,4419.2998046875,2061
2026-08-18 21:20:00,4419.39990234375,4421.89990234375,4416.5,4420.2001953125,905
2026-08-18 21:30:00,4420.2998046875,4426.89990234375,4420.2998046875,4426.60009765625,1237
2026-08-18 21:40:00,4426.7998046875,4427.0,4420.0,4422.5,829
2026-08-18 21:50:00,4422.7998046875,4425.10009765625,4418.7001953125,4419.39990234375,633
2026-08-18 22:00:00,4419.7001953125,4422.60009765625,4418.2998046875,4420.39990234375,836
2026-08-18 22:10:00,4420.39990234375,4423.7998046875,4418.2998046875,4418.7998046875,550
2026-08-18 22:20:00,4418.89990234375,4424.10009765625,4417.7998046875,4419.0,775
2026-08-18 22:30:00,4419.10009765625,4421.5,4418.39990234375,4420.89990234375,810
2026-08-18 22:40:00,4421.2001953125,4423.7001953125,4418.7001953125,4419.7001953125,583
2026-08-18 22:50:00,4420.0,4423.7998046875,4419.2001953125,4420.7998046875,1076
2026-08-18 23:00:00,4421.0,4421.7998046875,4416.5,4418.2998046875,792
2026-08-18 23:10:00,4418.39990234375,4420.7001953125,4412.7001953125,4413.7998046875,926
2026-08-18 23:20:00,4413.5,4415.5,4412.39990234375,4413.2001953125,540
2026-08-18 23:30:00,4413.60009765625,4413.60009765625,4408.10009765625,4411.0,1498
2026-08-18 23:40:00,4411.2998046875,4414.39990234375,4408.0,4414.2001953125,362
2026-08-18 23:50:00,4414.2001953125,4416.5,4410.7998046875,4415.39990234375,551
2026-08-19 00:00:00,4415.60009765625,4415.7998046875,4413.0,4415.0,340
2026-08-19 00:10:00,4414.7998046875,4414.7998046875,4407.89990234375,4409.0,862
2026-08-19 00:20:00,4409.2998046875,4411.2001953125,4409.0,4409.39990234375,299
2026-08-19 00:30:00,4409.5,4413.10009765625,4409.2001953125,4410.2998046875,392
2026-08-19 00:40:00,4410.2001953125,4413.7001953125,4409.10009765625,4409.7998046875,675
2026-08-19 00:50:00,4409.5,4411.2998046875,4407.5,4409.5,686
2026-08-19 01:00:00,4409.7998046875,4411.5,4408.0,4409.39990234375,420
2026-08-19 01:10:00,4409.5,4412.39990234375,4398.60009765625,4400.7998046875,1914
2026-08-19 01:20:00,4400.7998046875,4401.7998046875,4392.2998046875,4400.0,2997
2026-08-19 01:30:00,4400.10009765625,4401.2001953125,4397.10009765625,4397.39990234375,534
2026-08-19 01:40:00,4397.7998046875,4398.2998046875,4394.5,4396.60009765625,324
2026-08-19 01:50:00,4396.5,4396.5,4388.0,4392.7998046875,688
2026-08-19 02:00:00,4392.7998046875,4394.60009765625,4391.7001953125,4393.2998046875,178
2026-08-19 02:10:00,4392.89990234375,4393.5,4383.2998046875,4387.60009765625,891
2026-08-19 02:20:00,4388.2001953125,4390.2998046875,4385.10009765625,4389.5,504
2026-08-19 02:30:00,,,,,0
2026-08-19 02:40:00,,,,,0
2026-08-19 02:50:00,,,,,0
2026-08-19 03:00:00,,,,,0
2026-08-19 03:10:00,,,,,0
2026-08-19 03:20:00,,,,,0
2026-08-19 03:30:00,4391.39990234375,4395.2998046875,4390.39990234375,4394.60009765625,207
2026-08-19 03:40:00,4394.5,4395.2998046875,4391.39990234375,4391.39990234375,505
2026-08-19 03:50:00,4391.39990234375,4391.89990234375,4386.5,4389.39990234375,1092
2026-08-19 04:00:00,4389.2998046875,4389.7998046875,4386.2001953125,4386.7001953125,511
2026-08-19 04:10:00,4387.0,4387.7998046875,4385.7998046875,4387.7998046875,261
2026-08-19 04:20:00,4387.7001953125,4388.7001953125,4386.2998046875,4386.7998046875,245
2026-08-19 04:30:00,4387.2001953125,4391.5,4385.89990234375,4388.0,432
2026-08-19 04:40:00,4387.89990234375,4388.2001953125,4385.0,4385.2998046875,312
2026-08-19 04:50:00,4385.5,4390.2998046875,4382.5,4383.10009765625,894
2026-08-19 05:00:00,4382.89990234375,4385.39990234375,4379.60009765625,4381.5,973
2026-08-19 05:10:00,4381.39990234375,4384.7998046875,4380.7001953125,4383.2998046875,345
2026-08-19 05:20:00,4383.7001953125,4387.0,4382.7001953125,4386.0,398
2026-08-19 05:30:00,4386.10009765625,4394.0,4384.60009765625,4392.7998046875,806
2026-08-19 05:40:00,4392.7001953125,4399.39990234375,4390.89990234375,4396.2998046875,874
2026-08-19 05:50:00,4396.7001953125,4399.10009765625,4392.5,4396.2998046875,990
2026-08-19 06:00:00,4396.39990234375,4400.2998046875,4392.89990234375,4398.2998046875,872
2026-08-19 06:10:00,4398.2001953125,4401.0,4396.0,4396.5,460
2026-08-19 06:20:00,4396.2001953125,4398.60009765625,4390.7001953125,4391.7998046875,772
2026-08-19 06:30:00,4391.5,4396.39990234375,4378.0,4393.89990234375,3224
2026-08-19 06:40:00,4393.89990234375,4400.0,4388.10009765625,4391.39990234375,1340
2026-08-19 06:50:00,4391.5,4396.2998046875,4386.39990234375,4396.10009765625,1158
2026-08-19 07:00:00,4396.2998046875,4410.0,4396.2001953125,4408.89990234375,1458
2026-08-19 07:10:00,4409.10009765625,4411.10009765625,4404.39990234375,4404.60009765625,1127
2026-08-19 07:20:00,4404.2998046875,4410.2001953125,4404.10009765625,4410.2001953125,579
2026-08-19 07:30:00,4410.0,4410.89990234375,4405.0,4409.2998046875,661
2026-08-19 07:40:00,4409.5,4414.7998046875,4405.89990234375,4412.39990234375,1498
2026-08-19 07:50:00,4412.2001953125,4415.7998046875,4411.5,4413.39990234375,776
2026-08-19 08:00:00,4413.39990234375,4413.89990234375,4407.7001953125,4408.7998046875,1104
2026-08-19 08:10:00,4408.7001953125,4411.7998046875,4407.39990234375,4409.5,402
2026-08-19 08:20:00,4408.89990234375,4410.0,4405.0,4408.5,555
2026-08-19 08:30:00,4408.39990234375,4409.89990234375,4405.39990234375,4407.10009765625,420
2026-08-19 08:40:00,4407.2998046875,4409.7998046875,4405.2998046875,4406.2998046875,451
2026-08-19 08:50:00,4406.2998046875,4411.7998046875,4405.2998046875,4410.7998046875,369
2026-08-19 09:00:00,4411.10009765625,4414.10009765625,4409.7998046875,4412.0,366
2026-08-19 09:10:00,4411.89990234375,4413.0,4410.2001953125,4411.60009765625,218
2026-08-19 09:20:00,4412.2998046875,4412.2998046875,4409.0,4409.0,118
2026-08-19 09:30:00,4408.89990234375,4409.60009765625,4406.89990234375,4408.10009765625,250
2026-08-19 09:40:00,4408.2001953125,4408.60009765625,4403.2001953125,4405.89990234375,585
2026-08-19 09:50:00,4405.7998046875,4406.10009765625,4403.5,4404.2001953125,280
2026-08-19 10:00:00,4404.7998046875,4405.2998046875,4399.39990234375,4399.89990234375,634
2026-08-19 10:10:00,4399.7998046875,4400.7001953125,4398.2001953125,4400.0,371
2026-08-19 10:20:00,4399.89990234375,4401.7998046875,4396.5,4401.7998046875,602
2026-08-19 10:30:00,4401.7001953125,4404.2001953125,4395.5,4396.0,501
2026-08-19 10:40:00,4395.89990234375,4395.89990234375,4390.10009765625,4391.2998046875,861
2026-08-19 10:50:00,4391.2998046875,4399.10009765625,4391.2998046875,4398.89990234375,551
2026-08-19 11:00:00,4399.10009765625,4399.2998046875,4390.2998046875,4396.39990234375,1309
2026-08-19 11:10:00,4396.10009765625,4396.89990234375,4388.5,4390.39990234375,885
2026-08-19 11:20:00,4390.60009765625,4392.0,4388.2001953125,4389.0,827
2026-08-19 11:30:00,4389.0,4394.7001953125,4388.7001953125,4392.2998046875,987
2026-08-19 11:40:00,4392.5,4399.60009765625,4390.2001953125,4398.7001953125,759
2026-08-19 11:50:00,4398.5,4401.89990234375,4394.2001953125,4396.2998046875,1284
2026-08-19 12:00:00,4396.60009765625,4399.2998046875,4390.7998046875,4397.5,1144
2026-08-19 12:10:00,4397.39990234375,4397.7998046875,4394.2998046875,4397.5,572
2026-08-19 12:20:00,4397.60009765625,4403.10009765625,4397.5,4402.7998046875,850
2026-08-19 12:30:00,4402.7998046875,4407.2998046875,4401.10009765625,4406.60009765625,1046
2026-08-19 12:40:00,4406.60009765625,4407.60009765625,4401.10009765625,4404.2998046875,766
2026-08-19 12:50:00,4404.60009765625,4410.7998046875,4402.60009765625,4410.5,1028
2026-08-19 13:00:00,4410.39990234375,4417.2001953125,4410.10009765625,4411.7001953125,1134
2026-08-19 13:10:00,4411.2998046875,4411.7001953125,4406.5,4410.0,579
2026-08-19 13:20:00,4410.2998046875,4411.39990234375,4408.2998046875,4408.2998046875,380
2026-08-19 13:30:00,4408.39990234375,4415.10009765625,4404.7998046875,4414.7001953125,1641
2026-08-19 13:40:00,4414.7998046875,4416.39990234375,4413.7001953125,4413.7001953125,468
2026-08-19 13:50:00,4413.5,4414.60009765625,4411.10009765625,4414.60009765625,458
2026-08-19 14:00:00,4414.2998046875,4414.89990234375,4410.2998046875,4413.7001953125,438
2026-08-19 14:10:00,4414.0,4417.2001953125,4413.2998046875,4415.7001953125,483
2026-08-19 14:20:00,4415.7998046875,4415.7998046875,4408.7001953125,4409.7001953125,725
2026-08-19 14:30:00,4409.7001953125,4413.89990234375,4409.0,4410.10009765625,532
2026-08-19 14:40:00,4410.10009765625,4411.89990234375,4407.39990234375,4409.2998046875,574
2026-08-19 14:50:00,4409.10009765625,4411.60009765625,4407.5,4410.60009765625,442
2026-08-19 15:00:00,4410.7001953125,4412.0,4409.5,4411.10009765625,452
2026-08-19 15:10:00,4411.2998046875,4415.39990234375,4411.0,4415.10009765625,481
2026-08-19 15:20:00,4415.2998046875,4416.39990234375,4412.5,4416.39990234375,548
2026-08-19 15:30:00,4416.5,4417.7001953125,4413.7998046875,4415.7998046875,496
2026-08-19 15:40:00,4415.7998046875,4423.2001953125,4415.5,4422.7998046875,906
2026-08-19 15:50:00,4423.0,4423.7998046875,4421.2001953125,4423.2001953125,715
2026-08-19 16:00:00,4423.39990234375,4424.10009765625,4420.39990234375,4421.7001953125,565
2026-08-19 16:10:00,4421.60009765625,4424.10009765625,4421.0,4423.2998046875,387
2026-08-19 16:20:00,4423.2998046875,4423.39990234375,4421.0,4422.2001953125,214
2026-08-19 16:30:00,4422.39990234375,4428.39990234375,4422.2001953125,4426.0,947
2026-08-19 16:40:00,4425.7998046875,4429.10009765625,4424.39990234375,4425.39990234375,677
2026-08-19 16:50:00,4425.39990234375,4428.2001953125,4423.60009765625,4425.7998046875,391
2026-08-19 17:00:00,4425.89990234375,4426.5,4421.60009765625,4422.7001953125,629
2026-08-19 17:10:00,4422.7998046875,4422.7998046875,4417.7001953125,4422.10009765625,965
2026-08-19 17:20:00,4421.89990234375,4422.2001953125,4418.2001953125,4419.10009765625,446
2026-08-19 17:30:00,4419.7001953125,4423.10009765625,4417.0,4422.5,809
2026-08-19 17:40:00,4422.5,4425.5,4420.7001953125,4422.60009765625,858
2026-08-19 17:50:00,4422.7998046875,4428.39990234375,4422.2998046875,4424.10009765625,1599
2026-08-19 18:00:00,4424.2998046875,4472.39990234375,4423.39990234375,4468.0,10665
2026-08-19 18:10:00,4468.2001953125,4479.7998046875,4463.5,4474.39990234375,9983
2026-08-19 18:20:00,4474.39990234375,4499.7998046875,4468.0,4496.2998046875,12143
2026-08-19 18:30:00,4496.2998046875,4499.2001953125,4480.7998046875,4498.7001953125,7348
2026-08-19 18:40:00,4498.89990234375,4521.7998046875,4498.2001953125,4517.5,10304
2026-08-19 18:50:00,4517.7001953125,4520.2998046875,4512.39990234375,4516.0,6248
2026-08-19 19:00:00,4516.2001953125,4524.0,4500.7998046875,4513.39990234375,8654
2026-08-19 19:10:00,4513.7998046875,4522.7001953125,4507.5,4507.89990234375,5197
2026-08-19 19:20:00,4507.89990234375,4521.60009765625,4502.39990234375,4517.7998046875,4498
2026-08-19 19:30:00,4518.0,4530.60009765625,4513.5,4530.2001953125,4839
2026-08-19 19:40:00,4530.0,4536.7001953125,4527.39990234375,4529.7998046875,5724
2026-08-19 19:50:00,4529.5,4546.2998046875,4528.39990234375,4544.2998046875,6914
2026-08-19 20:00:00,4544.39990234375,4550.7001953125,4542.2998046875,4548.0,8064
2026-08-19 20:10:00,4548.10009765625,4557.60009765625,4536.89990234375,4538.10009765625,7359
2026-08-19 20:20:00,4538.2001953125,4548.60009765625,4537.2001953125,4546.7998046875,2798
2026-08-19 20:30:00,4547.0,4547.0,4539.7998046875,4540.60009765625,2929
2026-08-19 20:40:00,4540.7001953125,4546.7001953125,4538.39990234375,4544.39990234375,3025
2026-08-19 20:50:00,4544.10009765625,4546.2001953125,4536.5,4542.0,2844
2026-08-19 21:00:00,4541.89990234375,4546.89990234375,4538.5,4545.5,1452
2026-08-19 21:10:00,4545.7001953125,4552.7998046875,4543.10009765625,4548.89990234375,2681
2026-08-19 21:20:00,4548.89990234375,4552.2001953125,4546.89990234375,4552.2001953125,1965
2026-08-19 21:30:00,4552.2001953125,4556.0,4549.5,4555.7001953125,2654
2026-08-19 21:40:00,4555.39990234375,4557.5,4552.7998046875,4552.7998046875,2187
2026-08-19 21:50:00,4553.0,4554.7998046875,4548.5,4548.7001953125,1470
2026-08-19 22:00:00,4549.10009765625,4554.2001953125,4548.39990234375,4553.2998046875,1223
2026-08-19 22:10:00,4553.60009765625,4554.5,4551.10009765625,4552.2998046875,867
2026-08-19 22:20:00,4552.2001953125,4555.7001953125,4550.89990234375,4551.0,991
2026-08-19 22:30:00,4551.0,4557.0,4549.0,4550.7001953125,2471
2026-08-19 22:40:00,4550.5,4551.2998046875,4544.2998046875,4546.7998046875,2225
2026-08-19 22:50:00,4547.2001953125,4548.39990234375,4544.0,4545.7998046875,2587
2026-08-19 23:00:00,4545.89990234375,4547.60009765625,4541.89990234375,4546.0,979
2026-08-19 23:10:00,4546.10009765625,4549.2001953125,4544.60009765625,4546.5,660
2026-08-19 23:20:00,4546.10009765625,4546.89990234375,4542.0,4545.0,777
2026-08-19 23:30:00,4544.89990234375,4554.60009765625,4543.39990234375,4547.10009765625,2394
2026-08-19 23:40:00,4547.2998046875,4548.5,4540.39990234375,4543.2001953125,1266
2026-08-19 23:50:00,4543.2998046875,4543.2998046875,4531.10009765625,4533.7998046875,4233
2026-08-20 00:00:00,4533.89990234375,4542.7001953125,4530.39990234375,4542.2001953125,3688
2026-08-20 00:10:00,4542.2998046875,4550.39990234375,4541.7998046875,4549.7001953125,3780
2026-08-20 00:20:00,4549.7998046875,4556.0,4549.2001953125,4553.2998046875,1083
2026-08-20 00:30:00,4553.2998046875,4564.10009765625,4552.2998046875,4563.60009765625,2713
2026-08-20 00:40:00,4563.60009765625,4564.2001953125,4560.39990234375,4562.60009765625,1345
2026-08-20 00:50:00,4562.5,4566.0,4560.7998046875,4565.10009765625,1390
2026-08-20 01:00:00,4565.2001953125,4568.89990234375,4561.2001953125,4563.7001953125,1904
2026-08-20 01:10:00,4563.7001953125,4568.7998046875,4559.10009765625,4568.2001953125,1789
2026-08-20 01:20:00,4568.2001953125,4569.60009765625,4565.5,4568.0,1408
2026-08-20 01:30:00,4568.39990234375,4568.89990234375,4565.10009765625,4567.89990234375,785
2026-08-20 01:40:00,4567.89990234375,4569.5,4562.7998046875,4568.2001953125,801
2026-08-20 01:50:00,4568.39990234375,4580.2998046875,4568.10009765625,4576.7001953125,2786
2026-08-20 02:00:00,4576.7001953125,4582.2001953125,4576.2001953125,4578.2998046875,796
2026-08-20 02:10:00,4578.2001953125,4581.0,4577.2998046875,4579.2998046875,411
2026-08-20 02:20:00,4579.10009765625,4582.7998046875,4579.10009765625,4580.7001953125,712
2026-08-20 02:30:00,,,,,0
2026-08-20 02:40:00,,,,,0
2026-08-20 02:50:00,,,,,0
2026-08-20 03:00:00,,,,,0
2026-08-20 03:10:00,,,,,0
2026-08-20 03:20:00,,,,,0
2026-08-20 03:30:00,4580.0,4583.7998046875,4576.60009765625,4578.60009765625,153
2026-08-20 03:40:00,4578.2998046875,4579.2998046875,4576.39990234375,4577.2998046875,373
2026-08-20 03:50:00,4577.2998046875,4578.7001953125,4576.2001953125,4578.0,301
2026-08-20 04:00:00,4577.7001953125,4579.0,4574.7998046875,4575.0,548
2026-08-20 04:10:00,4575.2001953125,4578.2998046875,4575.0,4576.7998046875,292
2026-08-20 04:20:00,4577.10009765625,4579.2001953125,4573.5,4575.89990234375,418
2026-08-20 04:30:00,4576.39990234375,4581.2001953125,4574.7998046875,4579.39990234375,666
2026-08-20 04:40:00,4579.0,4579.10009765625,4575.39990234375,4577.5,211
2026-08-20 04:50:00,4577.10009765625,4577.2001953125,4572.2998046875,4574.7998046875,429
2026-08-20 05:00:00,4575.10009765625,4575.5,4570.7001953125,4571.2001953125,522
2026-08-20 05:10:00,4571.2001953125,4574.89990234375,4570.89990234375,4571.89990234375,353
2026-08-20 05:20:00,4572.0,4572.39990234375,4568.39990234375,4569.2001953125,373
2026-08-20 05:30:00,4568.7001953125,4576.2998046875,4567.7001953125,4572.2001953125,642
2026-08-20 05:40:00,4572.2001953125,4578.60009765625,4570.0,4575.2001953125,519
2026-08-20 05:50:00,4575.2001953125,4575.5,4565.7998046875,4567.7998046875,749
2026-08-20 06:00:00,4566.7998046875,4570.39990234375,4566.2001953125,4566.7998046875,437
2026-08-20 06:10:00,4566.7998046875,4566.7998046875,4560.2001953125,4564.89990234375,1086
2026-08-20 06:20:00,4565.10009765625,4567.89990234375,4561.39990234375,4562.0,830
2026-08-20 06:30:00,4562.2998046875,4567.89990234375,4549.39990234375,4556.2001953125,2857
2026-08-20 06:40:00,4556.10009765625,4557.2001953125,4550.10009765625,4556.5,1344
2026-08-20 06:50:00,4556.60009765625,4561.10009765625,4555.2998046875,4558.2998046875,1030
2026-08-20 07:00:00,4558.0,4559.0,4551.0,4552.5,812
2026-08-20 07:10:00,4552.5,4556.7001953125,4546.7998046875,4547.5,1002
2026-08-20 07:20:00,4547.7998046875,4548.7998046875,4542.10009765625,4547.39990234375,1693
2026-08-20 07:30:00,4547.2998046875,4556.60009765625,4546.10009765625,4553.2001953125,1327
2026-08-20 07:40:00,4553.10009765625,4557.60009765625,4547.10009765625,4549.0,837
2026-08-20 07:50:00,4549.0,4552.5,4547.2998046875,4550.60009765625,600
2026-08-20 08:00:00,4550.10009765625,4552.10009765625,4548.0,4550.2001953125,590
2026-08-20 08:10:00,4550.0,4551.7001953125,4546.7001953125,4546.7998046875,503
2026-08-20 08:20:00,4546.7998046875,4552.0,4546.5,4548.10009765625,538
2026-08-20 08:30:00,4548.2001953125,4554.5,4548.2001953125,4548.89990234375,414
2026-08-20 08:40:00,4549.10009765625,4551.10009765625,4545.7001953125,4549.89990234375,614
2026-08-20 08:50:00,4550.5,4554.2001953125,4548.7001953125,4551.10009765625,559
2026-08-20 09:00:00,4550.7998046875,4556.0,4550.0,4555.7001953125,652
2026-08-20 09:10:00,4555.2001953125,4556.7001953125,4553.7998046875,4556.0,331
2026-08-20 09:20:00,4556.10009765625,4558.7998046875,4554.7998046875,4555.7001953125,462
2026-08-20 09:30:00,4556.39990234375,4556.60009765625,4552.39990234375,4554.10009765625,837
2026-08-20 09:40:00,4554.0,4554.89990234375,4552.2998046875,4553.89990234375,258
2026-08-20 09:50:00,4554.0,4554.2998046875,4547.10009765625,4547.39990234375,573
2026-08-20 10:00:00,4547.2001953125,4548.2998046875,4543.39990234375,4544.7998046875,624
2026-08-20 10:10:00,4544.39990234375,4548.0,4544.10009765625,4548.0,394
2026-08-20 10:20:00,4547.7001953125,4549.10009765625,4545.7998046875,4546.10009765625,269
2026-08-20 10:30:00,4546.0,4551.39990234375,4545.7998046875,4548.39990234375,296
2026-08-20 10:40:00,4548.2001953125,4549.0,4541.5,4542.2001953125,754
2026-08-20 10:50:00,4541.89990234375,4544.39990234375,4540.0,4540.5,668
2026-08-20 11:00:00,4540.0,4543.10009765625,4535.2001953125,4537.5,1052
2026-08-20 11:10:00,4537.5,4539.39990234375,4536.2998046875,4538.60009765625,420
2026-08-20 11:20:00,4538.60009765625,4540.5,4534.7998046875,4538.5,616
2026-08-20 11:30:00,4538.60009765625,4548.89990234375,4537.2001953125,4547.2998046875,1487
2026-08-20 11:40:00,4547.5,4553.5,4547.2001953125,4551.2998046875,1583
2026-08-20 11:50:00,4550.7998046875,4553.0,4549.60009765625,4551.2998046875,660
2026-08-20 12:00:00,4551.2998046875,4553.0,4549.60009765625,4551.2001953125,720
2026-08-20 12:10:00,4551.2001953125,4553.0,4549.5,4550.7998046875,693
2026-08-20 12:20:00,4550.7001953125,4551.5,4548.5,4550.7998046875,881
2026-08-20 12:30:00,4550.60009765625,4551.0,4544.5,4546.0,993
2026-08-20 12:40:00,4545.7998046875,4547.10009765625,4543.39990234375,4543.7998046875,617
2026-08-20 12:50:00,4543.89990234375,4544.7998046875,4540.10009765625,4540.5,726
2026-08-20 13:00:00,4540.7998046875,4547.89990234375,4540.10009765625,4546.2001953125,994
2026-08-20 13:10:00,4546.5,4552.7001953125,4545.89990234375,4546.2001953125,1120
2026-08-20 13:20:00,4546.2001953125,4549.2998046875,4545.2998046875,4547.60009765625,423
2026-08-20 13:30:00,4547.89990234375,4552.2001953125,4547.60009765625,4551.2001953125,846
2026-08-20 13:40:00,4550.89990234375,4555.89990234375,4548.5,4553.60009765625,1479
2026-08-20 13:50:00,4553.5,4555.2001953125,4547.0,4548.60009765625,908
2026-08-20 14:00:00,4548.10009765625,4552.39990234375,4543.89990234375,4548.7001953125,1453
2026-08-20 14:10:00,4548.7001953125,4549.7998046875,4544.60009765625,4544.89990234375,469
2026-08-20 14:20:00,4544.7998046875,4549.0,4544.39990234375,4546.10009765625,375
2026-08-20 14:30:00,4546.2001953125,4550.0,4545.2001953125,4548.2998046875,610
2026-08-20 14:40:00,4548.7001953125,4551.0,4545.7998046875,4545.89990234375,559
2026-08-20 14:50:00,4546.0,4549.5,4544.7001953125,4546.7998046875,647
2026-08-20 15:00:00,4546.60009765625,4547.2001953125,4541.0,4542.7998046875,1089
2026-08-20 15:10:00,4542.7998046875,4547.0,4541.89990234375,4542.10009765625,678
2026-08-20 15:20:00,4542.2001953125,4542.89990234375,4538.2001953125,4538.89990234375,977
2026-08-20 15:30:00,4539.10009765625,4546.60009765625,4537.0,4546.10009765625,910
2026-08-20 15:40:00,4546.10009765625,4548.2001953125,4544.7998046875,4547.2998046875,939
2026-08-20 15:50:00,4547.10009765625,4550.5,4542.60009765625,4550.2001953125,780
2026-08-20 16:00:00,4550.2998046875,4552.5,4546.7001953125,4546.89990234375,933
2026-08-20 16:10:00,4546.7001953125,4547.7001953125,4545.0,4546.7001953125,296
2026-08-20 16:20:00,4546.7998046875,4547.2998046875,4543.7998046875,4546.39990234375,313
2026-08-20 16:30:00,4546.7001953125,4547.89990234375,4542.10009765625,4543.7998046875,1735
2026-08-20 16:40:00,4543.89990234375,4544.0,4537.60009765625,4538.89990234375,1087
2026-08-20 16:50:00,4538.60009765625,4546.2998046875,4537.89990234375,4540.7998046875,799
2026-08-20 17:00:00,4541.10009765625,4543.2001953125,4536.2998046875,4537.89990234375,1576
2026-08-20 17:10:00,4537.7998046875,4539.0,4522.0,4527.39990234375,3495
2026-08-20 17:20:00,4527.60009765625,4529.10009765625,4521.2001953125,4523.10009765625,1977
2026-08-20 17:30:00,4523.2998046875,4523.39990234375,4506.2001953125,4512.39990234375,5108
2026-08-20 17:40:00,4512.7001953125,4522.89990234375,4512.10009765625,4522.5,2752
2026-08-20 17:50:00,4522.2001953125,4523.39990234375,4512.2001953125,4514.2998046875,2282
2026-08-20 18:00:00,4514.89990234375,4518.2001953125,4506.0,4518.2001953125,2941
2026-08-20 18:10:00,4517.89990234375,4526.5,4515.0,4526.2998046875,2463
2026-08-20 18:20:00,4526.2998046875,4532.2998046875,4524.7998046875,4529.7001953125,1977
2026-08-20 18:30:00,4529.7998046875,4539.60009765625,4527.7998046875,4529.0,3062
2026-08-20 18:40:00,4528.39990234375,4531.89990234375,4525.89990234375,4529.5,1503
2026-08-20 18:50:00,4529.7998046875,4531.89990234375,4525.0,4526.7001953125,1150
2026-08-20 19:00:00,4526.7998046875,4541.10009765625,4524.10009765625,4538.5,4840
2026-08-20 19:10:00,4538.60009765625,4544.39990234375,4532.60009765625,4537.0,3123
2026-08-20 19:20:00,4537.10009765625,4541.7998046875,4534.2998046875,4537.0,2273
2026-08-20 19:30:00,4536.7998046875,4545.89990234375,4535.7998046875,4540.5,3679
2026-08-20 19:40:00,4540.60009765625,4545.39990234375,4537.39990234375,4537.7001953125,2958
2026-08-20 19:50:00,4538.0,4549.89990234375,4537.39990234375,4547.39990234375,2680
2026-08-20 20:00:00,4547.60009765625,4556.60009765625,4547.5,4551.60009765625,3079
2026-08-20 20:10:00,4551.7998046875,4564.2998046875,4549.2001953125,4563.39990234375,2937
2026-08-20 20:20:00,4563.7998046875,4572.0,4560.2001953125,4571.7001953125,3626
2026-08-20 20:30:00,4571.7998046875,4592.7001953125,4570.7001953125,4581.2001953125,12801
2026-08-20 20:40:00,4581.2001953125,4597.0,4577.7998046875,4595.89990234375,5432
2026-08-20 20:50:00,4595.89990234375,4597.10009765625,4579.2001953125,4588.60009765625,5163
2026-08-20 21:00:00,4588.39990234375,4590.0,4573.2001953125,4574.60009765625,4018
2026-08-20 21:10:00,4574.60009765625,4577.2001953125,4563.5,4576.10009765625,3718
2026-08-20 21:20:00,4575.7001953125,4579.7998046875,4571.39990234375,4577.2998046875,1670
2026-08-20 21:30:00,4577.5,4580.7001953125,4574.89990234375,4575.60009765625,1138
2026-08-20 21:40:00,4576.2001953125,4576.2001953125,4564.5,4568.2001953125,2008
2026-08-20 21:50:00,4568.10009765625,4569.10009765625,4561.39990234375,4565.60009765625,1048
2026-08-20 22:00:00,4565.89990234375,4569.2998046875,4559.2001953125,4563.7998046875,1879
2026-08-20 22:10:00,4563.7998046875,4569.10009765625,4563.7998046875,4568.60009765625,1159
2026-08-20 22:20:00,4568.5,4570.60009765625,4564.2001953125,4566.7001953125,1242
2026-08-20 22:30:00,4566.7001953125,4570.89990234375,4564.2001953125,4566.39990234375,1249
2026-08-20 22:40:00,4566.2998046875,4567.7998046875,4564.10009765625,4565.2998046875,830
2026-08-20 22:50:00,4565.5,4573.39990234375,4564.89990234375,4569.60009765625,2599
2026-08-20 23:00:00,4569.60009765625,4575.2001953125,4567.2998046875,4573.60009765625,1085
2026-08-20 23:10:00,4573.39990234375,4576.89990234375,4572.89990234375,4575.60009765625,486
2026-08-20 23:20:00,4575.89990234375,4576.89990234375,4573.60009765625,4576.0,447
2026-08-20 23:30:00,4576.0,4578.7998046875,4571.2998046875,4572.89990234375,997
2026-08-20 23:40:00,4573.0,4573.0,4564.7001953125,4572.2998046875,1665
2026-08-20 23:50:00,4572.2998046875,4576.60009765625,4571.5,4575.89990234375,612
2026-08-21 00:00:00,4575.2998046875,4579.7001953125,4575.0,4577.60009765625,610
2026-08-21 00:10:00,4577.0,4578.0,4574.10009765625,4577.5,377
2026-08-21 00:20:00,4577.5,4581.7001953125,4577.5,4578.5,1279
2026-08-21 00:30:00,4578.2998046875,4582.89990234375,4574.7001953125,4582.89990234375,562
2026-08-21 00:40:00,4582.89990234375,4585.89990234375,4580.7998046875,4582.2001953125,570
2026-08-21 00:50:00,4582.60009765625,4584.5,4579.10009765625,4579.2001953125,701
2026-08-21 01:00:00,4579.0,4585.7001953125,4578.2001953125,4584.7001953125,530
2026-08-21 01:10:00,4584.7998046875,4586.0,4581.0,4584.7998046875,754
2026-08-21 01:20:00,4584.60009765625,4588.0,4582.60009765625,4584.89990234375,1074
2026-08-21 01:30:00,4584.5,4585.2001953125,4578.89990234375,4579.5,501
2026-08-21 01:40:00,4579.2001953125,4581.10009765625,4576.7001953125,4578.2998046875,288
2026-08-21 01:50:00,4578.2998046875,4578.5,4576.7001953125,4577.10009765625,298
2026-08-21 02:00:00,4577.10009765625,4577.2001953125,4573.0,4573.60009765625,362
2026-08-21 02:10:00,4574.0,4575.2001953125,4573.89990234375,4574.60009765625,159
2026-08-21 02:20:00,4574.39990234375,4577.2998046875,4574.0,4575.10009765625,418
2026-08-21 02:30:00,,,,,0
2026-08-21 02:40:00,,,,,0
2026-08-21 02:50:00,,,,,0
2026-08-21 03:00:00,,,,,0
2026-08-21 03:10:00,,,,,0
2026-08-21 03:20:00,,,,,0
2026-08-21 03:30:00,4577.0,4577.7001953125,4571.0,4574.2998046875,95
2026-08-21 03:40:00,4574.2998046875,4576.2001953125,4572.89990234375,4575.89990234375,194
2026-08-21 03:50:00,4575.5,4576.7998046875,4574.0,4575.39990234375,317
2026-08-21 04:00:00,4575.60009765625,4578.60009765625,4574.39990234375,4577.5,346
2026-08-21 04:10:00,4577.39990234375,4579.7998046875,4575.5,4578.0,722
2026-08-21 04:20:00,4578.10009765625,4580.2001953125,4577.60009765625,4580.2001953125,228
2026-08-21 04:30:00,4579.89990234375,4586.2001953125,4579.39990234375,4582.7001953125,999
2026-08-21 04:40:00,4583.2001953125,4589.0,4583.2001953125,4587.5,528
2026-08-21 04:50:00,4587.60009765625,4587.60009765625,4578.5,4583.2001953125,818
2026-08-21 05:00:00,4582.89990234375,4584.5,4577.10009765625,4579.7001953125,725
2026-08-21 05:10:00,4580.60009765625,4583.7998046875,4579.2001953125,4583.5,170
2026-08-21 05:20:00,4583.2001953125,4584.2998046875,4581.89990234375,4582.2001953125,200
2026-08-21 05:30:00,4582.2998046875,4583.7001953125,4576.0,4576.39990234375,352
2026-08-21 05:40:00,4576.5,4579.5,4571.0,4574.39990234375,850
2026-08-21 05:50:00,4574.2001953125,4577.39990234375,4570.39990234375,4571.39990234375,458
2026-08-21 06:00:00,4571.89990234375,4573.89990234375,4568.39990234375,4569.39990234375,646
2026-08-21 06:10:00,4569.7001953125,4571.39990234375,4566.7998046875,4568.60009765625,531
2026-08-21 06:20:00,4568.39990234375,4569.39990234375,4566.2998046875,4567.2001953125,289
2026-08-21 06:30:00,4567.2001953125,4574.10009765625,4565.5,4570.39990234375,1200
2026-08-21 06:40:00,4570.0,4583.5,4568.7998046875,4580.89990234375,949
2026-08-21 06:50:00,4581.10009765625,4587.2998046875,4578.60009765625,4586.39990234375,857
2026-08-21 07:00:00,4585.89990234375,4600.2998046875,4583.0,4584.7001953125,2772
2026-08-21 07:10:00,4585.2998046875,4589.60009765625,4579.7998046875,4587.7001953125,875
2026-08-21 07:20:00,4587.7998046875,4588.7001953125,4581.7998046875,4587.0,488
2026-08-21 07:30:00,4586.7998046875,4587.5,4576.7998046875,4579.0,1627
2026-08-21 07:40:00,4578.7998046875,4579.5,4574.0,4578.2001953125,912
2026-08-21 07:50:00,4578.5,4585.2998046875,4578.0,4583.2998046875,461
2026-08-21 08:00:00,4583.89990234375,4588.0,4581.2998046875,4587.39990234375,750
2026-08-21 08:10:00,4587.5,4595.7001953125,4587.0,4595.2001953125,847
2026-08-21 08:20:00,4595.10009765625,4599.2001953125,4588.7001953125,4590.0,963
2026-08-21 08:30:00,4590.0,4594.7001953125,4588.2001953125,4590.89990234375,475
2026-08-21 08:40:00,4590.7001953125,4593.0,4588.2001953125,4589.2001953125,353
2026-08-21 08:50:00,4589.10009765625,4591.2001953125,4585.7001953125,4585.89990234375,380
2026-08-21 09:00:00,4585.89990234375,4591.7998046875,4585.10009765625,4585.2998046875,513
2026-08-21 09:10:00,4585.0,4589.7998046875,4582.60009765625,4587.39990234375,598
2026-08-21 09:20:00,4587.7001953125,4590.89990234375,4586.89990234375,4590.89990234375,146
2026-08-21 09:30:00,4591.5,4595.5,4591.2001953125,4594.2001953125,608
2026-08-21 09:40:00,4594.5,4598.5,4593.39990234375,4597.2998046875,605
2026-08-21 09:50:00,4597.2998046875,4603.89990234375,4597.2998046875,4603.2001953125,1454
2026-08-21 10:00:00,4603.39990234375,4604.39990234375,4597.10009765625,4598.2001953125,962
2026-08-21 10:10:00,4598.10009765625,4599.60009765625,4596.60009765625,4597.2998046875,241
2026-08-21 10:20:00,4597.60009765625,4598.7001953125,4596.2998046875,4596.7998046875,163
2026-08-21 10:30:00,4596.39990234375,4596.89990234375,4591.2001953125,4592.7998046875,674
2026-08-21 10:40:00,4593.2998046875,4595.0,4587.0,4590.0,1143
2026-08-21 10:50:00,4590.2998046875,4591.0,4586.7001953125,4586.7001953125,341
2026-08-21 11:00:00,4586.5,4597.0,4585.39990234375,4592.39990234375,786
2026-08-21 11:10:00,4592.39990234375,4602.7998046875,4592.2001953125,4602.39990234375,1256
2026-08-21 11:20:00,4602.2998046875,4612.39990234375,4599.2001953125,4610.10009765625,1708
2026-08-21 11:30:00,4609.89990234375,4611.5,4603.2001953125,4604.60009765625,1077
2026-08-21 11:40:00,4604.60009765625,4613.10009765625,4601.7998046875,4612.0,1084
2026-08-21 11:50:00,4612.10009765625,4615.10009765625,4606.39990234375,4612.2001953125,1953
2026-08-21 12:00:00,4612.0,4622.7998046875,4611.2998046875,4621.7998046875,2161
2026-08-21 12:10:00,4621.60009765625,4624.7001953125,4617.39990234375,4624.5,1812
2026-08-21 12:20:00,4624.2998046875,4624.7001953125,4617.7998046875,4617.89990234375,1045
2026-08-21 12:30:00,4617.7998046875,4623.0,4615.7998046875,4615.7998046875,1489
2026-08-21 12:40:00,4615.7001953125,4623.7998046875,4615.39990234375,4623.2001953125,1126
2026-08-21 12:50:00,4623.2001953125,4624.7998046875,4617.60009765625,4618.60009765625,908
2026-08-21 13:00:00,4618.5,4622.0,4617.0,4621.2001953125,911
2026-08-21 13:10:00,4621.7001953125,4625.0,4619.5,4623.10009765625,808
2026-08-21 13:20:00,4623.5,4624.0,4617.89990234375,4621.0,648
2026-08-21 13:30:00,4621.39990234375,4623.5,4615.7998046875,4618.5,1162
2026-08-21 13:40:00,4618.39990234375,4630.60009765625,4618.2998046875,4629.60009765625,2620
2026-08-21 13:50:00,4629.60009765625,4638.89990234375,4628.7998046875,4636.7001953125,2506
2026-08-21 14:00:00,4636.7001953125,4639.7001953125,4633.5,4636.5,1911
2026-08-21 14:10:00,4636.5,4641.2001953125,4636.0,4638.0,1200
2026-08-21 14:20:00,4638.0,4642.0,4637.0,4641.0,939
2026-08-21 14:30:00,4641.10009765625,4653.60009765625,4638.89990234375,4653.39990234375,3369
2026-08-21 14:40:00,4652.7998046875,4659.39990234375,4650.39990234375,4650.7001953125,3624
2026-08-21 14:50:00,4650.2998046875,4650.60009765625,4638.2998046875,4639.60009765625,2585
2026-08-21 15:00:00,4639.2998046875,4643.2998046875,4638.10009765625,4642.89990234375,1687
2026-08-21 15:10:00,4643.10009765625,4644.2998046875,4638.2001953125,4638.60009765625,1453
2026-08-21 15:20:00,4638.60009765625,4642.7998046875,4637.60009765625,4639.7001953125,1118
2026-08-21 15:30:00,4639.39990234375,4646.0,4638.39990234375,4640.10009765625,1884
2026-08-21 15:40:00,4640.39990234375,4644.2998046875,4634.5,4641.2998046875,1626
2026-08-21 15:50:00,4641.39990234375,4646.39990234375,4640.2001953125,4645.60009765625,1085
2026-08-21 16:00:00,4645.7998046875,4650.7998046875,4642.7001953125,4650.7998046875,767
2026-08-21 16:10:00,4651.0,4651.60009765625,4647.0,4647.7001953125,933
2026-08-21 16:20:00,4647.7001953125,4650.0,4645.0,4645.7998046875,986
2026-08-21 16:30:00,4645.5,4652.7998046875,4644.2998046875,4649.60009765625,1040
2026-08-21 16:40:00,4649.60009765625,4655.10009765625,4645.5,4653.2998046875,1062
2026-08-21 16:50:00,4653.7001953125,4659.2998046875,4652.89990234375,4655.7001953125,1777
2026-08-21 17:00:00,4655.89990234375,4661.7001953125,4650.2998046875,4654.60009765625,1664
2026-08-21 17:10:00,4654.2001953125,4657.7001953125,4650.60009765625,4657.10009765625,1174
2026-08-21 17:20:00,4656.7998046875,4657.5,4653.0,4654.39990234375,1233
2026-08-21 17:30:00,4654.7001953125,4659.10009765625,4649.0,4650.7001953125,2694
2026-08-21 17:40:00,4651.10009765625,4653.2001953125,4643.2001953125,4645.2001953125,2808
2026-08-21 17:50:00,4645.2998046875,4646.39990234375,4638.0,4642.2001953125,2578
2026-08-21 18:00:00,4642.0,4642.0,4621.2001953125,4621.7998046875,4829
2026-08-21 18:10:00,4621.7998046875,4636.60009765625,4620.5,4636.2998046875,3059
2026-08-21 18:20:00,4636.39990234375,4637.89990234375,4631.39990234375,4634.7001953125,2222
2026-08-21 18:30:00,4634.60009765625,4641.5,4632.5,4637.7001953125,2039
2026-08-21 18:40:00,4637.7998046875,4644.7001953125,4636.5,4637.60009765625,1691
2026-08-21 18:50:00,4637.39990234375,4643.7001953125,4635.89990234375,4641.10009765625,1054
2026-08-21 19:00:00,4640.89990234375,4647.89990234375,4630.0,4644.60009765625,3869
2026-08-21 19:10:00,4644.0,4650.2001953125,4639.7001953125,4647.10009765625,3084
2026-08-21 19:20:00,4646.5,4648.0,4633.7998046875,4638.2998046875,3323
2026-08-21 19:30:00,4638.10009765625,4647.7998046875,4637.0,4644.2998046875,3058
2026-08-21 19:40:00,4644.39990234375,4647.60009765625,4641.60009765625,4646.7001953125,1281
2026-08-21 19:50:00,4646.39990234375,4659.7998046875,4646.2998046875,4659.5,3735
2026-08-21 20:00:00,4659.7001953125,4660.2001953125,4637.39990234375,4638.39990234375,4179
2026-08-21 20:10:00,4638.2998046875,4648.2998046875,4636.5,4647.89990234375,3605
2026-08-21 20:20:00,4648.0,4652.0,4640.89990234375,4648.10009765625,2018
2026-08-21 20:30:00,4648.5,4655.10009765625,4644.10009765625,4651.0,2269
2026-08-21 20:40:00,4651.10009765625,4656.2998046875,4650.7998046875,4654.89990234375,1492
2026-08-21 20:50:00,4654.7998046875,4665.5,4652.5,4660.2998046875,3496
2026-08-21 21:00:00,4660.2998046875,4666.0,4657.0,4664.2001953125,2057
2026-08-21 21:10:00,4664.0,4669.0,4663.10009765625,4665.10009765625,1963
2026-08-21 21:20:00,4665.2001953125,4673.0,4664.7001953125,4672.0,2103
2026-08-21 21:30:00,4672.10009765625,4675.0,4666.2998046875,4667.60009765625,2096
2026-08-21 21:40:00,4667.7998046875,4673.5,4667.60009765625,4671.60009765625,1048
2026-08-21 21:50:00,4671.39990234375,4678.39990234375,4667.7998046875,4671.60009765625,2093
2026-08-21 22:00:00,4671.7001953125,4678.5,4669.7998046875,4676.7001953125,1695
2026-08-21 22:10:00,4676.7998046875,4682.2998046875,4674.89990234375,4681.10009765625,1526
2026-08-21 22:20:00,4681.2001953125,4687.2001953125,4681.2001953125,4686.60009765625,2327
2026-08-21 22:30:00,4686.7001953125,4690.39990234375,4684.0,4689.0,2757
2026-08-21 22:40:00,4688.7998046875,4689.7998046875,4679.7001953125,4681.5,3201
2026-08-21 22:50:00,4681.2001953125,4683.0,4673.39990234375,4680.10009765625,4615
2026-08-21 23:00:00,4680.39990234375,4683.10009765625,4677.60009765625,4680.89990234375,1178
2026-08-21 23:10:00,4680.7998046875,4682.89990234375,4675.10009765625,4676.2001953125,1884
2026-08-21 23:20:00,4677.0,4680.7001953125,4676.2001953125,4678.7001953125,1062
2026-08-21 23:30:00,4679.0,4685.89990234375,4678.60009765625,4684.0,1058
2026-08-21 23:40:00,4684.10009765625,4685.2998046875,4681.39990234375,4684.89990234375,389
2026-08-21 23:50:00,4684.7998046875,4686.10009765625,4682.7001953125,4683.5,459
2026-08-22 00:00:00,4683.2998046875,4683.2998046875,4677.5,4677.7001953125,1531
2026-08-22 00:10:00,4678.0,4684.0,4678.0,4682.2998046875,953
2026-08-22 00:20:00,4682.39990234375,4682.60009765625,4680.5,4681.7998046875,565
2026-08-22 00:30:00,4682.10009765625,4683.10009765625,4675.89990234375,4678.60009765625,971
2026-08-22 00:40:00,4678.39990234375,4680.7998046875,4677.5,4679.7998046875,552
2026-08-22 00:50:00,4679.7001953125,4680.39990234375,4675.2998046875,4675.60009765625,587
2026-08-22 01:00:00,4675.5,4676.89990234375,4673.0,4674.89990234375,680
2026-08-22 01:10:00,4675.39990234375,4680.2998046875,4674.5,4680.10009765625,797
2026-08-22 01:20:00,4679.7001953125,4680.60009765625,4673.0,4674.7001953125,1081
2026-08-22 01:30:00,4674.60009765625,4675.39990234375,4672.60009765625,4673.7001953125,446
2026-08-22 01:40:00,4674.10009765625,4675.2001953125,4668.7001953125,4670.10009765625,482
2026-08-22 01:50:00,4670.2998046875,4670.7998046875,4667.60009765625,4668.0,257
2026-08-22 02:00:00,4668.0,4669.60009765625,4665.39990234375,4666.0,306
2026-08-22 02:10:00,4666.0,4667.39990234375,4661.0,4664.0,459
2026-08-22 02:20:00,4663.5,4680.60009765625,4661.0,4680.60009765625,630
2026-08-22 02:30:00,,,,,0
2026-08-22 02:40:00,,,,,0
2026-08-22 02:50:00,,,,,0
2026-08-22 03:00:00,,,,,0
2026-08-22 03:10:00,,,,,0
2026-08-22 03:20:00,,,,,0
2026-08-22 03:30:00,,,,,0
2026-08-22 03:40:00,,,,,0
2026-08-22 03:50:00,,,,,0
2026-08-22 04:00:00,,,,,0
2026-08-22 04:10:00,,,,,0
2026-08-22 04:20:00,,,,,0
2026-08-22 04:30:00,,,,,0
2026-08-22 04:40:00,,,,,0
2026-08-22 04:50:00,,,,,0
2026-08-22 05:00:00,,,,,0
2026-08-22 05:10:00,,,,,0
2026-08-22 05:20:00,,,,,0
2026-08-22 05:30:00,,,,,0
2026-08-22 05:40:00,,,,,0
2026-08-22 05:50:00,,,,,0
2026-08-22 06:00:00,,,,,0
2026-08-22 06:10:00,,,,,0
2026-08-22 06:20:00,,,,,0
2026-08-22 06:30:00,,,,,0
2026-08-22 06:40:00,,,,,0
2026-08-22 06:50:00,,,,,0
2026-08-22 07:00:00,,,,,0
2026-08-22 07:10:00,,,,,0
2026-08-22 07:20:00,,,,,0
2026-08-22 07:30:00,,,,,0
2026-08-22 07:40:00,,,,,0
2026-08-22 07:50:00,,,,,0
2026-08-22 08:00:00,,,,,0
2026-08-22 08:10:00,,,,,0
2026-08-22 08:20:00,,,,,0
2026-08-22 08:30:00,,,,,0
2026-08-22 08:40:00,,,,,0
2026-08-22 08:50:00,,,,,0
2026-08-22 09:00:00,,,,,0
2026-08-22 09:10:00,,,,,0
2026-08-22 09:20:00,,,,,0
2026-08-22 09:30:00,,,,,0
2026-08-22 09:40:00,,,,,0
2026-08-22 09:50:00,,,,,0
2026-08-22 10:00:00,,,,,0
2026-08-22 10:10:00,,,,,0
2026-08-22 10:20:00,,,,,0
2026-08-22 10:30:00,,,,,0
2026-08-22 10:40:00,,,,,0
2026-08-22 10:50:00,,,,,0
2026-08-22 11:00:00,,,,,0
2026-08-22 11:10:00,,,,,0
2026-08-22 11:20:00,,,,,0
2026-08-22 11:30:00,,,,,0
2026-08-22 11:40:00,,,,,0
2026-08-22 11:50:00,,,,,0
2026-08-22 12:00:00,,,,,0
2026-08-22 12:10:00,,,,,0
2026-08-22 12:20:00,,,,,0
2026-08-22 12:30:00,,,,,0
2026-08-22 12:40:00,,,,,0
2026-08-22 12:50:00,,,,,0
2026-08-22 13:00:00,,,,,0
2026-08-22 13:10:00,,,,,0
2026-08-22 13:20:00,,,,,0
2026-08-22 13:30:00,,,,,0
2026-08-22 13:40:00,,,,,0
2026-08-22 13:50:00,,,,,0
2026-08-22 14:00:00,,,,,0
2026-08-22 14:10:00,,,,,0
2026-08-22 14:20:00,,,,,0
2026-08-22 14:30:00,,,,,0
2026-08-22 14:40:00,,,,,0
2026-08-22 14:50:00,,,,,0
2026-08-22 15:00:00,,,,,0
2026-08-22 15:10:00,,,,,0
2026-08-22 15:20:00,,,,,0
2026-08-22 15:30:00,,,,,0
2026-08-22 15:40:00,,,,,0
2026-08-22 15:50:00,,,,,0
2026-08-22 16:00:00,,,,,0
2026-08-22 16:10:00,,,,,0
2026-08-22 16:20:00,,,,,0
2026-08-22 16:30:00,,,,,0
2026-08-22 16:40:00,,,,,0
2026-08-22 16:50:00,,,,,0
2026-08-22 17:00:00,,,,,0
2026-08-22 17:10:00,,,,,0
2026-08-22 17:20:00,,,,,0
2026-08-22 17:30:00,,,,,0
2026-08-22 17:40:00,,,,,0
2026-08-22 17:50:00,,,,,0
2026-08-22 18:00:00,,,,,0
2026-08-22 18:10:00,,,,,0
2026-08-22 18:20:00,,,,,0
2026-08-22 18:30:00,,,,,0
2026-08-22 18:40:00,,,,,0
2026-08-22 18:50:00,,,,,0
2026-08-22 19:00:00,,,,,0
2026-08-22 19:10:00,,,,,0
2026-08-22 19:20:00,,,,,0
2026-08-22 19:30:00,,,,,0
2026-08-22 19:40:00,,,,,0
2026-08-22 19:50:00,,,,,0
2026-08-22 20:00:00,,,,,0
2026-08-22 20:10:00,,,,,0
2026-08-22 20:20:00,,,,,0
2026-08-22 20:30:00,,,,,0
2026-08-22 20:40:00,,,,,0
2026-08-22 20:50:00,,,,,0
2026-08-22 21:00:00,,,,,0
2026-08-22 21:10:00,,,,,0
2026-08-22 21:20:00,,,,,0
2026-08-22 21:30:00,,,,,0
2026-08-22 21:40:00,,,,,0
2026-08-22 21:50:00,,,,,0
2026-08-22 22:00:00,,,,,0
2026-08-22 22:10:00,,,,,0
2026-08-22 22:20:00,,,,,0
2026-08-22 22:30:00,,,,,0
2026-08-22 22:40:00,,,,,0
2026-08-22 22:50:00,,,,,0
2026-08-22 23:00:00,,,,,0
2026-08-22 23:10:00,,,,,0
2026-08-22 23:20:00,,,,,0
2026-08-22 23:30:00,,,,,0
2026-08-22 23:40:00,,,,,0
2026-08-22 23:50:00,,,,,0
2026-08-23 00:00:00,,,,,0
2026-08-23 00:10:00,,,,,0
2026-08-23 00:20:00,,,,,0
2026-08-23 00:30:00,,,,,0
2026-08-23 00:40:00,,,,,0
2026-08-23 00:50:00,,,,,0
2026-08-23 01:00:00,,,,,0
2026-08-23 01:10:00,,,,,0
2026-08-23 01:20:00,,,,,0
2026-08-23 01:30:00,,,,,0
2026-08-23 01:40:00,,,,,0
2026-08-23 01:50:00,,,,,0
2026-08-23 02:00:00,,,,,0
2026-08-23 02:10:00,,,,,0
2026-08-23 02:20:00,,,,,0
2026-08-23 02:30:00,,,,,0
2026-08-23 02:40:00,,,,,0
2026-08-23 02:50:00,,,,,0
2026-08-23 03:00:00,,,,,0
2026-08-23 03:10:00,,,,,0
2026-08-23 03:20:00,,,,,0
2026-08-23 03:30:00,,,,,0
2026-08-23 03:40:00,,,,,0
2026-08-23 03:50:00,,,,,0
2026-08-23 04:00:00,,,,,0
2026-08-23 04:10:00,,,,,0
2026-08-23 04:20:00,,,,,0
2026-08-23 04:30:00,,,,,0
2026-08-23 04:40:00,,,,,0
2026-08-23 04:50:00,,,,,0
2026-08-23 05:00:00,,,,,0
2026-08-23 05:10:00,,,,,0
2026-08-23 05:20:00,,,,,0
2026-08-23 05:30:00,,,,,0
2026-08-23 05:40:00,,,,,0
2026-08-23 05:50:00,,,,,0
2026-08-23 06:00:00,,,,,0
2026-08-23 06:10:00,,,,,0
2026-08-23 06:20:00,,,,,0
2026-08-23 06:30:00,,,,,0
2026-08-23 06:40:00,,,,,0
2026-08-23 06:50:00,,,,,0
2026-08-23 07:00:00,,,,,0
2026-08-23 07:10:00,,,,,0
2026-08-23 07:20:00,,,,,0
2026-08-23 07:30:00,,,,,0
2026-08-23 07:40:00,,,,,0
2026-08-23 07:50:00,,,,,0
2026-08-23 08:00:00,,,,,0
2026-08-23 08:10:00,,,,,0
2026-08-23 08:20:00,,,,,0
2026-08-23 08:30:00,,,,,0
2026-08-23 08:40:00,,,,,0
2026-08-23 08:50:00,,,,,0
2026-08-23 09:00:00,,,,,0
2026-08-23 09:10:00,,,,,0
2026-08-23 09:20:00,,,,,0
2026-08-23 09:30:00,,,,,0
2026-08-23 09:40:00,,,,,0
2026-08-23 09:50:00,,,,,0
2026-08-23 10:00:00,,,,,0
2026-08-23 10:10:00,,,,,0
2026-08-23 10:20:00,,,,,0
2026-08-23 10:30:00,,,,,0
2026-08-23 10:40:00,,,,,0
2026-08-23 10:50:00,,,,,0
2026-08-23 11:00:00,,,,,0
2026-08-23 11:10:00,,,,,0
2026-08-23 11:20:00,,,,,0
2026-08-23 11:30:00,,,,,0
2026-08-23 11:40:00,,,,,0
2026-08-23 11:50:00,,,,,0
2026-08-23 12:00:00,,,,,0
2026-08-23 12:10:00,,,,,0
2026-08-23 12:20:00,,,,,0
2026-08-23 12:30:00,,,,,0
2026-08-23 12:40:00,,,,,0
2026-08-23 12:50:00,,,,,0
2026-08-23 13:00:00,,,,,0
2026-08-23 13:10:00,,,,,0
2026-08-23 13:20:00,,,,,0
2026-08-23 13:30:00,,,,,0
2026-08-23 13:40:00,,,,,0
2026-08-23 13:50:00,,,,,0
2026-08-23 14:00:00,,,,,0
2026-08-23 14:10:00,,,,,0
2026-08-23 14:20:00,,,,,0
2026-08-23 14:30:00,,,,,0
2026-08-23 14:40:00,,,,,0
2026-08-23 14:50:00,,,,,0
2026-08-23 15:00:00,,,,,0
2026-08-23 15:10:00,,,,,0
2026-08-23 15:20:00,,,,,0
2026-08-23 15:30:00,,,,,0
2026-08-23 15:40:00,,,,,0
2026-08-23 15:50:00,,,,,0
2026-08-23 16:00:00,,,,,0
2026-08-23 16:10:00,,,,,0
2026-08-23 16:20:00,,,,,0
2026-08-23 16:30:00,,,,,0
2026-08-23 16:40:00,,,,,0
2026-08-23 16:50:00,,,,,0
2026-08-23 17:00:00,,,,,0
2026-08-23 17:10:00,,,,,0
2026-08-23 17:20:00,,,,,0
2026-08-23 17:30:00,,,,,0
2026-08-23 17:40:00,,,,,0
2026-08-23 17:50:00,,,,,0
2026-08-23 18:00:00,,,,,0
2026-08-23 18:10:00,,,,,0
2026-08-23 18:20:00,,,,,0
2026-08-23 18:30:00,,,,,0
2026-08-23 18:40:00,,,,,0
2026-08-23 18:50:00,,,,,0
2026-08-23 19:00:00,,,,,0
2026-08-23 19:10:00,,,,,0
2026-08-23 19:20:00,,,,,0
2026-08-23 19:30:00,,,,,0
2026-08-23 19:40:00,,,,,0
2026-08-23 19:50:00,,,,,0
2026-08-23 20:00:00,,,,,0
2026-08-23 20:10:00,,,,,0
2026-08-23 20:20:00,,,,,0
2026-08-23 20:30:00,,,,,0
2026-08-23 20:40:00,,,,,0
2026-08-23 20:50:00,,,,,0
2026-08-23 21:00:00,,,,,0
2026-08-23 21:10:00,,,,,0
2026-08-23 21:20:00,,,,,0
2026-08-23 21:30:00,,,,,0
2026-08-23 21:40:00,,,,,0
2026-08-23 21:50:00,,,,,0
2026-08-23 22:00:00,,,,,0
2026-08-23 22:10:00,,,,,0
2026-08-23 22:20:00,,,,,0
2026-08-23 22:30:00,,,,,0
2026-08-23 22:40:00,,,,,0
2026-08-23 22:50:00,,,,,0
2026-08-23 23:00:00,,,,,0
2026-08-23 23:10:00,,,,,0
2026-08-23 23:20:00,,,,,0
2026-08-23 23:30:00,,,,,0
2026-08-23 23:40:00,,,,,0
2026-08-23 23:50:00,,,,,0
2026-08-24 00:00:00,,,,,0
2026-08-24 00:10:00,,,,,0
2026-08-24 00:20:00,,,,,0
2026-08-24 00:30:00,,,,,0
2026-08-24 00:40:00,,,,,0
2026-08-24 00:50:00,,,,,0
2026-08-24 01:00:00,,,,,0
2026-08-24 01:10:00,,,,,0
2026-08-24 01:20:00,,,,,0
2026-08-24 01:30:00,,,,,0
2026-08-24 01:40:00,,,,,0
2026-08-24 01:50:00,,,,,0
2026-08-24 02:00:00,,,,,0
2026-08-24 02:10:00,,,,,0
2026-08-24 02:20:00,,,,,0
2026-08-24 02:30:00,,,,,0
2026-08-24 02:40:00,,,,,0
2026-08-24 02:50:00,,,,,0
2026-08-24 03:00:00,,,,,0
2026-08-24 03:10:00,,,,,0
2026-08-24 03:20:00,,,,,0
2026-08-24 03:30:00,,,,,0
2026-08-24 03:40:00,4675.39990234375,4679.10009765625,4670.60009765625,4675.7998046875,463
2026-08-24 03:50:00,4675.89990234375,4678.7001953125,4670.2001953125,4671.60009765625,491
2026-08-24 04:00:00,4671.10009765625,4674.2001953125,4668.7998046875,4668.89990234375,423
2026-08-24 04:10:00,4668.89990234375,4669.5,4664.0,4665.89990234375,463
2026-08-24 04:20:00,4665.60009765625,4666.2001953125,4663.0,4663.10009765625,222
2026-08-24 04:30:00,4663.5,4666.2998046875,4661.89990234375,4665.0,355
2026-08-24 04:40:00,4665.0,4666.5,4664.0,4664.60009765625,253
2026-08-24 04:50:00,4665.0,4673.89990234375,4664.7998046875,4672.60009765625,760
2026-08-24 05:00:00,4672.39990234375,4676.2998046875,4670.7001953125,4670.7998046875,608
2026-08-24 05:10:00,4670.7998046875,4672.39990234375,4664.7998046875,4672.10009765625,726
2026-08-24 05:20:00,4672.2998046875,4682.0,4672.2998046875,4681.60009765625,846
2026-08-24 05:30:00,4681.60009765625,4696.7998046875,4677.7998046875,4692.2001953125,2233
2026-08-24 05:40:00,4692.2001953125,4698.60009765625,4686.2001953125,4686.89990234375,1513
2026-08-24 05:50:00,4687.10009765625,4687.60009765625,4651.7998046875,4661.60009765625,2771
2026-08-24 06:00:00,4661.60009765625,4666.0,4658.2001953125,4658.5,1363
2026-08-24 06:10:00,4658.60009765625,4672.39990234375,4658.2998046875,4671.10009765625,913
2026-08-24 06:20:00,4670.89990234375,4680.2998046875,4668.60009765625,4678.7998046875,800
2026-08-24 06:30:00,4679.0,4692.0,4675.7001953125,4680.0,2625
2026-08-24 06:40:00,4680.2001953125,4684.60009765625,4673.60009765625,4678.60009765625,951
2026-08-24 06:50:00,4678.39990234375,4678.7001953125,4667.89990234375,4671.39990234375,1182
2026-08-24 07:00:00,4671.5,4677.7001953125,4664.60009765625,4670.2998046875,1258
2026-08-24 07:10:00,4670.39990234375,4675.39990234375,4664.60009765625,4675.39990234375,685
2026-08-24 07:20:00,4676.0,4694.2998046875,4676.0,4688.60009765625,2201
2026-08-24 07:30:00,4688.7001953125,4700.0,4684.39990234375,4699.2001953125,1662
2026-08-24 07:40:00,4699.60009765625,4712.2998046875,4699.0,4711.0,2456
2026-08-24 07:50:00,4711.2001953125,4712.39990234375,4706.2001953125,4712.2998046875,1075
2026-08-24 08:00:00,4712.39990234375,4713.7998046875,4701.89990234375,4702.5,1476
2026-08-24 08:10:00,4702.0,4702.89990234375,4684.2998046875,4685.5,1939
2026-08-24 08:20:00,4685.39990234375,4701.5,4684.7998046875,4700.39990234375,1375
2026-08-24 08:30:00,4700.39990234375,4700.7001953125,4691.5,4694.5,725
2026-08-24 08:40:00,4694.5,4698.0,4690.0,4695.0,486
2026-08-24 08:50:00,4695.39990234375,4705.10009765625,4691.7998046875,4700.5,795
2026-08-24 09:00:00,4700.60009765625,4707.0,4700.60009765625,4704.10009765625,597
2026-08-24 09:10:00,4704.39990234375,4705.0,4699.10009765625,4699.60009765625,384
2026-08-24 09:20:00,4699.7001953125,4701.5,4696.7998046875,4698.2001953125,518
2026-08-24 09:30:00,4698.2001953125,4699.0,4688.89990234375,4690.2001953125,824
2026-08-24 09:40:00,4690.0,4697.10009765625,4689.39990234375,4695.7998046875,464
2026-08-24 09:50:00,4696.2998046875,4698.10009765625,4693.39990234375,4696.60009765625,374
2026-08-24 10:00:00,4696.60009765625,4697.0,4689.10009765625,4692.89990234375,318
2026-08-24 10:10:00,4693.2001953125,4695.2998046875,4691.2998046875,4692.60009765625,185
2026-08-24 10:20:00,4692.7001953125,4696.39990234375,4692.0,4695.2001953125,235
2026-08-24 10:30:00,4695.7998046875,4698.7998046875,4694.89990234375,4696.10009765625,453
2026-08-24 10:40:00,4696.10009765625,4702.5,4695.60009765625,4699.0,431
2026-08-24 10:50:00,4699.2001953125,4699.2001953125,4692.2001953125,4692.2001953125,501
2026-08-24 11:00:00,4692.0,4695.60009765625,4685.5,4689.2998046875,1436
2026-08-24 11:10:00,4689.2998046875,4694.5,4686.2998046875,4694.5,747
2026-08-24 11:20:00,4694.7998046875,4699.2998046875,4692.60009765625,4697.2998046875,500
2026-08-24 11:30:00,4697.5,4708.0,4695.7998046875,4705.39990234375,1309
2026-08-24 11:40:00,4705.5,4716.7001953125,4703.5,4712.7001953125,2339
2026-08-24 11:50:00,4713.2001953125,4715.0,4697.39990234375,4698.7001953125,1659
2026-08-24 12:00:00,4699.2998046875,4710.10009765625,4698.60009765625,4707.89990234375,828
2026-08-24 12:10:00,4707.7998046875,4708.2998046875,4698.39990234375,4706.2001953125,1204
2026-08-24 12:20:00,4706.10009765625,4710.10009765625,4702.0,4706.7001953125,990
2026-08-24 12:30:00,4706.39990234375,4711.0,4700.60009765625,4702.7001953125,1014
2026-08-24 12:40:00,4703.0,4706.2001953125,4698.60009765625,4701.7001953125,806
2026-08-24 12:50:00,4701.89990234375,4703.7998046875,4698.0,4699.0,578
2026-08-24 13:00:00,4698.39990234375,4704.0,4697.2001953125,4700.39990234375,704
2026-08-24 13:10:00,4700.7001953125,4700.89990234375,4686.2001953125,4687.39990234375,2875
2026-08-24 13:20:00,4687.39990234375,4699.7001953125,4686.0,4697.39990234375,1317
2026-08-24 13:30:00,4697.7998046875,4702.0,4692.2001953125,4694.10009765625,1447
2026-08-24 13:40:00,4694.2001953125,4696.39990234375,4687.10009765625,4691.2998046875,914
2026-08-24 13:50:00,4692.0,4696.2001953125,4684.7998046875,4684.7998046875,1756
2026-08-24 14:00:00,4685.0,4693.2001953125,4684.2001953125,4693.10009765625,1251
2026-08-24 14:10:00,4692.89990234375,4702.0,4691.7998046875,4699.2001953125,1453
2026-08-24 14:20:00,4699.5,4700.2001953125,4691.2001953125,4693.5,646
2026-08-24 14:30:00,4693.7001953125,4700.2998046875,4692.89990234375,4697.7998046875,1645
2026-08-24 14:40:00,4697.89990234375,4699.2998046875,4690.2998046875,4691.89990234375,1133
2026-08-24 14:50:00,4692.0,4694.7001953125,4690.89990234375,4691.39990234375,1076
2026-08-24 15:00:00,4691.60009765625,4696.60009765625,4688.7998046875,4692.7998046875,1889
2026-08-24 15:10:00,4693.10009765625,4701.39990234375,4692.5,4700.39990234375,1122
2026-08-24 15:20:00,4700.2998046875,4702.7001953125,4698.10009765625,4702.39990234375,770
2026-08-24 15:30:00,4702.39990234375,4707.0,4702.39990234375,4704.0,1366
2026-08-24 15:40:00,4704.2998046875,4707.0,4702.5,4703.60009765625,817
2026-08-24 15:50:00,4704.2001953125,4704.39990234375,4699.2001953125,4700.7001953125,805
2026-08-24 16:00:00,4700.39990234375,4706.39990234375,4699.89990234375,4705.2998046875,692
2026-08-24 16:10:00,4705.0,4705.89990234375,4698.60009765625,4702.5,961
2026-08-24 16:20:00,4702.7001953125,4704.2998046875,4699.7001953125,4700.2998046875,811
2026-08-24 16:30:00,4700.10009765625,4703.89990234375,4696.89990234375,4697.5,1261
2026-08-24 16:40:00,4697.39990234375,4702.60009765625,4696.2001953125,4701.89990234375,681
2026-08-24 16:50:00,4702.10009765625,4705.39990234375,4697.89990234375,4704.0,826
2026-08-24 17:00:00,4704.10009765625,4728.2998046875,4700.89990234375,4718.39990234375,5779
2026-08-24 17:10:00,4718.5,4724.60009765625,4705.60009765625,4706.60009765625,3550
2026-08-24 17:20:00,4706.7001953125,4717.89990234375,4705.7998046875,4715.0,1827
2026-08-24 17:30:00,4715.2001953125,4716.2001953125,4707.39990234375,4712.2998046875,1266
2026-08-24 17:40:00,4712.5,4717.7998046875,4709.39990234375,4710.7998046875,1181
2026-08-24 17:50:00,4710.60009765625,4720.5,4709.0,4719.39990234375,1796
2026-08-24 18:00:00,4719.39990234375,4721.7001953125,4702.0,4720.5,2975
2026-08-24 18:10:00,4720.7998046875,4726.89990234375,4711.89990234375,4719.7001953125,2170
2026-08-24 18:20:00,4719.5,4725.2001953125,4718.7998046875,4720.7001953125,1295
2026-08-24 18:30:00,4720.89990234375,4732.0,4719.2998046875,4731.39990234375,2172
2026-08-24 18:40:00,4731.2001953125,4735.89990234375,4729.0,4729.7998046875,2428
2026-08-24 18:50:00,4729.7998046875,4732.10009765625,4725.10009765625,4730.10009765625,1856
2026-08-24 19:00:00,4730.10009765625,4738.5,4724.10009765625,4724.39990234375,3900
2026-08-24 19:10:00,4724.2998046875,4735.60009765625,4713.2998046875,4731.10009765625,4362
2026-08-24 19:20:00,4731.2001953125,4733.2998046875,4715.2001953125,4721.7998046875,4039
2026-08-24 19:30:00,4721.5,4727.89990234375,4717.0,4727.7001953125,2996
2026-08-24 19:40:00,4727.5,4729.2001953125,4712.0,4722.2001953125,3026
2026-08-24 19:50:00,4722.60009765625,4732.2001953125,4721.7001953125,4729.0,1964
2026-08-24 20:00:00,4729.10009765625,4736.10009765625,4727.7998046875,4732.89990234375,2000
2026-08-24 20:10:00,4733.2998046875,4735.2998046875,4721.7001953125,4722.7001953125,2015
2026-08-24 20:20:00,4723.2001953125,4733.2998046875,4714.0,4727.60009765625,3968
2026-08-24 20:30:00,4727.7998046875,4734.0,4722.60009765625,4730.60009765625,1928
2026-08-24 20:40:00,4730.7998046875,4732.2998046875,4726.7001953125,4730.5,1397
2026-08-24 20:50:00,4730.5,4737.0,4725.2998046875,4733.0,2212
2026-08-24 21:00:00,4733.10009765625,4735.2001953125,4724.39990234375,4725.10009765625,1946
2026-08-24 21:10:00,4725.5,4725.5,4701.7998046875,4703.7998046875,6029
2026-08-24 21:20:00,4703.5,4712.5,4696.5,4706.0,4601
2026-08-24 21:30:00,4706.0,4719.0,4703.10009765625,4712.10009765625,4033
2026-08-24 21:40:00,4711.60009765625,4717.7001953125,4710.7998046875,4715.89990234375,1050
2026-08-24 21:50:00,4715.89990234375,4716.60009765625,4713.2998046875,4716.2001953125,763
2026-08-24 22:00:00,4716.2001953125,4719.60009765625,4716.0,4717.0,737
2026-08-24 22:10:00,4716.7998046875,4718.7998046875,4712.7001953125,4715.0,1039
2026-08-24 22:20:00,4715.2001953125,4715.2001953125,4697.89990234375,4701.89990234375,2901
2026-08-24 22:30:00,4702.10009765625,4712.7001953125,4698.7998046875,4709.7001953125,2537
2026-08-24 22:40:00,4709.39990234375,4711.7998046875,4704.89990234375,4705.39990234375,1840
2026-08-24 22:50:00,4705.10009765625,4705.10009765625,4686.60009765625,4695.0,6813
2026-08-24 23:00:00,4695.10009765625,4699.2001953125,4692.10009765625,4697.7001953125,1585
2026-08-24 23:10:00,4698.0,4698.89990234375,4690.2998046875,4690.2998046875,904
2026-08-24 23:20:00,4690.2998046875,4695.39990234375,4689.2998046875,4693.2998046875,1747
2026-08-24 23:30:00,4693.0,4697.5,4681.2001953125,4688.7001953125,3136
2026-08-24 23:40:00,4688.7001953125,4691.5,4684.10009765625,4684.7998046875,1434
2026-08-24 23:50:00,4684.7001953125,4699.0,4683.7001953125,4697.2998046875,2125
2026-08-25 00:00:00,4697.2001953125,4698.7001953125,4681.39990234375,4686.60009765625,1884
2026-08-25 00:10:00,4686.39990234375,4692.10009765625,4686.39990234375,4689.39990234375,629
2026-08-25 00:20:00,4689.2998046875,4694.0,4689.2001953125,4693.0,431
2026-08-25 00:30:00,4692.7001953125,4697.0,4692.5,4694.7998046875,583
2026-08-25 00:40:00,4694.89990234375,4699.0,4692.2001953125,4699.0,542
2026-08-25 00:50:00,4698.7001953125,4701.2001953125,4696.2998046875,4697.7001953125,570
2026-08-25 01:00:00,4697.60009765625,4702.2001953125,4696.2001953125,4700.39990234375,391
2026-08-25 01:10:00,4700.7998046875,4711.2001953125,4700.60009765625,4710.89990234375,1223
2026-08-25 01:20:00,4711.2001953125,4712.10009765625,4706.2001953125,4707.5,1237
2026-08-25 01:30:00,4707.89990234375,4711.10009765625,4706.60009765625,4710.2998046875,869
2026-08-25 01:40:00,4710.2001953125,4711.5,4706.39990234375,4707.89990234375,1151
2026-08-25 01:50:00,4707.89990234375,4708.7001953125,4705.0,4705.2998046875,324
2026-08-25 02:00:00,4705.60009765625,4706.2001953125,4704.2001953125,4705.0,142
2026-08-25 02:10:00,4704.60009765625,4707.5,4703.39990234375,4707.0,395
2026-08-25 02:20:00,4706.60009765625,4710.0,4705.39990234375,4710.0,441
2026-08-25 02:30:00,,,,,0
2026-08-25 02:40:00,,,,,0
2026-08-25 02:50:00,,,,,0
2026-08-25 03:00:00,,,,,0
2026-08-25 03:10:00,,,,,0
2026-08-25 03:20:00,,,,,0
2026-08-25 03:30:00,4710.10009765625,4718.0,4708.39990234375,4716.0,261
2026-08-25 03:40:00,4716.10009765625,4717.0,4714.7998046875,4714.7998046875,139
2026-08-25 03:50:00,4714.39990234375,4715.7001953125,4713.5,4714.2001953125,79
2026-08-25 04:00:00,4714.89990234375,4718.0,4714.0,4717.2001953125,236
2026-08-25 04:10:00,4717.60009765625,4719.5,4717.0,4719.39990234375,144
2026-08-25 04:20:00,4719.0,4725.60009765625,4719.0,4724.5,592
2026-08-25 04:30:00,4724.60009765625,4726.60009765625,4723.0,4726.2998046875,341
2026-08-25 04:40:00,4726.0,4733.7001953125,4725.7998046875,4731.7998046875,814
2026-08-25 04:50:00,4731.60009765625,4732.5,4726.0,4726.0,439
2026-08-25 05:00:00,4726.10009765625,4734.10009765625,4724.5,4732.10009765625,781
2026-08-25 05:10:00,4732.5,4734.60009765625,4732.0,4734.0,494
2026-08-25 05:20:00,4734.39990234375,4740.60009765625,4734.10009765625,4737.2001953125,1356
2026-08-25 05:30:00,4737.2998046875,4746.39990234375,4732.7001953125,4739.0,2159
2026-08-25 05:40:00,4738.7998046875,4749.0,4737.2001953125,4738.5,1051
2026-08-25 05:50:00,4738.7001953125,4741.10009765625,4733.7998046875,4739.7998046875,970
2026-08-25 06:00:00,4740.0,4753.39990234375,4739.10009765625,4752.5,1756
2026-08-25 06:10:00,4752.5,4755.0,4745.39990234375,4749.89990234375,1350
2026-08-25 06:20:00,4749.7998046875,4751.2998046875,4740.7001953125,4741.0,711
2026-08-25 06:30:00,4740.7998046875,4743.2998046875,4727.60009765625,4735.60009765625,2428
2026-08-25 06:40:00,4735.89990234375,4737.10009765625,4730.0,4734.5,1241
2026-08-25 06:50:00,4734.5,4734.7001953125,4720.60009765625,4726.0,1640
2026-08-25 07:00:00,4726.60009765625,4731.2998046875,4723.2998046875,4725.10009765625,1109
2026-08-25 07:10:00,4725.0,4732.5,4721.60009765625,4731.60009765625,1937
2026-08-25 07:20:00,4731.2998046875,4731.39990234375,4713.2001953125,4714.7001953125,1551
2026-08-25 07:30:00,4714.5,4718.2998046875,4694.5,4701.2998046875,3113
2026-08-25 07:40:00,4700.10009765625,4706.5,4694.2001953125,4705.89990234375,1513
2026-08-25 07:50:00,4706.0,4713.0,4705.7998046875,4712.7998046875,872
2026-08-25 08:00:00,4712.5,4712.89990234375,4695.7001953125,4699.89990234375,1758
2026-08-25 08:10:00,4699.7001953125,4703.7998046875,4686.2001953125,4689.39990234375,2966
2026-08-25 08:20:00,4689.10009765625,4692.7001953125,4670.5,4685.5,3880
2026-08-25 08:30:00,4685.7001953125,4693.7998046875,4678.10009765625,4690.89990234375,2006
2026-08-25 08:40:00,4690.7001953125,4693.7001953125,4687.60009765625,4691.10009765625,638
2026-08-25 08:50:00,4690.89990234375,4694.10009765625,4688.5,4693.89990234375,566
2026-08-25 09:00:00,4693.0,4697.7001953125,4690.0,4691.2001953125,857
2026-08-25 09:10:00,4691.39990234375,4693.10009765625,4687.5,4689.7001953125,562
2026-08-25 09:20:00,4688.89990234375,4691.60009765625,4687.2001953125,4688.2998046875,269
2026-08-25 09:30:00,4689.39990234375,4692.5,4686.39990234375,4691.7001953125,459
2026-08-25 09:40:00,4692.0,4693.5,4688.89990234375,4690.0,329
2026-08-25 09:50:00,4691.5,4691.5,4684.60009765625,4686.7001953125,384
2026-08-25 10:00:00,4686.60009765625,4688.2998046875,4681.2998046875,4682.89990234375,939
2026-08-25 10:10:00,4682.89990234375,4683.2998046875,4679.5,4682.2001953125,407
2026-08-25 10:20:00,4681.5,4684.10009765625,4679.89990234375,4681.10009765625,327
2026-08-25 10:30:00,4681.2998046875,4694.5,4679.2998046875,4691.2998046875,1426
2026-08-25 10:40:00,4691.7001953125,4699.89990234375,4691.2001953125,4699.7998046875,1296
2026-08-25 10:50:00,4700.0,4704.0,4698.60009765625,4702.39990234375,884
2026-08-25 11:00:00,4702.5,4703.2998046875,4695.2001953125,4699.2998046875,962
2026-08-25 11:10:00,4698.60009765625,4698.89990234375,4691.7001953125,4695.10009765625,1076
2026-08-25 11:20:00,4695.2001953125,4701.5,4692.39990234375,4698.5,816
2026-08-25 11:30:00,4698.39990234375,4704.2998046875,4697.0,4703.89990234375,1082
2026-08-25 11:40:00,4704.0,4706.60009765625,4702.7001953125,4703.60009765625,681
2026-08-25 11:50:00,4703.7998046875,4709.60009765625,4701.60009765625,4706.2998046875,931
2026-08-25 12:00:00,4706.2001953125,4709.60009765625,4704.5,4706.2001953125,586
2026-08-25 12:10:00,4706.10009765625,4708.7998046875,4702.7998046875,4704.10009765625,503
2026-08-25 12:20:00,4704.2001953125,4704.2998046875,4693.0,4694.60009765625,1122
2026-08-25 12:30:00,4695.0,4698.2998046875,4692.7998046875,4697.5,898
2026-08-25 12:40:00,4697.39990234375,4699.5,4694.2001953125,4697.60009765625,713
2026-08-25 12:50:00,4697.39990234375,4700.2998046875,4690.5,4691.10009765625,935
2026-08-25 13:00:00,4691.10009765625,4695.2998046875,4690.2001953125,4692.60009765625,823
2026-08-25 13:10:00,4693.0,4697.2001953125,4690.60009765625,4691.89990234375,811
2026-08-25 13:20:00,4691.89990234375,4693.39990234375,4685.7998046875,4686.10009765625,1554
2026-08-25 13:30:00,4686.10009765625,4687.60009765625,4676.2998046875,4679.2001953125,1672
2026-08-25 13:40:00,4679.60009765625,4686.5,4679.2001953125,4684.89990234375,855
2026-08-25 13:50:00,4684.2998046875,4702.0,4683.10009765625,4689.10009765625,2263
2026-08-25 14:00:00,4689.10009765625,4691.5,4685.2001953125,4686.2001953125,1454
2026-08-25 14:10:00,4686.0,4689.60009765625,4681.60009765625,4683.7998046875,866
2026-08-25 14:20:00,4684.10009765625,4686.2998046875,4680.89990234375,4685.7001953125,506
2026-08-25 14:30:00,4685.7001953125,4689.0,4680.2998046875,4688.60009765625,764
2026-08-25 14:40:00,4688.5,4689.10009765625,4685.0,4687.10009765625,593
2026-08-25 14:50:00,4687.0,4688.0,4681.2998046875,4681.7001953125,462
2026-08-25 15:00:00,4681.7998046875,4695.10009765625,4679.5,4685.7001953125,1883
2026-08-25 15:10:00,4685.89990234375,4696.2998046875,4684.89990234375,4696.2998046875,1568
2026-08-25 15:20:00,4696.2998046875,4698.10009765625,4691.2001953125,4691.7001953125,1010
2026-08-25 15:30:00,4691.60009765625,4692.7001953125,4688.5,4690.89990234375,672
2026-08-25 15:40:00,4690.7001953125,4694.2998046875,4689.2001953125,4692.60009765625,562
2026-08-25 15:50:00,4692.5,4694.10009765625,4688.5,4689.39990234375,452
2026-08-25 16:00:00,4689.39990234375,4693.7998046875,4688.10009765625,4693.10009765625,460
2026-08-25 16:10:00,4693.7001953125,4696.7001953125,4692.89990234375,4693.89990234375,650
2026-08-25 16:20:00,4693.7001953125,4698.2001953125,4692.89990234375,4695.0,434
2026-08-25 16:30:00,4694.7998046875,4698.7998046875,4691.89990234375,4695.89990234375,833
2026-08-25 16:40:00,4696.2998046875,4696.2998046875,4696.2998046875,4696.2998046875,2
2026-08-25 16:50:00,4697.7998046875,4700.2001953125,4694.5,4697.2001953125,1723
2026-08-25 17:00:00,4697.10009765625,4700.7001953125,4696.2001953125,4700.60009765625,661
2026-08-25 17:10:00,4700.5,4701.89990234375,4696.39990234375,4700.89990234375,850
2026-08-25 17:20:00,4700.7001953125,4703.5,4697.7001953125,4698.39990234375,855
2026-08-25 17:30:00,4698.7001953125,4698.89990234375,4691.0,4693.10009765625,2474
2026-08-25 17:40:00,4692.7001953125,4697.7998046875,4688.60009765625,4691.2001953125,1593
2026-08-25 17:50:00,4691.0,4695.10009765625,4687.2998046875,4692.7998046875,1504
2026-08-25 18:00:00,4692.7001953125,4693.0,4685.7001953125,4686.0,1250
2026-08-25 18:10:00,4685.7001953125,4698.0,4685.2998046875,4695.7001953125,1226
2026-08-25 18:20:00,4695.89990234375,4699.60009765625,4693.7998046875,4695.7001953125,844
2026-08-25 18:30:00,4696.2998046875,4696.60009765625,4683.2001953125,4686.5,2707
2026-08-25 18:40:00,4686.39990234375,4689.2001953125,4675.60009765625,4681.10009765625,2382
2026-08-25 18:50:00,4681.10009765625,4681.5,4663.39990234375,4664.7001953125,4309
2026-08-25 19:00:00,4665.10009765625,4678.7001953125,4664.2001953125,4670.60009765625,3081
2026-08-25 19:10:00,4671.0,4676.2001953125,4659.5,4661.7001953125,3357
2026-08-25 19:20:00,4661.5,4673.0,4660.39990234375,4671.39990234375,2857
2026-08-25 19:30:00,4671.2998046875,4680.60009765625,4668.7998046875,4678.60009765625,4609
2026-08-25 19:40:00,4679.2998046875,4682.39990234375,4674.89990234375,4674.89990234375,2061
2026-08-25 19:50:00,4674.7001953125,4684.5,4674.10009765625,4679.7998046875,2053
2026-08-25 20:00:00,4679.7001953125,4693.5,4667.2998046875,4692.89990234375,4778
2026-08-25 20:10:00,4692.7001953125,4696.0,4687.2001953125,4692.60009765625,1789
2026-08-25 20:20:00,4693.2001953125,4694.2001953125,4688.7998046875,4691.60009765625,1623
2026-08-25 20:30:00,4691.7998046875,4693.2998046875,4686.2998046875,4688.39990234375,1263
2026-08-25 20:40:00,4688.2998046875,4695.7001953125,4685.10009765625,4694.89990234375,1567
2026-08-25 20:50:00,4694.60009765625,4701.0,4693.0,4695.7998046875,1939
2026-08-25 21:00:00,4696.0,4715.2998046875,4696.0,4713.0,5433
2026-08-25 21:10:00,4712.7001953125,4716.39990234375,4707.7998046875,4708.89990234375,1925
2026-08-25 21:20:00,4708.7998046875,4710.89990234375,4705.89990234375,4709.5,1677
2026-08-25 21:30:00,4709.60009765625,4710.2001953125,4701.60009765625,4701.60009765625,1619
2026-08-25 21:40:00,4701.5,4703.7998046875,4698.39990234375,4699.7998046875,1778
2026-08-25 21:50:00,4699.7998046875,4700.2001953125,4694.60009765625,4698.0,2218
2026-08-25 22:00:00,4697.7998046875,4702.60009765625,4694.2998046875,4701.60009765625,1359
2026-08-25 22:10:00,4701.5,4703.5,4699.2001953125,4702.2998046875,1279
2026-08-25 22:20:00,4702.5,4703.7998046875,4697.7001953125,4700.7998046875,1031
2026-08-25 22:30:00,4700.60009765625,4700.60009765625,4692.0,4693.10009765625,1379
2026-08-25 22:40:00,4693.39990234375,4700.39990234375,4691.2998046875,4700.10009765625,1410
2026-08-25 22:50:00,4699.89990234375,4702.39990234375,4693.2001953125,4694.2001953125,2266
2026-08-25 23:00:00,4694.2001953125,4700.39990234375,4693.5,4700.0,967
2026-08-25 23:10:00,4700.10009765625,4704.0,4698.2998046875,4702.89990234375,626
2026-08-25 23:20:00,4703.2998046875,4705.7998046875,4699.89990234375,4705.7998046875,818
2026-08-25 23:30:00,4705.7998046875,4705.7998046875,4701.7001953125,4703.39990234375,693
2026-08-25 23:40:00,4703.2998046875,4707.39990234375,4703.0,4705.89990234375,845
2026-08-25 23:50:00,4705.89990234375,4707.60009765625,4705.10009765625,4706.7998046875,416
2026-08-26 00:00:00,4707.0,4707.0,4702.7001953125,4705.10009765625,446
2026-08-26 00:10:00,4705.2001953125,4709.0,4704.7998046875,4707.89990234375,624
2026-08-26 00:20:00,4708.10009765625,4711.7998046875,4706.5,4711.39990234375,679
2026-08-26 00:30:00,4711.39990234375,4717.2001953125,4710.39990234375,4716.2001953125,1319
2026-08-26 00:40:00,4716.10009765625,4725.60009765625,4715.89990234375,4723.89990234375,1715
2026-08-26 00:50:00,4723.89990234375,4724.2001953125,4717.0,4717.89990234375,808
2026-08-26 01:00:00,4718.0,4718.7001953125,4714.7001953125,4716.10009765625,724
2026-08-26 01:10:00,4716.5,4721.89990234375,4716.2001953125,4721.10009765625,1075
2026-08-26 01:20:00,4721.0,4724.2998046875,4717.7998046875,4723.39990234375,1647
2026-08-26 01:30:00,4723.2998046875,4725.5,4719.7001953125,4725.5,853
2026-08-26 01:40:00,4725.39990234375,4726.0,4722.2998046875,4723.10009765625,585
2026-08-26 01:50:00,4723.10009765625,4724.89990234375,4719.0,4719.5,441
2026-08-26 02:00:00,4719.7001953125,4721.2001953125,4718.2998046875,4718.60009765625,357
2026-08-26 02:10:00,4718.60009765625,4719.39990234375,4717.2998046875,4718.2998046875,281
2026-08-26 02:20:00,4718.0,4718.7001953125,4714.10009765625,4715.89990234375,447
2026-08-26 02:30:00,,,,,0
2026-08-26 02:40:00,,,,,0
2026-08-26 02:50:00,,,,,0
2026-08-26 03:00:00,,,,,0
2026-08-26 03:10:00,,,,,0
2026-08-26 03:20:00,,,,,0
2026-08-26 03:30:00,4715.7001953125,4719.0,4712.10009765625,4718.2998046875,103
2026-08-26 03:40:00,4718.10009765625,4724.0,4718.10009765625,4723.2001953125,334
2026-08-26 03:50:00,4723.5,4724.2998046875,4722.10009765625,4723.89990234375,274
2026-08-26 04:00:00,4723.7998046875,4727.7998046875,4723.7998046875,4727.39990234375,434
2026-08-26 04:10:00,4727.2998046875,4729.89990234375,4725.7001953125,4729.10009765625,241
2026-08-26 04:20:00,4729.10009765625,4730.89990234375,4729.10009765625,4729.7001953125,348
2026-08-26 04:30:00,4729.7001953125,4730.60009765625,4726.2001953125,4726.2001953125,345
2026-08-26 04:40:00,4726.39990234375,4726.89990234375,4723.39990234375,4724.39990234375,266
2026-08-26 04:50:00,4724.10009765625,4724.5,4717.5,4718.2998046875,582
2026-08-26 05:00:00,4718.5,4718.7998046875,4715.89990234375,4716.5,262
2026-08-26 05:10:00,4716.5,4717.2001953125,4712.5,4712.89990234375,667
2026-08-26 05:20:00,4713.10009765625,4714.39990234375,4710.2998046875,4712.10009765625,465
2026-08-26 05:30:00,4711.89990234375,4715.2001953125,4708.7001953125,4710.89990234375,741
2026-08-26 05:40:00,4710.7998046875,4712.2998046875,4707.39990234375,4708.39990234375,484
2026-08-26 05:50:00,4708.39990234375,4708.60009765625,4700.10009765625,4703.7001953125,820
2026-08-26 06:00:00,4704.2001953125,4707.2001953125,4695.7001953125,4696.89990234375,1248
2026-08-26 06:10:00,4696.7001953125,4697.2001953125,4693.0,4693.2001953125,847
2026-08-26 06:20:00,4693.39990234375,4695.7001953125,4691.10009765625,4694.2001953125,778
2026-08-26 06:30:00,4694.60009765625,4704.7001953125,4686.2001953125,4701.7001953125,2166
2026-08-26 06:40:00,4701.39990234375,4707.10009765625,4697.7001953125,4702.5,1428
2026-08-26 06:50:00,4702.10009765625,4705.89990234375,4700.0,4700.2998046875,660
2026-08-26 07:00:00,4700.2998046875,4703.5,4695.60009765625,4701.89990234375,1265
2026-08-26 07:10:00,4702.39990234375,4707.89990234375,4696.2998046875,4707.60009765625,726
2026-08-26 07:20:00,4707.7001953125,4717.7001953125,4707.2001953125,4713.7998046875,1243
2026-08-26 07:30:00,4713.60009765625,4718.39990234375,4711.60009765625,4717.39990234375,772
2026-08-26 07:40:00,4717.60009765625,4718.5,4714.7001953125,4718.10009765625,512
2026-08-26 07:50:00,4718.10009765625,4718.7001953125,4712.60009765625,4715.5,531
2026-08-26 08:00:00,4715.39990234375,4722.89990234375,4714.5,4720.39990234375,1306
2026-08-26 08:10:00,4720.2998046875,4728.0,4719.10009765625,4722.60009765625,890
2026-08-26 08:20:00,4722.7001953125,4723.7001953125,4714.89990234375,4715.2001953125,518
2026-08-26 08:30:00,4715.39990234375,4715.89990234375,4706.60009765625,4707.2001953125,996
2026-08-26 08:40:00,4707.10009765625,4707.10009765625,4702.39990234375,4704.39990234375,740
2026-08-26 08:50:00,4704.5,4708.10009765625,4704.39990234375,4707.2998046875,798
2026-08-26 09:00:00,4707.2001953125,4708.39990234375,4703.7001953125,4705.5,503
2026-08-26 09:10:00,4705.10009765625,4706.0,4699.60009765625,4702.0,626
2026-08-26 09:20:00,4702.0,4702.39990234375,4700.2001953125,4701.10009765625,190
2026-08-26 09:30:00,4699.7998046875,4701.2001953125,4698.89990234375,4700.60009765625,284
2026-08-26 09:40:00,4700.7001953125,4701.0,4698.39990234375,4698.89990234375,247
2026-08-26 09:50:00,4698.89990234375,4700.0,4698.2001953125,4699.2001953125,258
2026-08-26 10:00:00,4699.39990234375,4700.39990234375,4697.2001953125,4697.2998046875,384
2026-08-26 10:10:00,4697.2001953125,4699.10009765625,4695.7001953125,4696.7001953125,485
2026-08-26 10:20:00,4697.2998046875,4698.7998046875,4696.5,4697.60009765625,240
2026-08-26 10:30:00,4697.5,4702.7998046875,4697.2998046875,4702.7001953125,653
2026-08-26 10:40:00,4702.39990234375,4702.60009765625,4698.2998046875,4700.10009765625,386
2026-08-26 10:50:00,4700.2001953125,4702.2001953125,4698.5,4700.2001953125,277
2026-08-26 11:00:00,4700.39990234375,4706.2998046875,4695.2001953125,4698.2998046875,1074
2026-08-26 11:10:00,4698.7001953125,4701.39990234375,4692.2001953125,4694.2998046875,722
2026-08-26 11:20:00,4694.2001953125,4696.89990234375,4693.60009765625,4696.2998046875,343
2026-08-26 11:30:00,4696.2001953125,4698.0,4692.60009765625,4695.7001953125,605
2026-08-26 11:40:00,4695.2001953125,4695.7998046875,4687.7998046875,4690.7998046875,664
2026-08-26 11:50:00,4690.60009765625,4691.2001953125,4681.10009765625,4683.39990234375,1183
2026-08-26 12:00:00,4683.39990234375,4688.0,4682.60009765625,4687.2998046875,759
2026-08-26 12:10:00,4686.89990234375,4693.2998046875,4686.60009765625,4691.5,790
2026-08-26 12:20:00,4691.39990234375,4692.0,4687.10009765625,4690.60009765625,643
2026-08-26 12:30:00,4690.60009765625,4695.7001953125,4689.2998046875,4691.60009765625,943
2026-08-26 12:40:00,4691.7998046875,4694.2998046875,4689.60009765625,4690.2001953125,410
2026-08-26 12:50:00,4689.89990234375,4692.39990234375,4686.89990234375,4687.5,605
2026-08-26 13:00:00,4687.60009765625,4693.0,4686.39990234375,4686.7001953125,707
2026-08-26 13:10:00,4686.7998046875,4691.2001953125,4685.10009765625,4688.2001953125,453
2026-08-26 13:20:00,4688.0,4688.0,4682.60009765625,4685.10009765625,933
2026-08-26 13:30:00,4684.89990234375,4686.7001953125,4681.5,4683.7001953125,650
2026-08-26 13:40:00,4683.7001953125,4684.5,4678.7001953125,4680.39990234375,1028
2026-08-26 13:50:00,4680.7998046875,4685.10009765625,4677.2998046875,4684.89990234375,649
2026-08-26 14:00:00,4685.2001953125,4686.39990234375,4680.60009765625,4684.7001953125,540
2026-08-26 14:10:00,4684.60009765625,4685.39990234375,4682.5,4684.2998046875,431
2026-08-26 14:20:00,4684.2001953125,4684.39990234375,4681.2998046875,4683.7001953125,357
2026-08-26 14:30:00,4684.0,4687.0,4679.7001953125,4679.7998046875,1264
2026-08-26 14:40:00,4679.39990234375,4683.2998046875,4676.60009765625,4676.60009765625,1056
2026-08-26 14:50:00,4676.89990234375,4677.2998046875,4671.2998046875,4672.39990234375,1637
2026-08-26 15:00:00,4672.10009765625,4678.0,4672.0,4675.89990234375,715
2026-08-26 15:10:00,4675.89990234375,4681.60009765625,4675.2998046875,4680.39990234375,600
2026-08-26 15:20:00,4679.7998046875,4681.39990234375,4679.0,4679.5,396
2026-08-26 15:30:00,4679.60009765625,4680.0,4676.2998046875,4677.7001953125,368
2026-08-26 15:40:00,4677.89990234375,4677.89990234375,4673.2998046875,4673.39990234375,467
2026-08-26 15:50:00,4673.0,4676.0,4668.7998046875,4670.7998046875,1339
2026-08-26 16:00:00,4671.2001953125,4680.10009765625,4670.7001953125,4679.89990234375,727
2026-08-26 16:10:00,4679.7001953125,4680.10009765625,4676.89990234375,4679.5,371
2026-08-26 16:20:00,4679.7001953125,4679.7998046875,4674.60009765625,4675.89990234375,450
2026-08-26 16:30:00,4676.2998046875,4677.89990234375,4672.60009765625,4673.5,419
2026-08-26 16:40:00,4673.39990234375,4678.7998046875,4672.60009765625,4678.0,1384
2026-08-26 16:50:00,4677.7998046875,4678.5,4672.10009765625,4676.0,548
2026-08-26 17:00:00,4676.39990234375,4678.89990234375,4673.0,4674.0,632
2026-08-26 17:10:00,4673.7998046875,4675.2001953125,4672.39990234375,4674.0,432
2026-08-26 17:20:00,4674.10009765625,4681.0,4673.0,4680.2998046875,640
2026-08-26 17:30:00,4680.60009765625,4685.60009765625,4679.39990234375,4683.0,1618
2026-08-26 17:40:00,4683.2001953125,4685.89990234375,4680.0,4684.5,1002
2026-08-26 17:50:00,4685.0,4686.60009765625,4680.7001953125,4686.60009765625,1337
2026-08-26 18:00:00,4686.60009765625,4690.0,4666.89990234375,4677.10009765625,4752
2026-08-26 18:10:00,4677.0,4680.5,4669.7001953125,4679.2001953125,1918
2026-08-26 18:20:00,4679.10009765625,4681.7001953125,4666.0,4669.5,2520
2026-08-26 18:30:00,4670.0,4676.89990234375,4663.60009765625,4664.2001953125,3928
2026-08-26 18:40:00,4664.10009765625,4669.2998046875,4653.2998046875,4667.0,5412
2026-08-26 18:50:00,4666.60009765625,4669.7998046875,4659.60009765625,4666.5,2085
2026-08-26 19:00:00,4666.7001953125,4674.0,4665.5,4668.7998046875,2485
2026-08-26 19:10:00,4668.7998046875,4680.7998046875,4667.0,4680.7998046875,2762
2026-08-26 19:20:00,4680.7001953125,4687.0,4677.60009765625,4686.60009765625,3497
2026-08-26 19:30:00,4686.7001953125,4688.60009765625,4676.2998046875,4678.5,2567
2026-08-26 19:40:00,4678.5,4682.7998046875,4675.0,4678.7998046875,1546
2026-08-26 19:50:00,4679.10009765625,4682.7998046875,4672.0,4672.5,1616
2026-08-26 20:00:00,4672.39990234375,4675.39990234375,4668.60009765625,4672.7001953125,1573
2026-08-26 20:10:00,4673.0,4678.89990234375,4667.5,4668.60009765625,2098
2026-08-26 20:20:00,4668.39990234375,4670.10009765625,4658.0,4658.2001953125,3059
2026-08-26 20:30:00,4658.5,4660.7998046875,4642.60009765625,4653.0,6566
2026-08-26 20:40:00,4652.89990234375,4655.10009765625,4638.2001953125,4646.2001953125,4099
2026-08-26 20:50:00,4646.2001953125,4653.7001953125,4644.5,4650.39990234375,2749
2026-08-26 21:00:00,4650.0,4656.7001953125,4649.89990234375,4656.7001953125,1371
2026-08-26 21:10:00,4656.7998046875,4664.60009765625,4655.5,4663.60009765625,2043
2026-08-26 21:20:00,4663.7001953125,4663.7998046875,4651.39990234375,4651.39990234375,2192
2026-08-26 21:30:00,4651.60009765625,4656.7998046875,4645.89990234375,4654.60009765625,2753
2026-08-26 21:40:00,4654.5,4655.7998046875,4651.7001953125,4654.2001953125,2332
2026-08-26 21:50:00,4654.2001953125,4654.60009765625,4648.7998046875,4649.89990234375,2049
2026-08-26 22:00:00,4650.2001953125,4651.5,4642.0,4642.39990234375,1365
2026-08-26 22:10:00,4642.39990234375,4650.0,4640.7998046875,4650.0,2044
2026-08-26 22:20:00,4649.89990234375,4652.5,4643.7998046875,4647.10009765625,1193
2026-08-26 22:30:00,4647.10009765625,4651.60009765625,4645.89990234375,4649.39990234375,792
2026-08-26 22:40:00,4649.60009765625,4651.39990234375,4648.60009765625,4651.2001953125,641
2026-08-26 22:50:00,4651.5,4654.2998046875,4649.7998046875,4653.39990234375,2168
2026-08-26 23:00:00,4653.2001953125,4657.60009765625,4651.39990234375,4652.0,1342
2026-08-26 23:10:00,4652.0,4654.7001953125,4651.0,4653.7001953125,603
2026-08-26 23:20:00,4653.7998046875,4654.60009765625,4649.39990234375,4653.2001953125,592
2026-08-26 23:30:00,4653.10009765625,4660.2998046875,4652.2998046875,4658.10009765625,1206
2026-08-26 23:40:00,4658.0,4659.2998046875,4650.2998046875,4651.0,817
2026-08-26 23:50:00,4651.2001953125,4651.2998046875,4648.0,4650.2001953125,926
2026-08-27 00:00:00,4649.89990234375,4651.39990234375,4647.5,4649.60009765625,713
2026-08-27 00:10:00,4649.5,4653.0,4649.0,4651.89990234375,496
2026-08-27 00:20:00,4651.7998046875,4653.0,4648.2998046875,4648.5,634
2026-08-27 00:30:00,4648.7998046875,4649.89990234375,4645.7001953125,4647.60009765625,484
2026-08-27 00:40:00,4647.60009765625,4650.39990234375,4646.2001953125,4646.5,430
2026-08-27 00:50:00,4646.39990234375,4653.7001953125,4645.7998046875,4653.10009765625,702
2026-08-27 01:00:00,4653.2001953125,4656.2998046875,4651.0,4651.7998046875,601
2026-08-27 01:10:00,4651.2001953125,4651.7998046875,4649.0,4650.0,404
2026-08-27 01:20:00,4649.60009765625,4650.0,4647.0,4648.89990234375,887
2026-08-27 01:30:00,4649.0,4651.39990234375,4647.2998046875,4649.5,356
2026-08-27 01:40:00,4649.2998046875,4649.7998046875,4643.60009765625,4643.89990234375,305
2026-08-27 01:50:00,4643.7998046875,4646.7001953125,4638.60009765625,4645.89990234375,577
2026-08-27 02:00:00,4645.7998046875,4648.39990234375,4645.0,4648.2998046875,168
2026-08-27 02:10:00,4648.0,4648.39990234375,4646.2001953125,4648.2998046875,139
2026-08-27 02:20:00,4648.2001953125,4649.7001953125,4647.2001953125,4647.7998046875,193
2026-08-27 02:30:00,,,,,0
2026-08-27 02:40:00,,,,,0
2026-08-27 02:50:00,,,,,0
2026-08-27 03:00:00,,,,,0
2026-08-27 03:10:00,,,,,0
2026-08-27 03:20:00,,,,,0
2026-08-27 03:30:00,4650.0,4659.39990234375,4648.10009765625,4658.39990234375,123
2026-08-27 03:40:00,4658.5,4666.7001953125,4656.0,4665.0,574
2026-08-27 03:50:00,4664.7998046875,4667.7001953125,4659.7001953125,4665.10009765625,483
2026-08-27 04:00:00,4665.2001953125,4666.0,4663.10009765625,4664.7001953125,245
2026-08-27 04:10:00,4664.60009765625,4666.2001953125,4662.2998046875,4663.60009765625,328
2026-08-27 04:20:00,4663.2001953125,4664.0,4660.7001953125,4663.2998046875,466
2026-08-27 04:30:00,4663.2001953125,4666.2001953125,4660.89990234375,4665.2998046875,599
2026-08-27 04:40:00,4665.39990234375,4674.5,4665.0,4674.39990234375,696
2026-08-27 04:50:00,4674.5,4676.10009765625,4673.2001953125,4673.7001953125,703
2026-08-27 05:00:00,4674.10009765625,4678.7001953125,4672.0,4678.5,418
2026-08-27 05:10:00,4678.2998046875,4678.89990234375,4674.7998046875,4677.39990234375,566
2026-08-27 05:20:00,4677.2998046875,4678.39990234375,4674.7001953125,4677.5,650
2026-08-27 05:30:00,4677.89990234375,4681.0,4672.2001953125,4673.2001953125,768
2026-08-27 05:40:00,4672.89990234375,4673.5,4667.39990234375,4673.2001953125,769
2026-08-27 05:50:00,4673.10009765625,4675.2998046875,4671.2998046875,4673.10009765625,335
2026-08-27 06:00:00,4673.0,4673.0,4664.0,4666.2001953125,815
2026-08-27 06:10:00,4666.7001953125,4667.39990234375,4659.39990234375,4663.7998046875,1434
2026-08-27 06:20:00,4663.60009765625,4663.60009765625,4654.5,4659.2001953125,705
2026-08-27 06:30:00,4658.89990234375,4673.89990234375,4656.2001953125,4670.7001953125,1423
2026-08-27 06:40:00,4671.0,4679.10009765625,4670.7001953125,4676.2998046875,1069
2026-08-27 06:50:00,4676.5,4679.5,4672.7998046875,4672.7998046875,768
2026-08-27 07:00:00,4672.7001953125,4685.0,4672.39990234375,4682.7001953125,1042
2026-08-27 07:10:00,4683.0,4686.0,4676.5,4684.2998046875,1547
2026-08-27 07:20:00,4684.5,4695.39990234375,4683.39990234375,4694.60009765625,1630
2026-08-27 07:30:00,4694.60009765625,4697.7001953125,4692.60009765625,4696.7001953125,1192
2026-08-27 07:40:00,4696.7998046875,4696.7998046875,4691.89990234375,4693.60009765625,689
2026-08-27 07:50:00,4693.2001953125,4695.0,4687.39990234375,4687.89990234375,802
2026-08-27 08:00:00,4687.7998046875,4688.39990234375,4679.2001953125,4682.7001953125,1407
2026-08-27 08:10:00,4682.7998046875,4685.0,4678.10009765625,4683.7998046875,839
2026-08-27 08:20:00,4683.7001953125,4685.89990234375,4682.2998046875,4683.7001953125,485
2026-08-27 08:30:00,4683.7998046875,4689.7001953125,4682.89990234375,4684.39990234375,577
2026-08-27 08:40:00,4684.89990234375,4689.7998046875,4684.0,4687.89990234375,310
2026-08-27 08:50:00,4688.10009765625,4693.10009765625,4688.0,4690.0,370
2026-08-27 09:00:00,4690.0,4690.2998046875,4686.5,4686.89990234375,313
2026-08-27 09:10:00,4686.7998046875,4687.0,4681.2001953125,4682.0,468
2026-08-27 09:20:00,4682.10009765625,4682.2998046875,4678.7998046875,4679.0,264
2026-08-27 09:30:00,4679.7001953125,4681.7998046875,4679.0,4679.7998046875,296
2026-08-27 09:40:00,4679.89990234375,4681.60009765625,4678.2998046875,4678.5,272
2026-08-27 09:50:00,4678.7001953125,4679.2001953125,4675.0,4675.0,443
2026-08-27 10:00:00,4674.89990234375,4675.2998046875,4671.7001953125,4672.5,455
2026-08-27 10:10:00,4672.10009765625,4674.89990234375,4671.39990234375,4674.5,426
2026-08-27 10:20:00,4674.39990234375,4675.0,4672.0,4673.0,442
2026-08-27 10:30:00,4673.2998046875,4675.7001953125,4670.60009765625,4674.39990234375,482
2026-08-27 10:40:00,4674.10009765625,4675.7998046875,4672.39990234375,4673.7001953125,376
2026-08-27 10:50:00,4674.39990234375,4675.60009765625,4670.7998046875,4671.2001953125,425
2026-08-27 11:00:00,4671.10009765625,4673.89990234375,4662.2998046875,4665.39990234375,1665
2026-08-27 11:10:00,4664.89990234375,4664.89990234375,4658.7001953125,4660.39990234375,1460
2026-08-27 11:20:00,4660.39990234375,4662.89990234375,4655.0,4661.2001953125,1609
2026-08-27 11:30:00,4661.0,4661.5,4653.2998046875,4658.7001953125,2148
2026-08-27 11:40:00,4658.7998046875,4661.2998046875,4653.89990234375,4660.2998046875,1073
2026-08-27 11:50:00,4660.2001953125,4664.2001953125,4660.0,4664.2001953125,847
2026-08-27 12:00:00,4664.39990234375,4665.7001953125,4658.60009765625,4661.39990234375,819
2026-08-27 12:10:00,4661.39990234375,4663.5,4657.60009765625,4658.39990234375,580
2026-08-27 12:20:00,4658.7001953125,4659.89990234375,4651.7001953125,4654.2998046875,1419
2026-08-27 12:30:00,4654.2998046875,4659.7001953125,4652.60009765625,4656.60009765625,1015
2026-08-27 12:40:00,4656.7001953125,4657.7001953125,4649.60009765625,4651.2001953125,835
2026-08-27 12:50:00,4651.2001953125,4653.39990234375,4647.2001953125,4653.2998046875,1409
2026-08-27 13:00:00,4653.39990234375,4655.10009765625,4648.7001953125,4650.2998046875,732
2026-08-27 13:10:00,4650.2001953125,4653.0,4649.5,4651.2998046875,387
2026-08-27 13:20:00,4651.2998046875,4656.2998046875,4649.39990234375,4653.39990234375,567
2026-08-27 13:30:00,4654.0,4660.5,4653.2001953125,4657.0,900
2026-08-27 13:40:00,4656.7001953125,4659.7998046875,4656.2998046875,4657.5,449
2026-08-27 13:50:00,4657.2998046875,4657.60009765625,4653.60009765625,4654.7001953125,521
2026-08-27 14:00:00,4654.5,4655.2998046875,4650.5,4651.7998046875,534
2026-08-27 14:10:00,4651.7998046875,4652.39990234375,4647.89990234375,4651.60009765625,636
2026-08-27 14:20:00,4651.39990234375,4655.5,4651.0,4652.2998046875,515
2026-08-27 14:30:00,4652.2998046875,4653.7998046875,4646.60009765625,4649.5,669
2026-08-27 14:40:00,4649.7001953125,4651.89990234375,4647.89990234375,4648.39990234375,393
2026-08-27 14:50:00,4648.2998046875,4652.5,4646.7998046875,4650.7001953125,1544
2026-08-27 15:00:00,4650.89990234375,4652.10009765625,4631.0,4637.7001953125,3768
2026-08-27 15:10:00,4637.7998046875,4637.7998046875,4633.60009765625,4635.5,1334
2026-08-27 15:20:00,4635.7998046875,4639.0,4631.7001953125,4633.2001953125,1238
2026-08-27 15:30:00,4632.89990234375,4633.7998046875,4618.89990234375,4629.39990234375,3064
2026-08-27 15:40:00,4629.39990234375,4636.2001953125,4629.2998046875,4633.5,1542
2026-08-27 15:50:00,4633.5,4635.2998046875,4632.7998046875,4633.2001953125,663
2026-08-27 16:00:00,4632.89990234375,4633.5,4629.2001953125,4629.60009765625,687
2026-08-27 16:10:00,4629.60009765625,4640.7998046875,4628.89990234375,4639.7998046875,973
2026-08-27 16:20:00,4639.60009765625,4643.60009765625,4638.89990234375,4643.0,687
2026-08-27 16:30:00,4643.10009765625,4644.39990234375,4640.2001953125,4644.0,422
2026-08-27 16:40:00,4643.5,4645.7998046875,4642.60009765625,4645.39990234375,541
2026-08-27 16:50:00,4645.7001953125,4650.2001953125,4645.39990234375,4647.39990234375,1317
2026-08-27 17:00:00,4647.89990234375,4652.2998046875,4647.10009765625,4650.2998046875,1587
2026-08-27 17:10:00,4650.2001953125,4653.0,4648.10009765625,4648.60009765625,2376
2026-08-27 17:20:00,4648.7001953125,4653.7001953125,4647.89990234375,4652.2998046875,626
2026-08-27 17:30:00,4652.0,4654.7001953125,4647.2001953125,4648.60009765625,1418
2026-08-27 17:40:00,4648.5,4649.60009765625,4645.0,4648.10009765625,1101
2026-08-27 17:50:00,4648.2001953125,4654.10009765625,4646.10009765625,4650.0,1469
2026-08-27 18:00:00,4650.60009765625,4651.0,4641.5,4643.2001953125,1861
2026-08-27 18:10:00,4642.89990234375,4643.89990234375,4636.5,4637.0,1122
2026-08-27 18:20:00,4636.7998046875,4641.60009765625,4633.7001953125,4639.2998046875,1134
2026-08-27 18:30:00,4639.2001953125,4644.0,4633.0,4639.60009765625,1583
2026-08-27 18:40:00,4639.89990234375,4643.39990234375,4636.0,4638.89990234375,871
2026-08-27 18:50:00,4639.5,4646.39990234375,4638.39990234375,4643.10009765625,1887
2026-08-27 19:00:00,4643.0,4646.0,4626.7998046875,4628.5,3392
2026-08-27 19:10:00,4627.7001953125,4636.39990234375,4616.0,4629.39990234375,3647
2026-08-27 19:20:00,4630.0,4635.89990234375,4623.60009765625,4625.89990234375,2743
2026-08-27 19:30:00,4625.60009765625,4632.7998046875,4621.7001953125,4628.2998046875,3227
2026-08-27 19:40:00,4628.10009765625,4636.0,4625.7001953125,4632.7998046875,1522
2026-08-27 19:50:00,4633.0,4637.89990234375,4627.2998046875,4634.60009765625,2187
2026-08-27 20:00:00,4634.39990234375,4644.60009765625,4634.39990234375,4642.60009765625,2424
2026-08-27 20:10:00,4642.89990234375,4652.0,4640.10009765625,4647.0,3288
2026-08-27 20:20:00,4647.10009765625,4647.7998046875,4641.89990234375,4645.10009765625,1121
2026-08-27 20:30:00,4645.0,4649.5,4644.89990234375,4645.7998046875,1005
2026-08-27 20:40:00,4645.89990234375,4651.89990234375,4645.7998046875,4651.0,772
2026-08-27 20:50:00,4650.89990234375,4650.89990234375,4642.7001953125,4646.89990234375,904
2026-08-27 21:00:00,4646.89990234375,4653.60009765625,4646.10009765625,4653.60009765625,1529
2026-08-27 21:10:00,4653.7001953125,4660.0,4653.2998046875,4658.5,1883
2026-08-27 21:20:00,4658.60009765625,4665.5,4657.5,4664.5,1804
2026-08-27 21:30:00,4664.7001953125,4666.89990234375,4660.0,4661.5,1332
2026-08-27 21:40:00,4661.2001953125,4661.7001953125,4656.5,4657.2001953125,789
2026-08-27 21:50:00,4657.39990234375,4662.60009765625,4657.39990234375,4662.0,720
2026-08-27 22:00:00,4661.7998046875,4667.10009765625,4660.0,4666.0,1370
2026-08-27 22:10:00,4665.89990234375,4669.10009765625,4664.2998046875,4664.89990234375,1042
2026-08-27 22:20:00,4665.2001953125,4670.89990234375,4664.2998046875,4669.2998046875,1318
2026-08-27 22:30:00,4669.2001953125,4670.7001953125,4664.2001953125,4664.7001953125,968
2026-08-27 22:40:00,4664.60009765625,4665.60009765625,4662.5,4663.2001953125,521
2026-08-27 22:50:00,4663.2998046875,4666.2001953125,4662.7998046875,4664.2998046875,1161
2026-08-27 23:00:00,4664.5,4665.39990234375,4662.39990234375,4665.39990234375,504
2026-08-27 23:10:00,4665.5,4668.39990234375,4660.60009765625,4664.2001953125,893
2026-08-27 23:20:00,4663.7998046875,4664.60009765625,4659.10009765625,4660.39990234375,786
2026-08-27 23:30:00,4660.60009765625,4662.10009765625,4655.89990234375,4658.5,909
2026-08-27 23:40:00,4658.7001953125,4661.7001953125,4657.89990234375,4661.39990234375,402
2026-08-27 23:50:00,4661.60009765625,4662.0,4655.2001953125,4655.2998046875,581
2026-08-28 00:00:00,4655.2998046875,4659.0,4654.7001953125,4658.2998046875,435
2026-08-28 00:10:00,4658.0,4660.7001953125,4657.5,4659.7001953125,272
2026-08-28 00:20:00,4659.5,4665.2001953125,4658.7998046875,4664.2998046875,762
2026-08-28 00:30:00,4664.7001953125,4672.39990234375,4664.60009765625,4671.10009765625,958
2026-08-28 00:40:00,4671.2001953125,4671.39990234375,4663.7998046875,4665.7001953125,647
2026-08-28 00:50:00,4665.7001953125,4665.7001953125,4658.2998046875,4660.0,783
2026-08-28 01:00:00,4659.7998046875,4662.10009765625,4658.60009765625,4661.7001953125,355
2026-08-28 01:10:00,4661.7001953125,4666.39990234375,4661.5,4664.10009765625,426
2026-08-28 01:20:00,4663.7998046875,4663.89990234375,4658.7998046875,4662.7001953125,758
2026-08-28 01:30:00,4662.7998046875,4663.60009765625,4657.5,4657.7998046875,296
2026-08-28 01:40:00,4658.0,4659.89990234375,4657.5,4658.7998046875,175
2026-08-28 01:50:00,4658.7998046875,4659.2998046875,4656.60009765625,4657.2998046875,114
2026-08-28 02:00:00,4657.5,4657.7001953125,4655.5,4657.2001953125,123
2026-08-28 02:10:00,4657.0,4658.5,4655.7001953125,4658.5,163
2026-08-28 02:20:00,4658.60009765625,4658.60009765625,4653.7998046875,4654.7998046875,393
2026-08-28 02:30:00,,,,,0
2026-08-28 02:40:00,,,,,0
2026-08-28 02:50:00,,,,,0
2026-08-28 03:00:00,,,,,0
2026-08-28 03:10:00,,,,,0
2026-08-28 03:20:00,,,,,0
2026-08-28 03:30:00,4656.0,4660.89990234375,4653.89990234375,4658.5,50
2026-08-28 03:40:00,4657.7998046875,4659.5,4657.2001953125,4659.2998046875,170
2026-08-28 03:50:00,4659.39990234375,4662.0,4659.39990234375,4661.0,291
2026-08-28 04:00:00,4661.39990234375,4662.60009765625,4660.0,4662.2001953125,260
2026-08-28 04:10:00,4662.5,4663.39990234375,4660.0,4660.7001953125,303
2026-08-28 04:20:00,4660.60009765625,4664.10009765625,4659.7998046875,4664.10009765625,258
2026-08-28 04:30:00,4664.0,4664.7998046875,4658.39990234375,4658.60009765625,614
2026-08-28 04:40:00,4658.7001953125,4658.7998046875,4655.2001953125,4655.7998046875,351
2026-08-28 04:50:00,4655.10009765625,4656.10009765625,4652.89990234375,4654.39990234375,227
2026-08-28 05:00:00,4654.39990234375,4655.2001953125,4651.5,4654.10009765625,580
2026-08-28 05:10:00,4654.39990234375,4654.7001953125,4648.5,4650.0,409
2026-08-28 05:20:00,4649.2998046875,4649.60009765625,4647.2998046875,4647.60009765625,245
2026-08-28 05:30:00,4647.7998046875,4653.39990234375,4646.5,4653.10009765625,635
2026-08-28 05:40:00,4652.89990234375,4655.7001953125,4646.5,4646.5,385
2026-08-28 05:50:00,4646.7001953125,4648.7998046875,4643.7998046875,4647.10009765625,541
2026-08-28 06:00:00,4647.2998046875,4647.2998046875,4640.7001953125,4642.60009765625,469
2026-08-28 06:10:00,4642.7998046875,4644.2001953125,4638.89990234375,4640.2001953125,374
2026-08-28 06:20:00,4640.60009765625,4642.2998046875,4638.5,4641.2001953125,439
2026-08-28 06:30:00,4642.39990234375,4653.2998046875,4639.39990234375,4653.2001953125,1096
2026-08-28 06:40:00,4653.2998046875,4655.39990234375,4644.5,4649.0,824
2026-08-28 06:50:00,4648.89990234375,4650.2001953125,4637.0,4638.7998046875,851
2026-08-28 07:00:00,4638.89990234375,4642.10009765625,4633.10009765625,4633.60009765625,858
2026-08-28 07:10:00,4633.5,4635.7001953125,4630.5,4635.2998046875,773
2026-08-28 07:20:00,4635.2001953125,4636.0,4628.10009765625,4628.89990234375,897
2026-08-28 07:30:00,4628.60009765625,4634.2998046875,4628.0,4633.39990234375,424
2026-08-28 07:40:00,4633.39990234375,4635.39990234375,4631.39990234375,4634.0,401
2026-08-28 07:50:00,4634.10009765625,4637.60009765625,4633.10009765625,4636.2998046875,417
2026-08-28 08:00:00,4636.39990234375,4642.39990234375,4635.89990234375,4641.2001953125,494
2026-08-28 08:10:00,4640.7998046875,4641.10009765625,4634.89990234375,4639.0,485
2026-08-28 08:20:00,4638.7998046875,4639.7998046875,4635.5,4638.89990234375,291
2026-08-28 08:30:00,4638.7001953125,4640.89990234375,4637.10009765625,4638.7998046875,262
2026-08-28 08:40:00,4638.10009765625,4641.2001953125,4635.0,4639.7998046875,405
2026-08-28 08:50:00,4639.2998046875,4642.2998046875,4638.2001953125,4640.60009765625,375
2026-08-28 09:00:00,4640.5,4640.5,4634.5,4635.10009765625,349
2026-08-28 09:10:00,4635.0,4635.5,4631.60009765625,4632.7998046875,248
2026-08-28 09:20:00,4633.0,4633.2001953125,4630.89990234375,4631.39990234375,147
2026-08-28 09:30:00,4632.2998046875,4632.89990234375,4630.2001953125,4631.5,290
2026-08-28 09:40:00,4631.5,4635.60009765625,4630.7998046875,4635.39990234375,382
2026-08-28 09:50:00,4635.10009765625,4637.5,4634.7998046875,4636.7998046875,281
2026-08-28 10:00:00,4636.5,4636.5,4630.0,4630.2998046875,270
2026-08-28 10:10:00,4630.2001953125,4634.39990234375,4630.0,4632.89990234375,217
2026-08-28 10:20:00,4633.10009765625,4637.5,4633.10009765625,4636.39990234375,174
2026-08-28 10:30:00,4636.7001953125,4637.2998046875,4631.2998046875,4631.2998046875,268
2026-08-28 10:40:00,4631.5,4634.10009765625,4630.2998046875,4634.10009765625,278
2026-08-28 10:50:00,4634.2001953125,4638.60009765625,4632.60009765625,4636.39990234375,398
2026-08-28 11:00:00,4636.2001953125,4636.2001953125,4626.89990234375,4627.0,897
2026-08-28 11:10:00,4626.89990234375,4628.39990234375,4623.0,4626.2001953125,756
2026-08-28 11:20:00,4627.0,4629.5,4624.60009765625,4625.5,355
2026-08-28 11:30:00,4625.7001953125,4633.0,4624.5,4632.89990234375,585
2026-08-28 11:40:00,4633.0,4637.5,4633.0,4635.2998046875,700
2026-08-28 11:50:00,4635.0,4638.10009765625,4634.7001953125,4637.2998046875,459
2026-08-28 12:00:00,4637.10009765625,4640.39990234375,4635.60009765625,4638.60009765625,695
2026-08-28 12:10:00,4638.2998046875,4652.39990234375,4636.60009765625,4652.2001953125,1301
2026-08-28 12:20:00,4652.0,4666.2001953125,4649.2001953125,4665.5,2368
2026-08-28 12:30:00,4665.39990234375,4666.39990234375,4651.7998046875,4653.7001953125,1617
2026-08-28 12:40:00,4653.5,4659.2998046875,4648.7001953125,4658.60009765625,1386
2026-08-28 12:50:00,4658.89990234375,4662.89990234375,4658.60009765625,4659.89990234375,753
2026-08-28 13:00:00,4660.39990234375,4667.39990234375,4660.10009765625,4663.5,988
2026-08-28 13:10:00,4663.2998046875,4664.5,4660.39990234375,4663.2001953125,664
2026-08-28 13:20:00,4663.7001953125,4666.60009765625,4662.89990234375,4665.0,831
2026-08-28 13:30:00,4664.89990234375,4667.7001953125,4663.2001953125,4665.10009765625,644
2026-08-28 13:40:00,4664.89990234375,4666.2998046875,4662.0,4662.60009765625,510
2026-08-28 13:50:00,4662.60009765625,4664.89990234375,4661.2998046875,4662.2998046875,610
2026-08-28 14:00:00,4662.7001953125,4665.10009765625,4660.10009765625,4660.89990234375,435
2026-08-28 14:10:00,4660.7998046875,4661.2001953125,4654.2998046875,4655.5,790
2026-08-28 14:20:00,4655.60009765625,4659.89990234375,4654.2998046875,4656.2998046875,783
2026-08-28 14:30:00,4656.39990234375,4657.89990234375,4654.7001953125,4655.39990234375,371
2026-08-28 14:40:00,4655.0,4656.5,4653.5,4655.60009765625,354
2026-08-28 14:50:00,4656.10009765625,4657.7001953125,4654.0,4655.5,570
2026-08-28 15:00:00,4655.2001953125,4658.7001953125,4654.60009765625,4657.39990234375,718
2026-08-28 15:10:00,4657.0,4659.0,4655.60009765625,4658.0,427
2026-08-28 15:20:00,4658.39990234375,4661.39990234375,4658.2001953125,4658.7001953125,464
2026-08-28 15:30:00,4658.7998046875,4661.10009765625,4657.0,4661.0,325
2026-08-28 15:40:00,4661.10009765625,4663.5,4657.89990234375,4658.0,868
2026-08-28 15:50:00,4657.7998046875,4658.60009765625,4655.0,4658.5,592
2026-08-28 16:00:00,4658.7001953125,4661.2001953125,4656.2001953125,4657.0,428
2026-08-28 16:10:00,4657.2001953125,4657.5,4652.7998046875,4654.39990234375,342
2026-08-28 16:20:00,4654.2001953125,4654.39990234375,4650.2998046875,4653.10009765625,795
2026-08-28 16:30:00,4653.10009765625,4654.2001953125,4647.7001953125,4648.5,1026
2026-08-28 16:40:00,4648.5,4653.89990234375,4647.7998046875,4652.60009765625,543
2026-08-28 16:50:00,4652.5,4653.60009765625,4650.2001953125,4651.39990234375,295
2026-08-28 17:00:00,4651.39990234375,4653.39990234375,4646.0,4646.10009765625,1018
2026-08-28 17:10:00,4646.10009765625,4648.60009765625,4643.60009765625,4647.10009765625,1084
2026-08-28 17:20:00,4647.10009765625,4648.5,4644.0,4645.60009765625,479
2026-08-28 17:30:00,4645.60009765625,4648.10009765625,4643.2001953125,4646.60009765625,819
2026-08-28 17:40:00,4646.5,4649.2998046875,4644.5,4647.0,780
2026-08-28 17:50:00,4647.0,4656.39990234375,4646.60009765625,4654.5,1322
2026-08-28 18:00:00,4654.2998046875,4655.0,4641.2001953125,4641.5,1788
2026-08-28 18:10:00,4641.7001953125,4647.7998046875,4641.7001953125,4646.39990234375,968
2026-08-28 18:20:00,4646.5,4655.2001953125,4644.2998046875,4654.10009765625,1154
2026-08-28 18:30:00,4654.2001953125,4657.7001953125,4648.60009765625,4652.7001953125,1679
2026-08-28 18:40:00,4652.7998046875,4653.2998046875,4645.89990234375,4651.0,1321
2026-08-28 18:50:00,4650.60009765625,4656.7001953125,4648.39990234375,4656.2998046875,1441
2026-08-28 19:00:00,4656.10009765625,4659.7001953125,4651.10009765625,4658.2001953125,1966
2026-08-28 19:10:00,4658.5,4664.89990234375,4654.10009765625,4662.39990234375,2202
2026-08-28 19:20:00,4662.2001953125,4680.7998046875,4655.2001953125,4657.5,4359
2026-08-28 19:30:00,4657.39990234375,4688.0,4600.39990234375,4626.10009765625,22782
2026-08-28 19:40:00,4625.5,4626.2998046875,4594.60009765625,4605.89990234375,15494
2026-08-28 19:50:00,4605.5,4620.5,4580.2001953125,4603.2001953125,15462
2026-08-28 20:00:00,4603.5,4629.2001953125,4603.0,4617.2998046875,9883
2026-08-28 20:10:00,4617.60009765625,4621.2001953125,4603.0,4604.2001953125,5530
2026-08-28 20:20:00,4604.10009765625,4633.0,4601.7001953125,4629.0,5945
2026-08-28 20:30:00,4629.2998046875,4636.10009765625,4624.7998046875,4626.10009765625,6625
2026-08-28 20:40:00,4625.7001953125,4626.89990234375,4606.10009765625,4607.2001953125,5017
2026-08-28 20:50:00,4607.2998046875,4620.7001953125,4603.5,4618.7998046875,5037
2026-08-28 21:00:00,4619.0,4619.7001953125,4599.60009765625,4600.2998046875,4034
2026-08-28 21:10:00,4600.2998046875,4601.0,4583.60009765625,4588.10009765625,5966
2026-08-28 21:20:00,4588.0,4597.89990234375,4574.7998046875,4575.7001953125,7720
2026-08-28 21:30:00,4575.89990234375,4580.89990234375,4559.39990234375,4559.7001953125,8677
2026-08-28 21:40:00,4559.7001953125,4566.7001953125,4532.7998046875,4533.10009765625,10249
2026-08-28 21:50:00,4533.2001953125,4535.2001953125,4515.2998046875,4531.60009765625,11772
2026-08-28 22:00:00,4531.60009765625,4538.2998046875,4521.5,4535.39990234375,6788
2026-08-28 22:10:00,4535.39990234375,4537.10009765625,4516.7001953125,4532.39990234375,3970
2026-08-28 22:20:00,4532.39990234375,4535.89990234375,4525.7998046875,4529.89990234375,2663
2026-08-28 22:30:00,4530.10009765625,4533.60009765625,4523.39990234375,4530.89990234375,2908
2026-08-28 22:40:00,4530.7001953125,4532.5,4521.89990234375,4531.2001953125,2369
2026-08-28 22:50:00,4531.2998046875,4537.2001953125,4526.2001953125,4528.39990234375,5526
2026-08-28 23:00:00,4528.5,4532.10009765625,4521.10009765625,4522.0,2747
2026-08-28 23:10:00,4522.0,4526.10009765625,4510.5,4524.89990234375,4523
2026-08-28 23:20:00,4524.2998046875,4525.89990234375,4516.7001953125,4519.7001953125,2309
2026-08-28 23:30:00,4519.7001953125,4521.89990234375,4509.5,4511.89990234375,4250
2026-08-28 23:40:00,4511.89990234375,4515.0,4503.60009765625,4508.7998046875,3447
2026-08-28 23:50:00,4508.60009765625,4513.5,4502.39990234375,4506.2001953125,2234
2026-08-29 00:00:00,4505.89990234375,4508.5,4501.2001953125,4502.5,1825
2026-08-29 00:10:00,4502.39990234375,4505.0,4495.0,4503.0,2749
2026-08-29 00:20:00,4503.10009765625,4507.89990234375,4501.2001953125,4506.5,1093
2026-08-29 00:30:00,4506.5,4512.60009765625,4502.39990234375,4511.5,1919
2026-08-29 00:40:00,4511.7001953125,4511.89990234375,4504.10009765625,4509.7001953125,982
2026-08-29 00:50:00,4509.60009765625,4513.2001953125,4507.2001953125,4512.0,783
2026-08-29 01:00:00,4511.60009765625,4517.2001953125,4510.7998046875,4516.10009765625,1330
2026-08-29 01:10:00,4516.10009765625,4516.39990234375,4504.5,4506.89990234375,1525
2026-08-29 01:20:00,4506.7998046875,4510.7001953125,4502.2998046875,4507.89990234375,1764
2026-08-29 01:30:00,4507.89990234375,4512.2998046875,4504.89990234375,4510.10009765625,1109
2026-08-29 01:40:00,4510.0,4511.2001953125,4507.0,4507.89990234375,421
2026-08-29 01:50:00,4507.7998046875,4507.7998046875,4503.2001953125,4507.39990234375,281
2026-08-29 02:00:00,4507.5,4507.5,4504.7998046875,4505.2001953125,295
2026-08-29 02:10:00,4505.2001953125,4509.5,4503.39990234375,4509.0,398
2026-08-29 02:20:00,4508.89990234375,4529.89990234375,4502.7001953125,4529.89990234375,647
2026-08-29 02:30:00,,,,,0
2026-08-29 02:40:00,,,,,0
2026-08-29 02:50:00,,,,,0
2026-08-29 03:00:00,,,,,0
2026-08-29 03:10:00,,,,,0
2026-08-29 03:20:00,,,,,0
2026-08-29 03:30:00,,,,,0
2026-08-29 03:40:00,,,,,0
2026-08-29 03:50:00,,,,,0
2026-08-29 04:00:00,,,,,0
2026-08-29 04:10:00,,,,,0
2026-08-29 04:20:00,,,,,0
2026-08-29 04:30:00,,,,,0
2026-08-29 04:40:00,,,,,0
2026-08-29 04:50:00,,,,,0
2026-08-29 05:00:00,,,,,0
2026-08-29 05:10:00,,,,,0
2026-08-29 05:20:00,,,,,0
2026-08-29 05:30:00,,,,,0
2026-08-29 05:40:00,,,,,0
2026-08-29 05:50:00,,,,,0
2026-08-29 06:00:00,,,,,0
2026-08-29 06:10:00,,,,,0
2026-08-29 06:20:00,,,,,0
2026-08-29 06:30:00,,,,,0
2026-08-29 06:40:00,,,,,0
2026-08-29 06:50:00,,,,,0
2026-08-29 07:00:00,,,,,0
2026-08-29 07:10:00,,,,,0
2026-08-29 07:20:00,,,,,0
2026-08-29 07:30:00,,,,,0
2026-08-29 07:40:00,,,,,0
2026-08-29 07:50:00,,,,,0
2026-08-29 08:00:00,,,,,0
2026-08-29 08:10:00,,,,,0
2026-08-29 08:20:00,,,,,0
2026-08-29 08:30:00,,,,,0
2026-08-29 08:40:00,,,,,0
2026-08-29 08:50:00,,,,,0
2026-08-29 09:00:00,,,,,0
2026-08-29 09:10:00,,,,,0
2026-08-29 09:20:00,,,,,0
2026-08-29 09:30:00,,,,,0
2026-08-29 09:40:00,,,,,0
2026-08-29 09:50:00,,,,,0
2026-08-29 10:00:00,,,,,0
2026-08-29 10:10:00,,,,,0
2026-08-29 10:20:00,,,,,0
2026-08-29 10:30:00,,,,,0
2026-08-29 10:40:00,,,,,0
2026-08-29 10:50:00,,,,,0
2026-08-29 11:00:00,,,,,0
2026-08-29 11:10:00,,,,,0
2026-08-29 11:20:00,,,,,0
2026-08-29 11:30:00,,,,,0
2026-08-29 11:40:00,,,,,0
2026-08-29 11:50:00,,,,,0
2026-08-29 12:00:00,,,,,0
2026-08-29 12:10:00,,,,,0
2026-08-29 12:20:00,,,,,0
2026-08-29 12:30:00,,,,,0
2026-08-29 12:40:00,,,,,0
2026-08-29 12:50:00,,,,,0
2026-08-29 13:00:00,,,,,0
2026-08-29 13:10:00,,,,,0
2026-08-29 13:20:00,,,,,0
2026-08-29 13:30:00,,,,,0
2026-08-29 13:40:00,,,,,0
2026-08-29 13:50:00,,,,,0
2026-08-29 14:00:00,,,,,0
2026-08-29 14:10:00,,,,,0
2026-08-29 14:20:00,,,,,0
2026-08-29 14:30:00,,,,,0
2026-08-29 14:40:00,,,,,0
2026-08-29 14:50:00,,,,,0
2026-08-29 15:00:00,,,,,0
2026-08-29 15:10:00,,,,,0
2026-08-29 15:20:00,,,,,0
2026-08-29 15:30:00,,,,,0
2026-08-29 15:40:00,,,,,0
2026-08-29 15:50:00,,,,,0
2026-08-29 16:00:00,,,,,0
2026-08-29 16:10:00,,,,,0
2026-08-29 16:20:00,,,,,0
2026-08-29 16:30:00,,,,,0
2026-08-29 16:40:00,,,,,0
2026-08-29 16:50:00,,,,,0
2026-08-29 17:00:00,,,,,0
2026-08-29 17:10:00,,,,,0
2026-08-29 17:20:00,,,,,0
2026-08-29 17:30:00,,,,,0
2026-08-29 17:40:00,,,,,0
2026-08-29 17:50:00,,,,,0
2026-08-29 18:00:00,,,,,0
2026-08-29 18:10:00,,,,,0
2026-08-29 18:20:00,,,,,0
2026-08-29 18:30:00,,,,,0
2026-08-29 18:40:00,,,,,0
2026-08-29 18:50:00,,,,,0
2026-08-29 19:00:00,,,,,0
2026-08-29 19:10:00,,,,,0
2026-08-29 19:20:00,,,,,0
2026-08-29 19:30:00,,,,,0
2026-08-29 19:40:00,,,,,0
2026-08-29 19:50:00,,,,,0
2026-08-29 20:00:00,,,,,0
2026-08-29 20:10:00,,,,,0
2026-08-29 20:20:00,,,,,0
2026-08-29 20:30:00,,,,,0
2026-08-29 20:40:00,,,,,0
2026-08-29 20:50:00,,,,,0
2026-08-29 21:00:00,,,,,0
2026-08-29 21:10:00,,,,,0
2026-08-29 21:20:00,,,,,0
2026-08-29 21:30:00,,,,,0
2026-08-29 21:40:00,,,,,0
2026-08-29 21:50:00,,,,,0
2026-08-29 22:00:00,,,,,0
2026-08-29 22:10:00,,,,,0
2026-08-29 22:20:00,,,,,0
2026-08-29 22:30:00,,,,,0
2026-08-29 22:40:00,,,,,0
2026-08-29 22:50:00,,,,,0
2026-08-29 23:00:00,,,,,0
2026-08-29 23:10:00,,,,,0
2026-08-29 23:20:00,,,,,0
2026-08-29 23:30:00,,,,,0
2026-08-29 23:40:00,,,,,0
2026-08-29 23:50:00,,,,,0
2026-08-30 00:00:00,,,,,0
2026-08-30 00:10:00,,,,,0
2026-08-30 00:20:00,,,,,0
2026-08-30 00:30:00,,,,,0
2026-08-30 00:40:00,,,,,0
2026-08-30 00:50:00,,,,,0
2026-08-30 01:00:00,,,,,0
2026-08-30 01:10:00,,,,,0
2026-08-30 01:20:00,,,,,0
2026-08-30 01:30:00,,,,,0
2026-08-30 01:40:00,,,,,0
2026-08-30 01:50:00,,,,,0
2026-08-30 02:00:00,,,,,0
2026-08-30 02:10:00,,,,,0
2026-08-30 02:20:00,,,,,0
2026-08-30 02:30:00,,,,,0
2026-08-30 02:40:00,,,,,0
2026-08-30 02:50:00,,,,,0
2026-08-30 03:00:00,,,,,0
2026-08-30 03:10:00,,,,,0
2026-08-30 03:20:00,,,,,0
2026-08-30 03:30:00,,,,,0
2026-08-30 03:40:00,,,,,0
2026-08-30 03:50:00,,,,,0
2026-08-30 04:00:00,,,,,0
2026-08-30 04:10:00,,,,,0
2026-08-30 04:20:00,,,,,0
2026-08-30 04:30:00,,,,,0
2026-08-30 04:40:00,,,,,0
2026-08-30 04:50:00,,,,,0
2026-08-30 05:00:00,,,,,0
2026-08-30 05:10:00,,,,,0
2026-08-30 05:20:00,,,,,0
2026-08-30 05:30:00,,,,,0
2026-08-30 05:40:00,,,,,0
2026-08-30 05:50:00,,,,,0
2026-08-30 06:00:00,,,,,0
2026-08-30 06:10:00,,,,,0
2026-08-30 06:20:00,,,,,0
2026-08-30 06:30:00,,,,,0
2026-08-30 06:40:00,,,,,0
2026-08-30 06:50:00,,,,,0
2026-08-30 07:00:00,,,,,0
2026-08-30 07:10:00,,,,,0
2026-08-30 07:20:00,,,,,0
2026-08-30 07:30:00,,,,,0
2026-08-30 07:40:00,,,,,0
2026-08-30 07:50:00,,,,,0
2026-08-30 08:00:00,,,,,0
2026-08-30 08:10:00,,,,,0
2026-08-30 08:20:00,,,,,0
2026-08-30 08:30:00,,,,,0
2026-08-30 08:40:00,,,,,0
2026-08-30 08:50:00,,,,,0
2026-08-30 09:00:00,,,,,0
2026-08-30 09:10:00,,,,,0
2026-08-30 09:20:00,,,,,0
2026-08-30 09:30:00,,,,,0
2026-08-30 09:40:00,,,,,0
2026-08-30 09:50:00,,,,,0
2026-08-30 10:00:00,,,,,0
2026-08-30 10:10:00,,,,,0
2026-08-30 10:20:00,,,,,0
2026-08-30 10:30:00,,,,,0
2026-08-30 10:40:00,,,,,0
2026-08-30 10:50:00,,,,,0
2026-08-30 11:00:00,,,,,0
2026-08-30 11:10:00,,,,,0
2026-08-30 11:20:00,,,,,0
2026-08-30 11:30:00,,,,,0
2026-08-30 11:40:00,,,,,0
2026-08-30 11:50:00,,,,,0
2026-08-30 12:00:00,,,,,0
2026-08-30 12:10:00,,,,,0
2026-08-30 12:20:00,,,,,0
2026-08-30 12:30:00,,,,,0
2026-08-30 12:40:00,,,,,0
2026-08-30 12:50:00,,,,,0
2026-08-30 13:00:00,,,,,0
2026-08-30 13:10:00,,,,,0
2026-08-30 13:20:00,,,,,0
2026-08-30 13:30:00,,,,,0
2026-08-30 13:40:00,,,,,0
2026-08-30 13:50:00,,,,,0
2026-08-30 14:00:00,,,,,0
2026-08-30 14:10:00,,,,,0
2026-08-30 14:20:00,,,,,0
2026-08-30 14:30:00,,,,,0
2026-08-30 14:40:00,,,,,0
2026-08-30 14:50:00,,,,,0
2026-08-30 15:00:00,,,,,0
2026-08-30 15:10:00,,,,,0
2026-08-30 15:20:00,,,,,0
2026-08-30 15:30:00,,,,,0
2026-08-30 15:40:00,,,,,0
2026-08-30 15:50:00,,,,,0
2026-08-30 16:00:00,,,,,0
2026-08-30 16:10:00,,,,,0
2026-08-30 16:20:00,,,,,0
2026-08-30 16:30:00,,,,,0
2026-08-30 16:40:00,,,,,0
2026-08-30 16:50:00,,,,,0
2026-08-30 17:00:00,,,,,0
2026-08-30 17:10:00,,,,,0
2026-08-30 17:20:00,,,,,0
2026-08-30 17:30:00,,,,,0
2026-08-30 17:40:00,,,,,0
2026-08-30 17:50:00,,,,,0
2026-08-30 18:00:00,,,,,0
2026-08-30 18:10:00,,,,,0
2026-08-30 18:20:00,,,,,0
2026-08-30 18:30:00,,,,,0
2026-08-30 18:40:00,,,,,0
2026-08-30 18:50:00,,,,,0
2026-08-30 19:00:00,,,,,0
2026-08-30 19:10:00,,,,,0
2026-08-30 19:20:00,,,,,0
2026-08-30 19:30:00,,,,,0
2026-08-30 19:40:00,,,,,0
2026-08-30 19:50:00,,,,,0
2026-08-30 20:00:00,,,,,0
2026-08-30 20:10:00,,,,,0
2026-08-30 20:20:00,,,,,0
2026-08-30 20:30:00,,,,,0
2026-08-30 20:40:00,,,,,0
2026-08-30 20:50:00,,,,,0
2026-08-30 21:00:00,,,,,0
2026-08-30 21:10:00,,,,,0
2026-08-30 21:20:00,,,,,0
2026-08-30 21:30:00,,,,,0
2026-08-30 21:40:00,,,,,0
2026-08-30 21:50:00,,,,,0
2026-08-30 22:00:00,,,,,0
2026-08-30 22:10:00,,,,,0
2026-08-30 22:20:00,,,,,0
2026-08-30 22:30:00,,,,,0
2026-08-30 22:40:00,,,,,0
2026-08-30 22:50:00,,,,,0
2026-08-30 23:00:00,,,,,0
2026-08-30 23:10:00,,,,,0
2026-08-30 23:20:00,,,,,0
2026-08-30 23:30:00,,,,,0
2026-08-30 23:40:00,,,,,0
2026-08-30 23:50:00,,,,,0
2026-08-31 00:00:00,,,,,0
2026-08-31 00:10:00,,,,,0
2026-08-31 00:20:00,,,,,0
2026-08-31 00:30:00,,,,,0
2026-08-31 00:40:00,,,,,0
2026-08-31 00:50:00,,,,,0
2026-08-31 01:00:00,,,,,0
2026-08-31 01:10:00,,,,,0
2026-08-31 01:20:00,,,,,0
2026-08-31 01:30:00,,,,,0
2026-08-31 01:40:00,,,,,0
2026-08-31 01:50:00,,,,,0
2026-08-31 02:00:00,,,,,0
2026-08-31 02:10:00,,,,,0
2026-08-31 02:20:00,,,,,0
2026-08-31 02:30:00,,,,,0
2026-08-31 02:40:00,,,,,0
2026-08-31 02:50:00,,,,,0
2026-08-31 03:00:00,,,,,0
2026-08-31 03:10:00,,,,,0
2026-08-31 03:20:00,,,,,0
2026-08-31 03:30:00,,,,,0
2026-08-31 03:40:00,4506.2998046875,4513.5,4505.0,4511.60009765625,969
2026-08-31 03:50:00,4511.7998046875,4515.89990234375,4507.39990234375,4509.2001953125,1583
2026-08-31 04:00:00,4509.0,4511.0,4502.2001953125,4509.60009765625,781
2026-08-31 04:10:00,4509.89990234375,4512.0,4505.89990234375,4509.10009765625,569
2026-08-31 04:20:00,4509.0,4512.0,4507.89990234375,4510.89990234375,409
2026-08-31 04:30:00,4510.7998046875,4516.60009765625,4508.7998046875,4514.60009765625,517
2026-08-31 04:40:00,4514.2001953125,4514.7001953125,4509.0,4512.5,515
2026-08-31 04:50:00,4512.39990234375,4514.39990234375,4503.89990234375,4506.7998046875,935
2026-08-31 05:00:00,4506.39990234375,4507.0,4499.2998046875,4499.60009765625,797
2026-08-31 05:10:00,4499.5,4500.2998046875,4485.2001953125,4488.7998046875,1628
2026-08-31 05:20:00,4489.2001953125,4509.60009765625,4489.10009765625,4507.7998046875,1257
2026-08-31 05:30:00,4507.7998046875,4511.2001953125,4502.39990234375,4506.0,1052
2026-08-31 05:40:00,4506.0,4514.60009765625,4504.2001953125,4509.2998046875,923
2026-08-31 05:50:00,4509.0,4510.2001953125,4501.39990234375,4505.7001953125,513
2026-08-31 06:00:00,4506.2001953125,4520.10009765625,4506.2001953125,4519.5,990
2026-08-31 06:10:00,4519.5,4521.5,4513.2001953125,4514.89990234375,866
2026-08-31 06:20:00,4515.10009765625,4516.0,4505.5,4505.7001953125,757
2026-08-31 06:30:00,4505.7998046875,4512.39990234375,4487.60009765625,4489.10009765625,3505
2026-08-31 06:40:00,4488.7001953125,4501.7001953125,4485.2998046875,4501.7001953125,1684
2026-08-31 06:50:00,4501.2001953125,4503.5,4492.2001953125,4493.5,991
2026-08-31 07:00:00,4493.0,4499.7998046875,4485.60009765625,4498.39990234375,1463
2026-08-31 07:10:00,4498.10009765625,4503.10009765625,4486.39990234375,4486.39990234375,1583
2026-08-31 07:20:00,4486.2998046875,4495.7998046875,4485.0,4489.60009765625,1010
2026-08-31 07:30:00,4489.10009765625,4490.7001953125,4466.0,4477.89990234375,4232
2026-08-31 07:40:00,4478.2998046875,4482.0,4467.5,4471.0,1490
2026-08-31 07:50:00,4471.39990234375,4477.2001953125,4470.60009765625,4472.39990234375,689
2026-08-31 08:00:00,4472.10009765625,4475.7001953125,4453.10009765625,4457.60009765625,3225
2026-08-31 08:10:00,4456.10009765625,4457.2998046875,4445.60009765625,4450.7998046875,2270
2026-08-31 08:20:00,4451.10009765625,4472.39990234375,4448.7998046875,4472.2998046875,1637
2026-08-31 08:30:00,4472.2998046875,4476.7001953125,4471.10009765625,4475.0,1127
2026-08-31 08:40:00,4474.89990234375,4482.0,4473.7998046875,4477.7001953125,929
2026-08-31 08:50:00,4477.7001953125,4483.60009765625,4476.0,4477.2998046875,997
2026-08-31 09:00:00,4477.2001953125,4477.2998046875,4469.5,4470.5,755
2026-08-31 09:10:00,4470.2001953125,4474.7998046875,4470.10009765625,4473.7001953125,400
2026-08-31 09:20:00,4473.89990234375,4476.7998046875,4471.10009765625,4472.0,355
2026-08-31 09:30:00,4472.2998046875,4472.2998046875,4466.39990234375,4468.0,505
2026-08-31 09:40:00,4467.60009765625,4472.5,4466.60009765625,4468.0,1067
2026-08-31 09:50:00,4468.7998046875,4470.5,4465.5,4465.5,321
2026-08-31 10:00:00,4465.5,4471.89990234375,4462.5,4470.2001953125,754
2026-08-31 10:10:00,4470.2001953125,4471.5,4467.0,4469.10009765625,320
2026-08-31 10:20:00,4469.10009765625,4475.0,4468.60009765625,4474.60009765625,503
2026-08-31 10:30:00,4474.60009765625,4477.0,4469.2001953125,4470.10009765625,823
2026-08-31 10:40:00,4470.2001953125,4477.39990234375,4469.60009765625,4477.10009765625,484
2026-08-31 10:50:00,4478.10009765625,4490.5,4478.10009765625,4489.89990234375,913
2026-08-31 11:00:00,4490.2998046875,4491.89990234375,4480.39990234375,4483.10009765625,1131
2026-08-31 11:10:00,4484.10009765625,4491.0,4482.60009765625,4485.0,1030
2026-08-31 11:20:00,4485.0,4493.5,4483.89990234375,4492.7001953125,624
2026-08-31 11:30:00,4492.7001953125,4493.0,4478.89990234375,4481.89990234375,929
2026-08-31 11:40:00,4481.7001953125,4488.2001953125,4481.2001953125,4487.7998046875,815
2026-08-31 11:50:00,4487.60009765625,4489.0,4484.60009765625,4486.0,952
2026-08-31 12:00:00,4485.7001953125,4491.0,4481.2998046875,4490.0,647
2026-08-31 12:10:00,4490.2998046875,4493.0,4488.7001953125,4491.7998046875,501
2026-08-31 12:20:00,4491.60009765625,4491.60009765625,4486.7001953125,4489.39990234375,427
2026-08-31 12:30:00,4489.2001953125,4491.60009765625,4486.5,4487.60009765625,581
2026-08-31 12:40:00,4487.5,4491.2001953125,4485.0,4489.2001953125,996
2026-08-31 12:50:00,4489.2001953125,4498.5,4488.60009765625,4494.10009765625,1156
2026-08-31 13:00:00,4494.10009765625,4496.7998046875,4491.2998046875,4493.2998046875,689
2026-08-31 13:10:00,4493.39990234375,4498.2001953125,4491.89990234375,4494.89990234375,520
2026-08-31 13:20:00,4494.7998046875,4495.2001953125,4490.89990234375,4493.2998046875,515
2026-08-31 13:30:00,4493.2998046875,4499.7001953125,4492.0,4493.10009765625,900
2026-08-31 13:40:00,4492.5,4492.89990234375,4486.2001953125,4490.0,689
2026-08-31 13:50:00,4490.0,4491.39990234375,4487.7998046875,4490.5,477
2026-08-31 14:00:00,4490.2001953125,4490.2001953125,4485.39990234375,4486.89990234375,401
2026-08-31 14:10:00,4486.60009765625,4487.5,4484.39990234375,4486.5,555
2026-08-31 14:20:00,4486.60009765625,4487.0,4483.89990234375,4485.60009765625,365
2026-08-31 14:30:00,4485.7998046875,4491.60009765625,4485.7001953125,4486.7998046875,655
2026-08-31 14:40:00,4486.7998046875,4494.5,4485.89990234375,4491.10009765625,657
2026-08-31 14:50:00,4491.2001953125,4491.7001953125,4488.0,4489.5,333
2026-08-31 15:00:00,4489.60009765625,4495.2001953125,4489.2998046875,4492.0,655
2026-08-31 15:10:00,4492.5,4495.39990234375,4491.2998046875,4493.7998046875,278
2026-08-31 15:20:00,4493.60009765625,4496.0,4491.7998046875,4496.0,347
2026-08-31 15:30:00,4495.89990234375,4504.2001953125,4495.2001953125,4499.0,1008
2026-08-31 15:40:00,4498.89990234375,4502.7998046875,4496.7001953125,4498.5,749
2026-08-31 15:50:00,4499.10009765625,4500.2998046875,4497.2998046875,4499.10009765625,394
2026-08-31 16:00:00,4499.2001953125,4502.0,4498.5,4500.60009765625,546
2026-08-31 16:10:00,4500.60009765625,4502.89990234375,4499.2998046875,4501.7001953125,443
2026-08-31 16:20:00,4501.60009765625,4506.7001953125,4501.60009765625,4504.5,719
2026-08-31 16:30:00,4504.60009765625,4507.7001953125,4503.7998046875,4507.5,547
2026-08-31 16:40:00,4507.5,4508.39990234375,4503.10009765625,4507.0,619
2026-08-31 16:50:00,4507.0,4514.89990234375,4506.7001953125,4514.10009765625,970
2026-08-31 17:00:00,4514.10009765625,4514.89990234375,4505.60009765625,4506.5,964
2026-08-31 17:10:00,4506.39990234375,4510.2998046875,4503.39990234375,4504.0,756
2026-08-31 17:20:00,4504.2001953125,4507.10009765625,4503.2001953125,4506.2001953125,641
2026-08-31 17:30:00,4506.10009765625,4511.89990234375,4500.7998046875,4507.89990234375,1989
2026-08-31 17:40:00,4508.2001953125,4510.7001953125,4505.7998046875,4507.5,1110
2026-08-31 17:50:00,4507.60009765625,4508.10009765625,4497.7998046875,4498.7001953125,1781
2026-08-31 18:00:00,4498.39990234375,4500.89990234375,4492.89990234375,4493.10009765625,2088
2026-08-31 18:10:00,4493.0,4493.60009765625,4486.60009765625,4489.10009765625,1651
2026-08-31 18:20:00,4489.2998046875,4492.89990234375,4486.5,4486.89990234375,1505
2026-08-31 18:30:00,4486.7001953125,4497.0,4484.7998046875,4496.10009765625,2486
2026-08-31 18:40:00,4496.10009765625,4499.5,4492.5,4494.5,1027
2026-08-31 18:50:00,4494.2998046875,4498.60009765625,4490.5,4497.2998046875,1015
2026-08-31 19:00:00,4497.39990234375,4498.5,4486.7998046875,4488.0,2225
2026-08-31 19:10:00,4488.10009765625,4489.2998046875,4475.60009765625,4476.60009765625,3889
2026-08-31 19:20:00,4476.39990234375,4480.10009765625,4466.39990234375,4469.10009765625,4555
2026-08-31 19:30:00,4469.2998046875,4478.39990234375,4466.7001953125,4477.89990234375,2691
2026-08-31 19:40:00,4477.60009765625,4481.60009765625,4471.7001953125,4477.60009765625,1646
2026-08-31 19:50:00,4477.2998046875,4477.5,4466.89990234375,4470.60009765625,2133
2026-08-31 20:00:00,4470.5,4487.2001953125,4470.0,4484.0,3021
2026-08-31 20:10:00,4483.89990234375,4486.2998046875,4478.2998046875,4479.0,1449
2026-08-31 20:20:00,4478.7998046875,4486.2998046875,4476.2001953125,4481.7001953125,1616
2026-08-31 20:30:00,4481.7001953125,4486.5,4477.89990234375,4483.7998046875,1378
2026-08-31 20:40:00,4483.7998046875,4487.89990234375,4478.89990234375,4481.7998046875,1511
2026-08-31 20:50:00,4482.2001953125,4485.39990234375,4479.39990234375,4482.89990234375,1077
2026-08-31 21:00:00,4482.39990234375,4484.0,4477.0,4479.39990234375,1485
2026-08-31 21:10:00,4479.60009765625,4483.60009765625,4476.0,4481.5,1328
2026-08-31 21:20:00,4481.2001953125,4482.5,4474.2998046875,4475.5,1022
2026-08-31 21:30:00,4475.89990234375,4486.0,4473.0,4484.0,1645
2026-08-31 21:40:00,4483.7998046875,4487.10009765625,4482.39990234375,4484.5,883
2026-08-31 21:50:00,4484.60009765625,4488.7001953125,4482.89990234375,4488.2998046875,728
2026-08-31 22:00:00,4488.60009765625,4490.2998046875,4481.0,4481.7998046875,1169
2026-08-31 22:10:00,4481.7998046875,4487.2998046875,4481.10009765625,4483.39990234375,982
2026-08-31 22:20:00,4483.39990234375,4487.10009765625,4481.7998046875,4482.60009765625,669
2026-08-31 22:30:00,4482.7998046875,4484.0,4480.0,4481.10009765625,594
2026-08-31 22:40:00,4481.0,4485.60009765625,4481.0,4485.5,680
2026-08-31 22:50:00,4485.60009765625,4486.60009765625,4477.7998046875,4479.7998046875,2931
2026-08-31 23:00:00,4479.7998046875,4485.10009765625,4479.10009765625,4482.7998046875,949
2026-08-31 23:10:00,4482.60009765625,4489.7001953125,4482.2998046875,4488.2998046875,844
2026-08-31 23:20:00,4488.39990234375,4489.5,4485.10009765625,4485.60009765625,515
2026-08-31 23:30:00,4486.0,4486.10009765625,4479.5,4480.7998046875,836
2026-08-31 23:40:00,4480.7998046875,4484.0,4479.89990234375,4481.2998046875,389
2026-08-31 23:50:00,4481.2001953125,4482.7001953125,4478.89990234375,4478.89990234375,529
2026-09-01 00:00:00,4478.89990234375,4478.89990234375,4475.5,4477.0,746
2026-09-01 00:10:00,4477.7001953125,4482.5,4476.89990234375,4482.2001953125,361
2026-09-01 00:20:00,4482.2001953125,4484.0,4479.7001953125,4480.2998046875,450
2026-09-01 00:30:00,4480.7001953125,4484.0,4478.39990234375,4484.0,442
2026-09-01 00:40:00,4484.2001953125,4484.7001953125,4481.89990234375,4482.89990234375,443
2026-09-01 00:50:00,4482.7998046875,4491.7001953125,4482.10009765625,4489.7998046875,1464
2026-09-01 01:00:00,4489.7998046875,4494.7998046875,4488.89990234375,4492.10009765625,984
2026-09-01 01:10:00,4492.2998046875,4498.39990234375,4488.39990234375,4498.10009765625,983
2026-09-01 01:20:00,4498.10009765625,4502.7001953125,4496.7998046875,4502.0,2285
2026-09-01 01:30:00,4502.2998046875,4504.89990234375,4500.7001953125,4501.10009765625,810
2026-09-01 01:40:00,4502.0,4502.2998046875,4498.0,4498.0,235
2026-09-01 01:50:00,4498.2998046875,4498.2998046875,4496.10009765625,4496.5,181
2026-09-01 02:00:00,4496.5,4498.7998046875,4495.89990234375,4497.7001953125,164
2026-09-01 02:10:00,4497.60009765625,4498.39990234375,4496.2998046875,4496.89990234375,115
2026-09-01 02:20:00,4496.60009765625,4498.89990234375,4496.2001953125,4497.2998046875,254
2026-09-01 02:30:00,,,,,0
2026-09-01 02:40:00,,,,,0
2026-09-01 02:50:00,,,,,0
2026-09-01 03:00:00,,,,,0
2026-09-01 03:10:00,,,,,0
2026-09-01 03:20:00,,,,,0
2026-09-01 03:30:00,4498.7001953125,4504.7998046875,4496.5,4504.39990234375,124
2026-09-01 03:40:00,4504.2001953125,4504.7001953125,4498.7998046875,4498.7998046875,267
2026-09-01 03:50:00,4498.7001953125,4499.2998046875,4496.39990234375,4498.60009765625,386
2026-09-01 04:00:00,4498.5,4500.0,4497.0,4497.2001953125,241
2026-09-01 04:10:00,4497.60009765625,4497.60009765625,4494.60009765625,4495.39990234375,106
2026-09-01 04:20:00,4495.60009765625,4496.60009765625,4494.2998046875,4495.5,128
2026-09-01 04:30:00,4495.7998046875,4495.7998046875,4494.10009765625,4494.60009765625,208
2026-09-01 04:40:00,4494.5,4495.2998046875,4491.60009765625,4491.7001953125,352
2026-09-01 04:50:00,4491.7001953125,4492.7998046875,4490.2998046875,4491.89990234375,230
2026-09-01 05:00:00,4492.0,4496.5,4491.7998046875,4493.5,286
2026-09-01 05:10:00,4493.5,4498.2998046875,4491.60009765625,4494.89990234375,261
2026-09-01 05:20:00,4495.2998046875,4501.0,4495.0,4501.0,364
2026-09-01 05:30:00,4501.2998046875,4505.0,4495.0,4504.39990234375,753
2026-09-01 05:40:00,4504.0,4507.2001953125,4501.39990234375,4506.5,647
2026-09-01 05:50:00,4506.39990234375,4510.5,4505.7001953125,4509.2001953125,592
2026-09-01 06:00:00,4509.5,4510.2998046875,4502.2001953125,4503.7001953125,458
2026-09-01 06:10:00,4504.2001953125,4505.7998046875,4500.7001953125,4505.0,373
2026-09-01 06:20:00,4504.7998046875,4510.39990234375,4499.89990234375,4502.7001953125,602
2026-09-01 06:30:00,4502.60009765625,4505.89990234375,4495.5,4496.10009765625,902
2026-09-01 06:40:00,4496.0,4498.0,4492.2001953125,4492.2001953125,681
2026-09-01 06:50:00,4492.2998046875,4493.7998046875,4486.7001953125,4488.60009765625,738
2026-09-01 07:00:00,4488.7998046875,4494.60009765625,4485.2001953125,4492.89990234375,792
2026-09-01 07:10:00,4493.2001953125,4495.60009765625,4489.5,4489.7998046875,438
2026-09-01 07:20:00,4490.10009765625,4493.2998046875,4488.2998046875,4493.10009765625,347
2026-09-01 07:30:00,4492.89990234375,4497.7001953125,4490.7001953125,4490.89990234375,460
2026-09-01 07:40:00,4490.89990234375,4498.2001953125,4490.89990234375,4495.60009765625,598
2026-09-01 07:50:00,4496.0,4497.2998046875,4489.2001953125,4489.2001953125,402
2026-09-01 08:00:00,4489.2001953125,4489.7998046875,4481.0,4481.89990234375,1276
2026-09-01 08:10:00,4482.2001953125,4485.89990234375,4477.10009765625,4484.2998046875,1497
2026-09-01 08:20:00,4485.0,4492.60009765625,4484.0,4492.39990234375,467
2026-09-01 08:30:00,4492.7001953125,4493.5,4488.7998046875,4490.2001953125,710
2026-09-01 08:40:00,4489.5,4491.0,4485.60009765625,4486.0,466
2026-09-01 08:50:00,4485.89990234375,4485.89990234375,4480.89990234375,4483.5,732
2026-09-01 09:00:00,4483.39990234375,4486.89990234375,4482.60009765625,4486.89990234375,380
2026-09-01 09:10:00,4486.89990234375,4492.10009765625,4486.2998046875,4490.39990234375,753
2026-09-01 09:20:00,4490.2998046875,4492.39990234375,4486.10009765625,4487.0,647
2026-09-01 09:30:00,4485.7001953125,4486.7001953125,4480.39990234375,4480.7001953125,513
2026-09-01 09:40:00,4480.60009765625,4482.5,4478.2998046875,4478.5,734
2026-09-01 09:50:00,4479.0,4481.7001953125,4478.2998046875,4478.5,198
2026-09-01 10:00:00,4478.2001953125,4479.39990234375,4477.10009765625,4478.10009765625,430
2026-09-01 10:10:00,4478.2001953125,4478.60009765625,4474.10009765625,4475.60009765625,1241
2026-09-01 10:20:00,4475.39990234375,4478.2001953125,4473.89990234375,4475.2001953125,843
2026-09-01 10:30:00,4475.39990234375,4481.2998046875,4474.7001953125,4479.39990234375,403
2026-09-01 10:40:00,4479.60009765625,4480.0,4473.5,4474.10009765625,387
2026-09-01 10:50:00,4474.39990234375,4476.7001953125,4474.2998046875,4475.2001953125,326
2026-09-01 11:00:00,4474.89990234375,4491.5,4471.89990234375,4488.39990234375,1302
2026-09-01 11:10:00,4488.2001953125,4494.60009765625,4486.89990234375,4493.7998046875,774
2026-09-01 11:20:00,4493.89990234375,4494.7001953125,4488.2998046875,4489.0,598
2026-09-01 11:30:00,4488.5,4489.10009765625,4483.89990234375,4483.89990234375,542
2026-09-01 11:40:00,4484.2998046875,4484.89990234375,4480.2001953125,4482.7998046875,731
2026-09-01 11:50:00,4482.7998046875,4483.2998046875,4476.2998046875,4477.60009765625,599
2026-09-01 12:00:00,4477.7001953125,4482.60009765625,4477.0,4481.89990234375,478
2026-09-01 12:10:00,4481.7998046875,4484.10009765625,4478.0,4478.5,436
2026-09-01 12:20:00,4478.5,4479.5,4476.7001953125,4478.0,384
2026-09-01 12:30:00,4478.10009765625,4483.60009765625,4477.89990234375,4478.89990234375,683
2026-09-01 12:40:00,4479.0,4482.2998046875,4477.2998046875,4478.10009765625,537
2026-09-01 12:50:00,4477.7998046875,4481.2001953125,4474.2998046875,4474.5,1661
2026-09-01 13:00:00,4474.2998046875,4476.89990234375,4461.2998046875,4461.2998046875,2216
2026-09-01 13:10:00,4461.5,4471.0,4460.5,4470.7998046875,1162
2026-09-01 13:20:00,4471.0,4471.89990234375,4465.7001953125,4468.7001953125,1026
2026-09-01 13:30:00,4468.60009765625,4468.60009765625,4442.2998046875,4444.89990234375,3660
2026-09-01 13:40:00,4445.0,4455.7001953125,4438.39990234375,4444.2998046875,3757
2026-09-01 13:50:00,4444.2001953125,4447.39990234375,4430.7001953125,4432.0,2718
2026-09-01 14:00:00,4432.10009765625,4432.60009765625,4418.5,4423.2001953125,3621
2026-09-01 14:10:00,4423.2998046875,4430.0,4417.89990234375,4425.0,2418
2026-09-01 14:20:00,4425.39990234375,4426.60009765625,4418.5,4419.39990234375,1680
2026-09-01 14:30:00,4419.39990234375,4424.0,4414.5,4418.39990234375,2591
2026-09-01 14:40:00,4418.39990234375,4426.60009765625,4417.60009765625,4424.89990234375,1434
2026-09-01 14:50:00,4424.60009765625,4426.2998046875,4419.0,4421.39990234375,1340
2026-09-01 15:00:00,4421.10009765625,4421.7001953125,4414.2001953125,4416.7998046875,2621
2026-09-01 15:10:00,4416.10009765625,4422.5,4414.60009765625,4418.39990234375,1457
2026-09-01 15:20:00,4418.0,4421.7001953125,4413.0,4413.7001953125,1039
2026-09-01 15:30:00,4413.7001953125,4424.0,4413.0,4421.89990234375,1241
2026-09-01 15:40:00,4422.0,4432.0,4421.7998046875,4429.39990234375,1743
2026-09-01 15:50:00,4429.60009765625,4434.2001953125,4428.89990234375,4433.2998046875,937
2026-09-01 16:00:00,4433.60009765625,4434.2001953125,4430.2001953125,4433.0,690
2026-09-01 16:10:00,4433.0,4434.60009765625,4425.39990234375,4426.7998046875,1358
2026-09-01 16:20:00,4426.89990234375,4429.2001953125,4423.5,4426.89990234375,1273
2026-09-01 16:30:00,4427.0,4431.2998046875,4424.5,4430.60009765625,789
2026-09-01 16:40:00,4430.60009765625,4431.7998046875,4423.2001953125,4424.7001953125,851
2026-09-01 16:50:00,4424.7998046875,4430.39990234375,4424.2998046875,4429.2001953125,1089
2026-09-01 17:00:00,4429.0,4432.7998046875,4426.89990234375,4432.5,1031
2026-09-01 17:10:00,4432.2998046875,4435.7001953125,4431.2001953125,4434.0,964
2026-09-01 17:20:00,4433.89990234375,4435.39990234375,4420.5,4422.89990234375,1658
2026-09-01 17:30:00,4423.0,4423.2001953125,4418.0,4419.2001953125,1561
2026-09-01 17:40:00,4419.2998046875,4424.0,4415.39990234375,4419.5,2143
2026-09-01 17:50:00,4419.7001953125,4424.89990234375,4414.2998046875,4417.10009765625,2174
2026-09-01 18:00:00,4416.89990234375,4417.5,4400.39990234375,4406.2998046875,4717
2026-09-01 18:10:00,4406.10009765625,4418.5,4403.60009765625,4413.10009765625,2788
2026-09-01 18:20:00,4412.2001953125,4413.7001953125,4404.5,4404.7001953125,1852
2026-09-01 18:30:00,4404.60009765625,4406.2998046875,4376.7998046875,4380.10009765625,11250
2026-09-01 18:40:00,4380.2001953125,4383.89990234375,4374.10009765625,4381.7998046875,6160
2026-09-01 18:50:00,4382.2001953125,4392.60009765625,4379.39990234375,4391.10009765625,3341
2026-09-01 19:00:00,4391.0,4404.7001953125,4389.2001953125,4400.89990234375,5654
2026-09-01 19:10:00,4401.0,4410.60009765625,4399.10009765625,4409.39990234375,3156
2026-09-01 19:20:00,4408.7998046875,4415.89990234375,4404.7998046875,4413.89990234375,2305
2026-09-01 19:30:00,4414.2001953125,4419.5,4401.5,4414.60009765625,5123
2026-09-01 19:40:00,4414.60009765625,4423.2998046875,4410.7998046875,4420.0,2970
2026-09-01 19:50:00,4420.2001953125,4424.2998046875,4414.10009765625,4414.39990234375,2332
2026-09-01 20:00:00,4414.5,4421.7998046875,4413.5,4414.39990234375,1821
2026-09-01 20:10:00,4414.2998046875,4418.7001953125,4408.7998046875,4410.10009765625,2170
2026-09-01 20:20:00,4410.2001953125,4416.39990234375,4405.2001953125,4408.7998046875,2513
2026-09-01 20:30:00,4409.10009765625,4411.5,4403.39990234375,4408.2998046875,1176
2026-09-01 20:40:00,4408.2001953125,4412.10009765625,4404.39990234375,4411.5,1808
2026-09-01 20:50:00,4411.2998046875,4414.2001953125,4406.89990234375,4414.2001953125,1564
2026-09-01 21:00:00,4414.0,4415.39990234375,4409.7998046875,4412.10009765625,987
2026-09-01 21:10:00,4412.5,4420.0,4412.39990234375,4419.7001953125,1477
2026-09-01 21:20:00,4419.60009765625,4422.7001953125,4418.0,4421.7001953125,943
2026-09-01 21:30:00,4421.60009765625,4423.2998046875,4416.60009765625,4416.60009765625,1140
2026-09-01 21:40:00,4416.60009765625,4417.2001953125,4407.0,4407.60009765625,2233
2026-09-01 21:50:00,4407.10009765625,4407.2998046875,4401.0,4401.2998046875,2665
2026-09-01 22:00:00,4401.0,4403.89990234375,4395.39990234375,4403.7998046875,2832
2026-09-01 22:10:00,4403.39990234375,4407.5,4400.5,4405.2998046875,1345
2026-09-01 22:20:00,4405.7001953125,4406.7001953125,4399.39990234375,4399.60009765625,1086
2026-09-01 22:30:00,4399.7998046875,4400.2998046875,4392.7001953125,4394.10009765625,1742
2026-09-01 22:40:00,4394.60009765625,4397.10009765625,4392.39990234375,4395.0,1893
2026-09-01 22:50:00,4394.60009765625,4398.60009765625,4390.7001953125,4398.5,3055
2026-09-01 23:00:00,4398.2998046875,4400.2998046875,4394.0,4394.0,1392
2026-09-01 23:10:00,4394.2001953125,4395.10009765625,4389.0,4391.10009765625,1107
2026-09-01 23:20:00,4390.7998046875,4392.7001953125,4389.2998046875,4391.10009765625,721
2026-09-01 23:30:00,4391.2998046875,4392.7001953125,4384.5,4384.7001953125,1372
2026-09-01 23:40:00,4384.60009765625,4388.7001953125,4382.39990234375,4388.5,964
2026-09-01 23:50:00,4388.5,4389.60009765625,4384.89990234375,4385.39990234375,802
2026-09-02 00:00:00,4385.39990234375,4385.5,4376.60009765625,4377.39990234375,1754
2026-09-02 00:10:00,4377.60009765625,4379.2998046875,4375.60009765625,4379.2998046875,1252
2026-09-02 00:20:00,4379.2998046875,4382.2001953125,4375.7001953125,4379.39990234375,1600
2026-09-02 00:30:00,4379.10009765625,4381.60009765625,4376.60009765625,4379.10009765625,803
2026-09-02 00:40:00,4379.10009765625,4385.2001953125,4378.5,4382.7001953125,951
2026-09-02 00:50:00,4382.60009765625,4382.89990234375,4380.89990234375,4382.0,392
2026-09-02 01:00:00,4382.0,4382.2001953125,4370.2001953125,4370.60009765625,1866
2026-09-02 01:10:00,4370.5,4376.5,4369.7001953125,4374.5,1533
2026-09-02 01:20:00,4374.10009765625,4377.39990234375,4371.2998046875,4374.0,1638
2026-09-02 01:30:00,4374.10009765625,4377.89990234375,4370.7001953125,4376.2001953125,1868
2026-09-02 01:40:00,4375.89990234375,4376.2998046875,4371.7998046875,4374.7998046875,582
2026-09-02 01:50:00,4374.89990234375,4376.0,4372.10009765625,4372.89990234375,564
2026-09-02 02:00:00,4373.0,4374.89990234375,4372.10009765625,4374.39990234375,311
2026-09-02 02:10:00,4374.39990234375,4377.5,4373.7998046875,4375.2001953125,770
2026-09-02 02:20:00,4375.2001953125,4376.2998046875,4374.39990234375,4375.7001953125,453
2026-09-02 02:30:00,,,,,0
2026-09-02 02:40:00,,,,,0
2026-09-02 02:50:00,,,,,0
2026-09-02 03:00:00,,,,,0
2026-09-02 03:10:00,,,,,0
2026-09-02 03:20:00,,,,,0
2026-09-02 03:30:00,4377.2001953125,4381.0,4375.2001953125,4376.60009765625,168
2026-09-02 03:40:00,4376.39990234375,4376.5,4373.7001953125,4373.7998046875,183
2026-09-02 03:50:00,4374.2001953125,4374.89990234375,4373.5,4374.10009765625,153
2026-09-02 04:00:00,4374.0,4375.89990234375,4372.7998046875,4373.7001953125,227
2026-09-02 04:10:00,4373.7001953125,4375.39990234375,4372.7001953125,4374.7001953125,226
2026-09-02 04:20:00,4374.5,4377.39990234375,4374.10009765625,4375.7001953125,302
2026-09-02 04:30:00,4375.7001953125,4376.89990234375,4373.2998046875,4376.39990234375,394
2026-09-02 04:40:00,4376.7998046875,4378.60009765625,4375.5,4376.2001953125,294
2026-09-02 04:50:00,4376.2001953125,4376.89990234375,4370.5,4376.7001953125,638
2026-09-02 05:00:00,4377.0,4382.0,4376.60009765625,4381.2998046875,499
2026-09-02 05:10:00,4381.0,4381.89990234375,4377.2998046875,4377.60009765625,384
2026-09-02 05:20:00,4377.7998046875,4378.60009765625,4367.7001953125,4370.60009765625,1153
2026-09-02 05:30:00,4370.7001953125,4376.89990234375,4361.39990234375,4369.7998046875,2728
2026-09-02 05:40:00,4369.39990234375,4380.89990234375,4364.89990234375,4374.2001953125,1583
2026-09-02 05:50:00,4373.7998046875,4380.60009765625,4369.0,4372.0,955
2026-09-02 06:00:00,4371.7998046875,4376.2001953125,4366.39990234375,4373.39990234375,833
2026-09-02 06:10:00,4373.10009765625,4378.0,4369.60009765625,4369.89990234375,540
2026-09-02 06:20:00,4369.60009765625,4369.60009765625,4360.7001953125,4362.5,1404
2026-09-02 06:30:00,4362.10009765625,4369.39990234375,4350.10009765625,4355.10009765625,4544
2026-09-02 06:40:00,4355.39990234375,4373.5,4355.0,4367.39990234375,1941
2026-09-02 06:50:00,4367.5,4371.5,4362.10009765625,4364.0,798
2026-09-02 07:00:00,4364.2001953125,4365.10009765625,4351.60009765625,4354.39990234375,1363
2026-09-02 07:10:00,4354.0,4357.7001953125,4350.10009765625,4352.5,1076
2026-09-02 07:20:00,4352.39990234375,4352.39990234375,4333.89990234375,4338.10009765625,3757
2026-09-02 07:30:00,4337.7998046875,4349.0,4334.60009765625,4339.7998046875,2238
2026-09-02 07:40:00,4339.89990234375,4348.10009765625,4336.39990234375,4347.2998046875,1222
2026-09-02 07:50:00,4347.5,4353.60009765625,4347.2998046875,4351.7001953125,1465
2026-09-02 08:00:00,4352.10009765625,4362.10009765625,4346.7001953125,4359.89990234375,2185
2026-09-02 08:10:00,4359.10009765625,4361.0,4356.10009765625,4357.89990234375,768
2026-09-02 08:20:00,4357.89990234375,4357.89990234375,4347.2001953125,4350.0,1432
2026-09-02 08:30:00,4350.0,4351.39990234375,4343.89990234375,4346.5,819
2026-09-02 08:40:00,4346.39990234375,4349.7001953125,4343.60009765625,4344.60009765625,966
2026-09-02 08:50:00,4344.7001953125,4345.7998046875,4336.39990234375,4340.7001953125,2063
2026-09-02 09:00:00,4340.60009765625,4340.7001953125,4329.2001953125,4338.10009765625,2241
2026-09-02 09:10:00,4338.39990234375,4346.5,4332.10009765625,4346.0,1536
2026-09-02 09:20:00,4346.0,4350.7001953125,4343.2998046875,4348.7998046875,1120
2026-09-02 09:30:00,4349.89990234375,4353.39990234375,4348.7998046875,4351.39990234375,885
2026-09-02 09:40:00,4351.60009765625,4353.5,4349.2998046875,4349.7998046875,478
2026-09-02 09:50:00,4349.10009765625,4351.39990234375,4347.7998046875,4349.39990234375,502
2026-09-02 10:00:00,4349.60009765625,4354.39990234375,4349.10009765625,4350.89990234375,479
2026-09-02 10:10:00,4350.89990234375,4353.2001953125,4349.39990234375,4352.2998046875,348
2026-09-02 10:20:00,4352.60009765625,4354.2001953125,4351.39990234375,4353.7001953125,268
2026-09-02 10:30:00,4353.89990234375,4354.7001953125,4350.0,4351.2998046875,408
2026-09-02 10:40:00,4351.39990234375,4360.5,4351.2001953125,4357.2001953125,966
2026-09-02 10:50:00,4357.2001953125,4360.5,4353.2001953125,4359.7001953125,811
2026-09-02 11:00:00,4359.7998046875,4371.7001953125,4359.7001953125,4365.0,2565
2026-09-02 11:10:00,4365.0,4372.89990234375,4363.89990234375,4372.39990234375,755
2026-09-02 11:20:00,4372.60009765625,4373.10009765625,4365.89990234375,4366.7001953125,634
2026-09-02 11:30:00,4366.7998046875,4370.89990234375,4364.2001953125,4370.89990234375,759
2026-09-02 11:40:00,4370.89990234375,4375.89990234375,4367.39990234375,4372.60009765625,1860
2026-09-02 11:50:00,4372.2001953125,4374.10009765625,4367.5,4368.89990234375,836
2026-09-02 12:00:00,4369.39990234375,4371.0,4363.0,4371.0,899
2026-09-02 12:10:00,4371.2001953125,4372.89990234375,4363.10009765625,4363.10009765625,855
2026-09-02 12:20:00,4363.10009765625,4368.39990234375,4361.2001953125,4368.2998046875,950
2026-09-02 12:30:00,4368.39990234375,4373.60009765625,4365.7998046875,4372.7998046875,835
2026-09-02 12:40:00,4372.89990234375,4377.7998046875,4372.10009765625,4374.7001953125,1214
2026-09-02 12:50:00,4374.5,4375.7998046875,4371.39990234375,4373.7001953125,593
2026-09-02 13:00:00,4373.2001953125,4377.7998046875,4371.89990234375,4373.10009765625,741
2026-09-02 13:10:00,4373.2001953125,4373.60009765625,4368.39990234375,4368.5,596
2026-09-02 13:20:00,4368.60009765625,4370.7998046875,4366.89990234375,4369.7998046875,444
2026-09-02 13:30:00,4370.10009765625,4376.89990234375,4368.7998046875,4376.5,804
2026-09-02 13:40:00,4376.7998046875,4378.39990234375,4371.39990234375,4371.89990234375,826
2026-09-02 13:50:00,4372.2998046875,4373.7001953125,4369.2001953125,4369.60009765625,593
2026-09-02 14:00:00,4369.60009765625,4373.2001953125,4366.0,4371.5,626
2026-09-02 14:10:00,4371.89990234375,4372.7001953125,4366.10009765625,4368.0,784
2026-09-02 14:20:00,4368.39990234375,4368.39990234375,4359.10009765625,4359.60009765625,1494
2026-09-02 14:30:00,4359.60009765625,4369.2001953125,4359.10009765625,4365.5,954
2026-09-02 14:40:00,4365.5,4365.5,4360.2001953125,4361.2001953125,434
2026-09-02 14:50:00,4361.2001953125,4361.5,4352.2998046875,4356.10009765625,1466
2026-09-02 15:00:00,4356.2998046875,4358.39990234375,4354.60009765625,4356.0,947
2026-09-02 15:10:00,4356.5,4359.10009765625,4356.2998046875,4357.5,441
2026-09-02 15:20:00,4357.5,4358.2998046875,4355.2001953125,4355.89990234375,580
2026-09-02 15:30:00,4355.89990234375,4357.10009765625,4349.10009765625,4350.5,900
2026-09-02 15:40:00,4350.60009765625,4357.10009765625,4349.7001953125,4356.10009765625,625
2026-09-02 15:50:00,4356.2001953125,4359.7998046875,4356.2001953125,4357.10009765625,586
2026-09-02 16:00:00,4357.39990234375,4358.10009765625,4354.2998046875,4356.0,391
2026-09-02 16:10:00,4356.0,4357.60009765625,4355.10009765625,4357.60009765625,434
2026-09-02 16:20:00,4357.7001953125,4357.7001953125,4352.5,4356.60009765625,675
2026-09-02 16:30:00,4356.2998046875,4362.2001953125,4354.89990234375,4360.0,924
2026-09-02 16:40:00,4359.7001953125,4371.60009765625,4358.60009765625,4366.2998046875,1906
2026-09-02 16:50:00,4366.2998046875,4370.2998046875,4363.2998046875,4368.7998046875,720
2026-09-02 17:00:00,4369.2001953125,4380.2001953125,4368.7001953125,4379.60009765625,1713
2026-09-02 17:10:00,4379.2001953125,4380.10009765625,4370.5,4372.89990234375,1364
2026-09-02 17:20:00,4372.7001953125,4380.10009765625,4370.5,4379.60009765625,940
2026-09-02 17:30:00,4379.5,4383.2998046875,4375.89990234375,4380.5,2070
2026-09-02 17:40:00,4380.60009765625,4381.7001953125,4376.2998046875,4378.39990234375,1451
2026-09-02 17:50:00,4378.2001953125,4391.39990234375,4376.60009765625,4383.2998046875,5560
2026-09-02 18:00:00,4383.2998046875,4384.5,4374.39990234375,4380.2001953125,2179
2026-09-02 18:10:00,4380.5,4386.0,4378.5,4386.0,1175
2026-09-02 18:20:00,4386.0,4386.0,4377.2998046875,4378.2998046875,1158
2026-09-02 18:30:00,4378.2998046875,4391.2001953125,4377.5,4388.89990234375,2876
2026-09-02 18:40:00,4388.7001953125,4391.5,4383.5,4389.0,2142
2026-09-02 18:50:00,4389.2998046875,4405.7998046875,4388.7001953125,4405.5,6238
2026-09-02 19:00:00,4405.2998046875,4415.5,4403.7998046875,4413.89990234375,5848
2026-09-02 19:10:00,4414.39990234375,4427.0,4411.5,4416.2001953125,6553
2026-09-02 19:20:00,4416.2998046875,4433.5,4415.39990234375,4433.0,4277
2026-09-02 19:30:00,4432.89990234375,4443.7001953125,4426.39990234375,4438.0,7308
2026-09-02 19:40:00,4437.7998046875,4444.39990234375,4431.7001953125,4439.10009765625,4337
2026-09-02 19:50:00,4439.2001953125,4444.0,4432.10009765625,4434.2998046875,2910
2026-09-02 20:00:00,4434.2001953125,4435.0,4429.2001953125,4429.7998046875,2202
2026-09-02 20:10:00,4429.7001953125,4433.89990234375,4425.89990234375,4428.2001953125,2151
2026-09-02 20:20:00,4428.2001953125,4429.10009765625,4421.39990234375,4424.2001953125,1984
2026-09-02 20:30:00,4424.10009765625,4427.7998046875,4420.39990234375,4423.5,1831
2026-09-02 20:40:00,4423.2998046875,4425.0,4415.7001953125,4416.5,2432
2026-09-02 20:50:00,4416.7001953125,4420.0,4412.5,4419.5,3037
2026-09-02 21:00:00,4419.7998046875,4422.2001953125,4414.39990234375,4416.7998046875,1429
2026-09-02 21:10:00,4417.7001953125,4419.10009765625,4411.39990234375,4414.5,1071
2026-09-02 21:20:00,4414.7998046875,4420.60009765625,4414.0,4419.89990234375,1059
2026-09-02 21:30:00,4419.7001953125,4421.7001953125,4415.7001953125,4417.0,1124
2026-09-02 21:40:00,4417.39990234375,4420.0,4414.60009765625,4416.7998046875,822
2026-09-02 21:50:00,4416.5,4417.7001953125,4414.2998046875,4415.2001953125,492
2026-09-02 22:00:00,4415.5,4417.39990234375,4413.0,4415.2998046875,834
2026-09-02 22:10:00,4415.2001953125,4415.2998046875,4411.10009765625,4412.89990234375,924
2026-09-02 22:20:00,4412.5,4417.5,4411.5,4415.10009765625,833
2026-09-02 22:30:00,4415.2001953125,4417.89990234375,4414.7001953125,4416.7998046875,753
2026-09-02 22:40:00,4416.60009765625,4417.2001953125,4411.2001953125,4411.89990234375,946
2026-09-02 22:50:00,4411.89990234375,4416.60009765625,4411.2001953125,4416.60009765625,1328
2026-09-02 23:00:00,4416.60009765625,4418.2998046875,4413.2001953125,4413.2001953125,860
2026-09-02 23:10:00,4413.39990234375,4427.39990234375,4413.39990234375,4422.7001953125,2585
2026-09-02 23:20:00,4422.7998046875,4425.2998046875,4422.0,4423.39990234375,708
2026-09-02 23:30:00,4423.7001953125,4423.7998046875,4418.89990234375,4420.2998046875,721
2026-09-02 23:40:00,4420.0,4426.2001953125,4415.89990234375,4424.10009765625,1578
2026-09-02 23:50:00,4424.10009765625,4426.2998046875,4418.7998046875,4420.0,988
2026-09-03 00:00:00,4419.7001953125,4425.0,4419.60009765625,4423.0,482
2026-09-03 00:10:00,4422.7998046875,4423.5,4419.0,4420.5,345
2026-09-03 00:20:00,4420.60009765625,4422.5,4419.2001953125,4420.2998046875,499
2026-09-03 00:30:00,4420.7998046875,4424.0,4418.2998046875,4423.60009765625,451
2026-09-03 00:40:00,4423.7998046875,4427.0,4423.0,4426.10009765625,633
2026-09-03 00:50:00,4426.0,4429.7001953125,4424.89990234375,4427.60009765625,599
2026-09-03 01:00:00,4427.7001953125,4430.7001953125,4427.60009765625,4430.5,636
2026-09-03 01:10:00,4430.2998046875,4435.2998046875,4430.0,4433.0,1152
2026-09-03 01:20:00,4433.10009765625,4437.89990234375,4432.39990234375,4437.7001953125,1367
2026-09-03 01:30:00,4437.39990234375,4438.2001953125,4434.10009765625,4434.5,608
2026-09-03 01:40:00,4434.7998046875,4435.7001953125,4430.60009765625,4431.2998046875,471
2026-09-03 01:50:00,4431.89990234375,4434.60009765625,4431.39990234375,4433.2001953125,292
2026-09-03 02:00:00,4433.0,4434.7998046875,4432.5,4434.2998046875,183
2026-09-03 02:10:00,4434.39990234375,4436.60009765625,4433.7998046875,4435.7998046875,367
2026-09-03 02:20:00,4435.7998046875,4437.7001953125,4434.10009765625,4434.2998046875,324
2026-09-03 02:30:00,,,,,0
2026-09-03 02:40:00,,,,,0
2026-09-03 02:50:00,,,,,0
2026-09-03 03:00:00,,,,,0
2026-09-03 03:10:00,,,,,0
2026-09-03 03:20:00,,,,,0
2026-09-03 03:30:00,4436.39990234375,4438.10009765625,4434.7998046875,4435.60009765625,125
2026-09-03 03:40:00,4435.2001953125,4436.2001953125,4432.60009765625,4433.10009765625,192
2026-09-03 03:50:00,4433.60009765625,4435.89990234375,4432.7998046875,4434.7998046875,261
2026-09-03 04:00:00,4434.2998046875,4434.7001953125,4432.2998046875,4432.7998046875,388
2026-09-03 04:10:00,4432.60009765625,4433.10009765625,4428.39990234375,4429.2998046875,369
2026-09-03 04:20:00,4429.2998046875,4430.5,4429.10009765625,4429.7998046875,63
2026-09-03 04:30:00,4430.2001953125,4432.2001953125,4429.39990234375,4432.10009765625,279
2026-09-03 04:40:00,4431.89990234375,4432.10009765625,4427.60009765625,4427.7998046875,235
2026-09-03 04:50:00,4427.7998046875,4428.39990234375,4427.2998046875,4427.7001953125,135
2026-09-03 05:00:00,4427.5,4429.39990234375,4426.7001953125,4428.7001953125,306
2026-09-03 05:10:00,4428.5,4434.39990234375,4428.5,4432.10009765625,483
2026-09-03 05:20:00,4432.2998046875,4433.10009765625,4429.89990234375,4431.0,257
2026-09-03 05:30:00,4431.2001953125,4436.2001953125,4429.89990234375,4432.39990234375,727
2026-09-03 05:40:00,4432.7001953125,4438.0,4430.60009765625,4431.89990234375,738
2026-09-03 05:50:00,4432.2998046875,4435.2998046875,4430.2998046875,4432.5,287
2026-09-03 06:00:00,4432.2998046875,4435.0,4427.7998046875,4433.89990234375,433
2026-09-03 06:10:00,4434.5,4435.2001953125,4431.2998046875,4435.2001953125,284
2026-09-03 06:20:00,4435.2998046875,4442.89990234375,4434.2998046875,4440.5,990
2026-09-03 06:30:00,4440.7998046875,4448.2998046875,4432.2001953125,4447.60009765625,2622
2026-09-03 06:40:00,4447.89990234375,4454.7001953125,4441.7998046875,4443.60009765625,2597
2026-09-03 06:50:00,4443.7998046875,4448.10009765625,4439.10009765625,4447.10009765625,1120
2026-09-03 07:00:00,4446.7998046875,4454.7998046875,4446.5,4452.89990234375,1285
2026-09-03 07:10:00,4452.89990234375,4453.5,4445.2001953125,4452.89990234375,807
2026-09-03 07:20:00,4452.39990234375,4457.60009765625,4449.7998046875,4455.0,787
2026-09-03 07:30:00,4455.2001953125,4461.2001953125,4454.5,4455.7998046875,1510
2026-09-03 07:40:00,4455.60009765625,4458.7998046875,4454.39990234375,4455.5,577
2026-09-03 07:50:00,4455.2998046875,4457.89990234375,4452.2001953125,4457.10009765625,855
2026-09-03 08:00:00,4457.10009765625,4463.7001953125,4454.7998046875,4461.89990234375,1679
2026-09-03 08:10:00,4462.0,4463.0,4457.10009765625,4463.0,664
2026-09-03 08:20:00,4462.5,4466.2001953125,4461.39990234375,4466.0,692
2026-09-03 08:30:00,4466.0,4472.0,4464.89990234375,4470.7998046875,1198
2026-09-03 08:40:00,4470.7001953125,4476.0,4469.60009765625,4472.2001953125,1354
2026-09-03 08:50:00,4472.2998046875,4477.10009765625,4470.2998046875,4475.10009765625,590
2026-09-03 09:00:00,4475.2001953125,4477.89990234375,4475.0,4476.2998046875,1054
2026-09-03 09:10:00,4476.2001953125,4476.2998046875,4471.0,4473.0,850
2026-09-03 09:20:00,4473.0,4478.2001953125,4471.89990234375,4477.10009765625,1125
2026-09-03 09:30:00,4477.2998046875,4479.39990234375,4470.7998046875,4478.7001953125,1755
2026-09-03 09:40:00,4478.7001953125,4481.10009765625,4475.10009765625,4476.0,913
2026-09-03 09:50:00,4476.0,4482.0,4475.7998046875,4481.7998046875,546
2026-09-03 10:00:00,4481.7001953125,4483.7001953125,4480.5,4483.5,520
2026-09-03 10:10:00,4483.5,4483.89990234375,4481.7001953125,4481.7998046875,427
2026-09-03 10:20:00,4481.60009765625,4483.2998046875,4479.39990234375,4483.0,963
2026-09-03 10:30:00,4483.10009765625,4486.0,4476.10009765625,4476.39990234375,1228
2026-09-03 10:40:00,4476.2001953125,4478.2001953125,4472.60009765625,4474.2998046875,1374
2026-09-03 10:50:00,4474.2998046875,4474.39990234375,4468.2001953125,4471.0,1637
2026-09-03 11:00:00,4470.89990234375,4479.5,4468.2998046875,4474.39990234375,2074
2026-09-03 11:10:00,4474.10009765625,4482.2998046875,4471.89990234375,4480.89990234375,1035
2026-09-03 11:20:00,4481.5,4485.2998046875,4476.2998046875,4477.0,1555
2026-09-03 11:30:00,4477.0,4482.2001953125,4474.39990234375,4477.2998046875,1380
2026-09-03 11:40:00,4477.2998046875,4477.39990234375,4470.5,4471.89990234375,1474
2026-09-03 11:50:00,4471.7001953125,4472.89990234375,4462.7998046875,4467.5,2290
2026-09-03 12:00:00,4467.5,4471.89990234375,4466.2998046875,4468.7998046875,1177
2026-09-03 12:10:00,4469.39990234375,4474.7001953125,4469.10009765625,4472.2001953125,682
2026-09-03 12:20:00,4472.0,4472.0,4466.10009765625,4466.39990234375,620
2026-09-03 12:30:00,4466.0,4477.5,4464.60009765625,4470.89990234375,1963
2026-09-03 12:40:00,4470.5,4472.60009765625,4467.2001953125,4470.89990234375,1055
2026-09-03 12:50:00,4470.7998046875,4475.7998046875,4470.0,4471.89990234375,883
2026-09-03 13:00:00,4471.7001953125,4476.10009765625,4469.2998046875,4473.2998046875,966
2026-09-03 13:10:00,4472.89990234375,4476.39990234375,4469.7001953125,4472.2001953125,738
2026-09-03 13:20:00,4471.7001953125,4476.7998046875,4470.2001953125,4474.7001953125,746
2026-09-03 13:30:00,4474.5,4490.0,4473.60009765625,4481.39990234375,3573
2026-09-03 13:40:00,4481.0,4484.89990234375,4476.7998046875,4484.10009765625,1374
2026-09-03 13:50:00,4484.10009765625,4485.7998046875,4481.0,4484.60009765625,1707
2026-09-03 14:00:00,4484.2998046875,4486.0,4480.39990234375,4480.39990234375,949
2026-09-03 14:10:00,4480.39990234375,4486.2998046875,4477.5,4484.5,1485
2026-09-03 14:20:00,4484.2001953125,4484.39990234375,4480.0,4481.10009765625,631
2026-09-03 14:30:00,4481.2998046875,4488.2001953125,4480.39990234375,4486.10009765625,1506
2026-09-03 14:40:00,4485.7998046875,4486.2998046875,4480.7001953125,4480.7998046875,762
2026-09-03 14:50:00,4481.0,4482.10009765625,4478.2001953125,4481.5,1217
2026-09-03 15:00:00,4481.2998046875,4484.7001953125,4476.7001953125,4478.60009765625,2361
2026-09-03 15:10:00,4479.2998046875,4480.7001953125,4472.10009765625,4475.39990234375,975
2026-09-03 15:20:00,4475.2998046875,4476.89990234375,4472.0,4473.89990234375,789
2026-09-03 15:30:00,4474.10009765625,4476.10009765625,4471.5,4471.60009765625,587
2026-09-03 15:40:00,4471.2998046875,4472.10009765625,4468.2001953125,4468.60009765625,708
2026-09-03 15:50:00,4468.5,4470.2998046875,4464.89990234375,4468.7001953125,1645
2026-09-03 16:00:00,4468.60009765625,4471.10009765625,4466.2001953125,4470.5,919
2026-09-03 16:10:00,4471.0,4472.7001953125,4470.39990234375,4470.60009765625,350
2026-09-03 16:20:00,4470.5,4474.7998046875,4470.2001953125,4473.2001953125,528
2026-09-03 16:30:00,4473.10009765625,4477.2001953125,4471.10009765625,4477.10009765625,797
2026-09-03 16:40:00,4476.7001953125,4484.2001953125,4476.2001953125,4480.5,1488
2026-09-03 16:50:00,4480.39990234375,4481.10009765625,4476.2001953125,4480.39990234375,925
2026-09-03 17:00:00,4480.5,4482.89990234375,4471.89990234375,4481.7001953125,1428
2026-09-03 17:10:00,4481.7998046875,4486.7998046875,4481.60009765625,4485.10009765625,767
2026-09-03 17:20:00,4485.0,4493.39990234375,4484.0,4490.2001953125,1527
2026-09-03 17:30:00,4490.0,4495.10009765625,4487.0,4494.7998046875,1639
2026-09-03 17:40:00,4494.89990234375,4496.7001953125,4487.10009765625,4487.7001953125,1523
2026-09-03 17:50:00,4488.0,4495.60009765625,4484.10009765625,4493.2998046875,2519
2026-09-03 18:00:00,4493.10009765625,4526.39990234375,4492.89990234375,4523.10009765625,11068
2026-09-03 18:10:00,4522.7998046875,4527.39990234375,4511.60009765625,4527.2001953125,4216
2026-09-03 18:20:00,4527.2998046875,4542.60009765625,4526.7001953125,4540.89990234375,6539
2026-09-03 18:30:00,4540.89990234375,4543.7001953125,4533.0,4535.39990234375,5578
2026-09-03 18:40:00,4535.89990234375,4537.7001953125,4526.60009765625,4527.10009765625,5022
2026-09-03 18:50:00,4527.2001953125,4532.0,4524.2998046875,4527.60009765625,2950
2026-09-03 19:00:00,4527.39990234375,4529.7001953125,4519.7001953125,4522.7001953125,2973
2026-09-03 19:10:00,4522.89990234375,4522.89990234375,4502.7998046875,4504.7998046875,5000
2026-09-03 19:20:00,4505.10009765625,4517.7001953125,4504.60009765625,4517.10009765625,4430
2026-09-03 19:30:00,4517.10009765625,4519.7998046875,4502.89990234375,4510.89990234375,4284
2026-09-03 19:40:00,4511.0,4523.7998046875,4507.89990234375,4522.7998046875,2687
2026-09-03 19:50:00,4523.0,4527.2998046875,4516.89990234375,4523.60009765625,2643
2026-09-03 20:00:00,4523.5,4526.10009765625,4514.7001953125,4515.7998046875,2342
2026-09-03 20:10:00,4515.2998046875,4526.5,4512.39990234375,4520.7001953125,1602
2026-09-03 20:20:00,4520.7001953125,4531.89990234375,4516.60009765625,4531.89990234375,2752
2026-09-03 20:30:00,4532.0,4551.60009765625,4530.89990234375,4545.2001953125,8199
2026-09-03 20:40:00,4545.7001953125,4558.5,4542.7998046875,4557.89990234375,4389
2026-09-03 20:50:00,4558.0,4558.5,4551.2998046875,4554.10009765625,2995
2026-09-03 21:00:00,4554.2001953125,4557.39990234375,4542.7998046875,4544.39990234375,2673
2026-09-03 21:10:00,4544.60009765625,4546.0,4535.10009765625,4536.2001953125,1743
2026-09-03 21:20:00,4536.2001953125,4541.10009765625,4533.7001953125,4540.7998046875,1908
2026-09-03 21:30:00,4540.7001953125,4541.2001953125,4535.2001953125,4539.7998046875,979
2026-09-03 21:40:00,4540.2998046875,4543.39990234375,4538.89990234375,4541.2998046875,1159
2026-09-03 21:50:00,4541.5,4542.10009765625,4538.10009765625,4540.7001953125,868
2026-09-03 22:00:00,4541.2001953125,4543.2998046875,4537.0,4538.60009765625,931
2026-09-03 22:10:00,4538.7001953125,4538.89990234375,4534.2998046875,4536.5,870
2026-09-03 22:20:00,4536.7001953125,4537.7998046875,4533.0,4533.7001953125,1138
2026-09-03 22:30:00,4533.89990234375,4536.2998046875,4530.60009765625,4533.39990234375,2298
2026-09-03 22:40:00,4533.5,4535.7001953125,4532.60009765625,4534.89990234375,770
2026-09-03 22:50:00,4535.10009765625,4541.2001953125,4534.5,4540.39990234375,2004
2026-09-03 23:00:00,4540.5,4541.39990234375,4538.39990234375,4540.39990234375,932
2026-09-03 23:10:00,4540.2998046875,4542.0,4538.39990234375,4538.7001953125,733
2026-09-03 23:20:00,4538.7001953125,4538.7998046875,4534.7998046875,4535.7001953125,705
2026-09-03 23:30:00,4534.60009765625,4537.10009765625,4531.89990234375,4535.60009765625,1108
2026-09-03 23:40:00,4535.7001953125,4536.5,4531.10009765625,4533.2001953125,659
2026-09-03 23:50:00,4533.89990234375,4535.39990234375,4526.7998046875,4527.10009765625,1361
2026-09-04 00:00:00,4527.39990234375,4530.0,4523.10009765625,4529.2998046875,1575
2026-09-04 00:10:00,4529.5,4530.0,4525.10009765625,4526.2001953125,667
2026-09-04 00:20:00,4526.2998046875,4527.0,4521.2001953125,4522.89990234375,1080
2026-09-04 00:30:00,4522.7998046875,4524.2001953125,4521.7001953125,4524.0,696
2026-09-04 00:40:00,4524.10009765625,4524.7001953125,4520.7001953125,4524.2998046875,916
2026-09-04 00:50:00,4524.10009765625,4524.10009765625,4520.2998046875,4523.5,493
2026-09-04 01:00:00,4523.7998046875,4525.5,4521.7001953125,4523.0,595
2026-09-04 01:10:00,4523.10009765625,4528.7001953125,4523.10009765625,4526.7998046875,942
2026-09-04 01:20:00,4527.10009765625,4527.2001953125,4520.89990234375,4522.89990234375,1296
2026-09-04 01:30:00,4522.7001953125,4523.2998046875,4518.7998046875,4520.7001953125,770
2026-09-04 01:40:00,4520.39990234375,4520.7001953125,4517.7001953125,4518.5,218
2026-09-04 01:50:00,4518.39990234375,4520.10009765625,4518.10009765625,4519.0,168
2026-09-04 02:00:00,4519.0,4520.10009765625,4518.39990234375,4519.0,173
2026-09-04 02:10:00,4518.7998046875,4520.60009765625,4518.5,4520.2998046875,161
2026-09-04 02:20:00,4520.39990234375,4521.5,4519.7001953125,4520.0,238
2026-09-04 02:30:00,4520.2998046875,4520.2998046875,4520.2998046875,4520.2998046875,1
2026-09-04 02:40:00,,,,,0
2026-09-04 02:50:00,,,,,0
2026-09-04 03:00:00,,,,,0
2026-09-04 03:10:00,,,,,0
2026-09-04 03:20:00,,,,,0
2026-09-04 03:30:00,4522.0,4524.60009765625,4520.10009765625,4523.2001953125,68
2026-09-04 03:40:00,4523.0,4526.2998046875,4521.7001953125,4523.89990234375,463
2026-09-04 03:50:00,4523.89990234375,4524.2001953125,4521.2001953125,4522.2998046875,328
2026-09-04 04:00:00,4522.2001953125,4524.10009765625,4519.7998046875,4519.89990234375,625
2026-09-04 04:10:00,4519.7998046875,4523.7001953125,4518.5,4521.39990234375,819
2026-09-04 04:20:00,4521.7001953125,4523.39990234375,4518.89990234375,4521.60009765625,952
2026-09-04 04:30:00,4521.5,4524.7998046875,4519.2998046875,4523.0,693
2026-09-04 04:40:00,4523.10009765625,4523.10009765625,4519.0,4520.2998046875,427
2026-09-04 04:50:00,4520.2998046875,4521.7998046875,4519.2001953125,4520.7001953125,244
2026-09-04 05:00:00,4520.60009765625,4525.2998046875,4520.5,4524.7001953125,321
2026-09-04 05:10:00,4525.0,4525.2001953125,4521.89990234375,4521.89990234375,282
2026-09-04 05:20:00,4522.10009765625,4527.2001953125,4522.10009765625,4526.89990234375,394
2026-09-04 05:30:00,4527.0,4529.89990234375,4524.89990234375,4526.7001953125,531
2026-09-04 05:40:00,4526.39990234375,4529.89990234375,4523.0,4523.39990234375,451
2026-09-04 05:50:00,4523.5,4526.2001953125,4520.5,4521.2001953125,364
2026-09-04 06:00:00,4521.2001953125,4526.10009765625,4519.2998046875,4522.60009765625,410
2026-09-04 06:10:00,4522.5,4531.5,4522.5,4527.7001953125,492
2026-09-04 06:20:00,4527.5,4533.5,4527.0,4532.89990234375,693
2026-09-04 06:30:00,4532.60009765625,4533.60009765625,4521.0,4524.2001953125,1286
2026-09-04 06:40:00,4524.0,4529.5,4520.0,4521.89990234375,792
2026-09-04 06:50:00,4522.2001953125,4525.0,4514.10009765625,4517.2001953125,1118
2026-09-04 07:00:00,4517.2998046875,4523.2001953125,4514.2998046875,4519.60009765625,828
2026-09-04 07:10:00,4519.7998046875,4523.0,4513.0,4514.89990234375,957
2026-09-04 07:20:00,4514.7001953125,4526.60009765625,4514.2001953125,4525.2001953125,675
2026-09-04 07:30:00,4525.2998046875,4528.89990234375,4523.7001953125,4524.89990234375,513
2026-09-04 07:40:00,4524.5,4526.60009765625,4523.10009765625,4524.60009765625,392
2026-09-04 07:50:00,4524.0,4524.0,4517.39990234375,4520.0,927
2026-09-04 08:00:00,4519.89990234375,4523.39990234375,4516.5,4522.7001953125,775
2026-09-04 08:10:00,4522.7001953125,4523.39990234375,4516.2998046875,4522.0,438
2026-09-04 08:20:00,4522.2001953125,4527.0,4521.5,4523.7998046875,492
2026-09-04 08:30:00,4523.5,4525.0,4517.7001953125,4518.10009765625,411
2026-09-04 08:40:00,4517.89990234375,4520.39990234375,4516.39990234375,4518.89990234375,478
2026-09-04 08:50:00,4518.7998046875,4521.0,4518.0,4518.60009765625,229
2026-09-04 09:00:00,4518.7998046875,4521.60009765625,4518.5,4518.89990234375,157
2026-09-04 09:10:00,4519.2998046875,4519.39990234375,4515.10009765625,4515.7001953125,225
2026-09-04 09:20:00,4515.7998046875,4516.39990234375,4513.60009765625,4513.7998046875,281
2026-09-04 09:30:00,4513.10009765625,4516.7001953125,4511.60009765625,4514.2001953125,821
2026-09-04 09:40:00,4514.5,4516.39990234375,4513.89990234375,4515.7001953125,208
2026-09-04 09:50:00,4515.7001953125,4518.7998046875,4515.2001953125,4518.10009765625,364
2026-09-04 10:00:00,4518.10009765625,4521.10009765625,4518.0,4520.5,371
2026-09-04 10:10:00,4520.2998046875,4521.0,4519.10009765625,4519.89990234375,189
2026-09-04 10:20:00,4520.10009765625,4521.5,4519.89990234375,4520.39990234375,224
2026-09-04 10:30:00,4520.2998046875,4521.10009765625,4514.7998046875,4515.5,570
2026-09-04 10:40:00,4515.39990234375,4521.60009765625,4513.7998046875,4520.2998046875,580
2026-09-04 10:50:00,4520.0,4520.60009765625,4513.7001953125,4513.7998046875,309
2026-09-04 11:00:00,4513.60009765625,4523.10009765625,4512.7998046875,4522.7001953125,1176
2026-09-04 11:10:00,4522.7001953125,4523.89990234375,4516.39990234375,4517.0,839
2026-09-04 11:20:00,4516.5,4518.7001953125,4513.39990234375,4518.2001953125,787
2026-09-04 11:30:00,4518.10009765625,4519.5,4514.0,4515.7998046875,1261
2026-09-04 11:40:00,4515.39990234375,4517.39990234375,4512.7998046875,4514.89990234375,475
2026-09-04 11:50:00,4514.89990234375,4518.10009765625,4512.89990234375,4515.2001953125,511
2026-09-04 12:00:00,4515.2001953125,4516.10009765625,4509.2998046875,4512.39990234375,839
2026-09-04 12:10:00,4512.2998046875,4514.89990234375,4507.7998046875,4508.10009765625,933
2026-09-04 12:20:00,4508.2001953125,4510.7998046875,4506.60009765625,4509.5,628
2026-09-04 12:30:00,4509.2998046875,4515.89990234375,4508.0,4515.39990234375,920
2026-09-04 12:40:00,4515.39990234375,4518.2998046875,4513.5,4515.7001953125,773
2026-09-04 12:50:00,4515.89990234375,4520.0,4513.60009765625,4519.60009765625,753
2026-09-04 13:00:00,4519.60009765625,4523.2998046875,4519.60009765625,4521.7998046875,745
2026-09-04 13:10:00,4521.89990234375,4537.7998046875,4521.7998046875,4534.7998046875,2506
2026-09-04 13:20:00,4534.89990234375,4534.89990234375,4528.2001953125,4530.2998046875,1348
2026-09-04 13:30:00,4530.39990234375,4533.60009765625,4526.7998046875,4527.89990234375,1051
2026-09-04 13:40:00,4528.0,4530.89990234375,4525.7001953125,4529.2998046875,919
2026-09-04 13:50:00,4529.5,4531.0,4526.39990234375,4527.7998046875,446
2026-09-04 14:00:00,4528.10009765625,4529.2998046875,4524.2998046875,4525.2001953125,553
2026-09-04 14:10:00,4525.0,4525.7998046875,4521.5,4521.5,366
2026-09-04 14:20:00,4521.7998046875,4526.39990234375,4521.0,4524.2998046875,452
2026-09-04 14:30:00,4524.5,4525.7001953125,4520.2998046875,4521.60009765625,503
2026-09-04 14:40:00,4521.39990234375,4521.39990234375,4513.10009765625,4513.2998046875,865
2026-09-04 14:50:00,4513.2001953125,4513.7998046875,4510.0,4512.7998046875,1025
2026-09-04 15:00:00,4512.7998046875,4516.5,4510.7998046875,4514.0,1281
2026-09-04 15:10:00,4514.0,4516.10009765625,4511.7998046875,4515.2001953125,757
2026-09-04 15:20:00,4515.60009765625,4515.89990234375,4511.60009765625,4511.7998046875,405
2026-09-04 15:30:00,4511.7001953125,4517.2001953125,4511.60009765625,4516.89990234375,271
2026-09-04 15:40:00,4516.7998046875,4519.60009765625,4515.2001953125,4518.2001953125,459
2026-09-04 15:50:00,4518.2998046875,4520.0,4514.39990234375,4517.5,669
2026-09-04 16:00:00,4517.60009765625,4521.5,4516.2998046875,4519.5,427
2026-09-04 16:10:00,4519.7001953125,4523.10009765625,4518.89990234375,4521.10009765625,336
2026-09-04 16:20:00,4521.2001953125,4522.0,4518.89990234375,4518.89990234375,262
2026-09-04 16:30:00,4519.2001953125,4519.2998046875,4515.7001953125,4517.2001953125,430
2026-09-04 16:40:00,4516.89990234375,4517.5,4512.7001953125,4513.0,501
2026-09-04 16:50:00,4513.10009765625,4516.89990234375,4511.5,4511.7998046875,656
2026-09-04 17:00:00,4511.89990234375,4515.60009765625,4511.2998046875,4514.39990234375,496
2026-09-04 17:10:00,4514.60009765625,4516.60009765625,4512.2001953125,4513.5,467
2026-09-04 17:20:00,4513.7001953125,4516.7998046875,4510.89990234375,4513.10009765625,920
2026-09-04 17:30:00,4513.2998046875,4516.7001953125,4510.89990234375,4513.60009765625,944
2026-09-04 17:40:00,4513.60009765625,4515.60009765625,4510.5,4514.39990234375,1248
2026-09-04 17:50:00,4514.2998046875,4523.2998046875,4510.7001953125,4517.7001953125,2108
2026-09-04 18:00:00,4520.89990234375,4523.5,4419.0,4438.0,27309
2026-09-04 18:10:00,4438.2998046875,4453.5,4426.7998046875,4444.0,7135
2026-09-04 18:20:00,4443.2001953125,4456.89990234375,4439.39990234375,4440.60009765625,6274
2026-09-04 18:30:00,4440.89990234375,4441.7998046875,4412.0,4434.5,8927
2026-09-04 18:40:00,4434.60009765625,4446.60009765625,4428.7998046875,4445.2001953125,3355
2026-09-04 18:50:00,4445.39990234375,4461.5,4443.5,4459.5,4784
2026-09-04 19:00:00,4459.7001953125,4467.7998046875,4452.2998046875,4454.7001953125,6125
2026-09-04 19:10:00,4454.5,4481.7998046875,4454.0,4476.89990234375,5392
2026-09-04 19:20:00,4477.2998046875,4478.5,4459.7998046875,4459.89990234375,3729
2026-09-04 19:30:00,4460.0,4474.5,4458.7998046875,4471.0,3096
2026-09-04 19:40:00,4470.89990234375,4484.60009765625,4466.2998046875,4480.2998046875,2955
2026-09-04 19:50:00,4479.7998046875,4484.7998046875,4474.10009765625,4476.5,2759
2026-09-04 20:00:00,4476.60009765625,4489.39990234375,4475.39990234375,4476.5,3413
2026-09-04 20:10:00,4476.5,4479.5,4469.39990234375,4475.2001953125,2561
2026-09-04 20:20:00,4474.7998046875,4476.7998046875,4464.0,4474.2998046875,2763
2026-09-04 20:30:00,4474.39990234375,4486.60009765625,4469.5,4483.39990234375,2366
2026-09-04 20:40:00,4483.60009765625,4495.89990234375,4481.60009765625,4495.2998046875,2336
2026-09-04 20:50:00,4495.10009765625,4496.2001953125,4486.7998046875,4487.0,2673
2026-09-04 21:00:00,4487.10009765625,4491.5,4484.5,4485.2998046875,1877
2026-09-04 21:10:00,4485.2998046875,4493.7001953125,4483.5,4490.7001953125,1507
2026-09-04 21:20:00,4490.89990234375,4493.2998046875,4482.7998046875,4483.2998046875,1227
2026-09-04 21:30:00,4483.7998046875,4487.89990234375,4480.7998046875,4480.89990234375,1278
2026-09-04 21:40:00,4481.10009765625,4491.0,4479.5,4489.0,1470
2026-09-04 21:50:00,4489.0,4490.0,4480.7001953125,4481.60009765625,999
2026-09-04 22:00:00,4481.7001953125,4486.2998046875,4481.10009765625,4484.60009765625,773
2026-09-04 22:10:00,4485.10009765625,4487.7998046875,4482.89990234375,4487.2001953125,591
2026-09-04 22:20:00,4487.5,4487.7001953125,4482.0,4483.60009765625,978
2026-09-04 22:30:00,4483.5,4483.89990234375,4477.10009765625,4479.60009765625,1435
2026-09-04 22:40:00,4479.89990234375,4486.2998046875,4479.2001953125,4485.7998046875,881
2026-09-04 22:50:00,4486.0,4488.0,4475.0,4476.0,2769
2026-09-04 23:00:00,4475.89990234375,4477.2998046875,4469.2998046875,4469.7001953125,1655
2026-09-04 23:10:00,4469.7001953125,4469.89990234375,4461.10009765625,4467.0,1680
2026-09-04 23:20:00,4466.7998046875,4468.89990234375,4463.7001953125,4464.0,834
2026-09-04 23:30:00,4464.7001953125,4465.89990234375,4459.0,4465.7001953125,1275
2026-09-04 23:40:00,4465.39990234375,4470.10009765625,4464.10009765625,4467.2001953125,1428
2026-09-04 23:50:00,4467.5,4474.5,4466.89990234375,4472.60009765625,801
2026-09-05 00:00:00,4472.60009765625,4472.7998046875,4468.89990234375,4470.2001953125,517
2026-09-05 00:10:00,4470.0,4473.89990234375,4469.39990234375,4471.5,636
2026-09-05 00:20:00,4471.2998046875,4473.2998046875,4470.39990234375,4471.2998046875,597
2026-09-05 00:30:00,4471.60009765625,4473.0,4470.0,4472.5,293
2026-09-05 00:40:00,4472.2998046875,4479.2998046875,4472.2001953125,4476.0,991
2026-09-05 00:50:00,4476.2001953125,4483.0,4474.10009765625,4482.7998046875,682
2026-09-05 01:00:00,4482.7998046875,4485.60009765625,4481.2998046875,4483.7001953125,659
2026-09-05 01:10:00,4483.7998046875,4484.7998046875,4480.60009765625,4482.5,825
2026-09-05 01:20:00,4482.7001953125,4483.60009765625,4479.7998046875,4482.0,1301
2026-09-05 01:30:00,4481.7998046875,4482.2998046875,4478.2998046875,4479.0,607
2026-09-05 01:40:00,4479.0,4479.89990234375,4476.89990234375,4477.89990234375,283
2026-09-05 01:50:00,4478.2001953125,4478.39990234375,4476.60009765625,4477.2998046875,233
2026-09-05 02:00:00,4476.60009765625,4478.0,4476.0,4477.60009765625,173
2026-09-05 02:10:00,4477.60009765625,4477.89990234375,4475.60009765625,4475.89990234375,247
2026-09-05 02:20:00,4476.0,4478.5,4475.89990234375,4476.60009765625,256
2026-09-05 02:30:00,,,,,0
2026-09-05 02:40:00,,,,,0
2026-09-05 02:50:00,,,,,0
2026-09-05 03:00:00,,,,,0
2026-09-05 03:10:00,,,,,0
2026-09-05 03:20:00,,,,,0
2026-09-05 03:30:00,,,,,0
2026-09-05 03:40:00,,,,,0
2026-09-05 03:50:00,,,,,0
2026-09-05 04:00:00,,,,,0
2026-09-05 04:10:00,,,,,0
2026-09-05 04:20:00,,,,,0
2026-09-05 04:30:00,,,,,0
2026-09-05 04:40:00,,,,,0
2026-09-05 04:50:00,,,,,0
2026-09-05 05:00:00,,,,,0
2026-09-05 05:10:00,,,,,0
2026-09-05 05:20:00,,,,,0
2026-09-05 05:30:00,,,,,0
2026-09-05 05:40:00,,,,,0
2026-09-05 05:50:00,,,,,0
2026-09-05 06:00:00,,,,,0
2026-09-05 06:10:00,,,,,0
2026-09-05 06:20:00,,,,,0
2026-09-05 06:30:00,,,,,0
2026-09-05 06:40:00,,,,,0
2026-09-05 06:50:00,,,,,0
2026-09-05 07:00:00,,,,,0
2026-09-05 07:10:00,,,,,0
2026-09-05 07:20:00,,,,,0
2026-09-05 07:30:00,,,,,0
2026-09-05 07:40:00,,,,,0
2026-09-05 07:50:00,,,,,0
2026-09-05 08:00:00,,,,,0
2026-09-05 08:10:00,,,,,0
2026-09-05 08:20:00,,,,,0
2026-09-05 08:30:00,,,,,0
2026-09-05 08:40:00,,,,,0
2026-09-05 08:50:00,,,,,0
2026-09-05 09:00:00,,,,,0
2026-09-05 09:10:00,,,,,0
2026-09-05 09:20:00,,,,,0
2026-09-05 09:30:00,,,,,0
2026-09-05 09:40:00,,,,,0
2026-09-05 09:50:00,,,,,0
2026-09-05 10:00:00,,,,,0
2026-09-05 10:10:00,,,,,0
2026-09-05 10:20:00,,,,,0
2026-09-05 10:30:00,,,,,0
2026-09-05 10:40:00,,,,,0
2026-09-05 10:50:00,,,,,0
2026-09-05 11:00:00,,,,,0
2026-09-05 11:10:00,,,,,0
2026-09-05 11:20:00,,,,,0
2026-09-05 11:30:00,,,,,0
2026-09-05 11:40:00,,,,,0
2026-09-05 11:50:00,,,,,0
2026-09-05 12:00:00,,,,,0
2026-09-05 12:10:00,,,,,0
2026-09-05 12:20:00,,,,,0
2026-09-05 12:30:00,,,,,0
2026-09-05 12:40:00,,,,,0
2026-09-05 12:50:00,,,,,0
2026-09-05 13:00:00,,,,,0
2026-09-05 13:10:00,,,,,0
2026-09-05 13:20:00,,,,,0
2026-09-05 13:30:00,,,,,0
2026-09-05 13:40:00,,,,,0
2026-09-05 13:50:00,,,,,0
2026-09-05 14:00:00,,,,,0
2026-09-05 14:10:00,,,,,0
2026-09-05 14:20:00,,,,,0
2026-09-05 14:30:00,,,,,0
2026-09-05 14:40:00,,,,,0
2026-09-05 14:50:00,,,,,0
2026-09-05 15:00:00,,,,,0
2026-09-05 15:10:00,,,,,0
2026-09-05 15:20:00,,,,,0
2026-09-05 15:30:00,,,,,0
2026-09-05 15:40:00,,,,,0
2026-09-05 15:50:00,,,,,0
2026-09-05 16:00:00,,,,,0
2026-09-05 16:10:00,,,,,0
2026-09-05 16:20:00,,,,,0
2026-09-05 16:30:00,,,,,0
2026-09-05 16:40:00,,,,,0
2026-09-05 16:50:00,,,,,0
2026-09-05 17:00:00,,,,,0
2026-09-05 17:10:00,,,,,0
2026-09-05 17:20:00,,,,,0
2026-09-05 17:30:00,,,,,0
2026-09-05 17:40:00,,,,,0
2026-09-05 17:50:00,,,,,0
2026-09-05 18:00:00,,,,,0
2026-09-05 18:10:00,,,,,0
2026-09-05 18:20:00,,,,,0
2026-09-05 18:30:00,,,,,0
2026-09-05 18:40:00,,,,,0
2026-09-05 18:50:00,,,,,0
2026-09-05 19:00:00,,,,,0
2026-09-05 19:10:00,,,,,0
2026-09-05 19:20:00,,,,,0
2026-09-05 19:30:00,,,,,0
2026-09-05 19:40:00,,,,,0
2026-09-05 19:50:00,,,,,0
2026-09-05 20:00:00,,,,,0
2026-09-05 20:10:00,,,,,0
2026-09-05 20:20:00,,,,,0
2026-09-05 20:30:00,,,,,0
2026-09-05 20:40:00,,,,,0
2026-09-05 20:50:00,,,,,0
2026-09-05 21:00:00,,,,,0
2026-09-05 21:10:00,,,,,0
2026-09-05 21:20:00,,,,,0
2026-09-05 21:30:00,,,,,0
2026-09-05 21:40:00,,,,,0
2026-09-05 21:50:00,,,,,0
2026-09-05 22:00:00,,,,,0
2026-09-05 22:10:00,,,,,0
2026-09-05 22:20:00,,,,,0
2026-09-05 22:30:00,,,,,0
2026-09-05 22:40:00,,,,,0
2026-09-05 22:50:00,,,,,0
2026-09-05 23:00:00,,,,,0
2026-09-05 23:10:00,,,,,0
2026-09-05 23:20:00,,,,,0
2026-09-05 23:30:00,,,,,0
2026-09-05 23:40:00,,,,,0
2026-09-05 23:50:00,,,,,0
2026-09-06 00:00:00,,,,,0
2026-09-06 00:10:00,,,,,0
2026-09-06 00:20:00,,,,,0
2026-09-06 00:30:00,,,,,0
2026-09-06 00:40:00,,,,,0
2026-09-06 00:50:00,,,,,0
2026-09-06 01:00:00,,,,,0
2026-09-06 01:10:00,,,,,0
2026-09-06 01:20:00,,,,,0
2026-09-06 01:30:00,,,,,0
2026-09-06 01:40:00,,,,,0
2026-09-06 01:50:00,,,,,0
2026-09-06 02:00:00,,,,,0
2026-09-06 02:10:00,,,,,0
2026-09-06 02:20:00,,,,,0
2026-09-06 02:30:00,,,,,0
2026-09-06 02:40:00,,,,,0
2026-09-06 02:50:00,,,,,0
2026-09-06 03:00:00,,,,,0
2026-09-06 03:10:00,,,,,0
2026-09-06 03:20:00,,,,,0
2026-09-06 03:30:00,,,,,0
2026-09-06 03:40:00,,,,,0
2026-09-06 03:50:00,,,,,0
2026-09-06 04:00:00,,,,,0
2026-09-06 04:10:00,,,,,0
2026-09-06 04:20:00,,,,,0
2026-09-06 04:30:00,,,,,0
2026-09-06 04:40:00,,,,,0
2026-09-06 04:50:00,,,,,0
2026-09-06 05:00:00,,,,,0
2026-09-06 05:10:00,,,,,0
2026-09-06 05:20:00,,,,,0
2026-09-06 05:30:00,,,,,0
2026-09-06 05:40:00,,,,,0
2026-09-06 05:50:00,,,,,0
2026-09-06 06:00:00,,,,,0
2026-09-06 06:10:00,,,,,0
2026-09-06 06:20:00,,,,,0
2026-09-06 06:30:00,,,,,0
2026-09-06 06:40:00,,,,,0
2026-09-06 06:50:00,,,,,0
2026-09-06 07:00:00,,,,,0
2026-09-06 07:10:00,,,,,0
2026-09-06 07:20:00,,,,,0
2026-09-06 07:30:00,,,,,0
2026-09-06 07:40:00,,,,,0
2026-09-06 07:50:00,,,,,0
2026-09-06 08:00:00,,,,,0
2026-09-06 08:10:00,,,,,0
2026-09-06 08:20:00,,,,,0
2026-09-06 08:30:00,,,,,0
2026-09-06 08:40:00,,,,,0
2026-09-06 08:50:00,,,,,0
2026-09-06 09:00:00,,,,,0
2026-09-06 09:10:00,,,,,0
2026-09-06 09:20:00,,,,,0
2026-09-06 09:30:00,,,,,0
2026-09-06 09:40:00,,,,,0
2026-09-06 09:50:00,,,,,0
2026-09-06 10:00:00,,,,,0
2026-09-06 10:10:00,,,,,0
2026-09-06 10:20:00,,,,,0
2026-09-06 10:30:00,,,,,0
2026-09-06 10:40:00,,,,,0
2026-09-06 10:50:00,,,,,0
2026-09-06 11:00:00,,,,,0
2026-09-06 11:10:00,,,,,0
2026-09-06 11:20:00,,,,,0
2026-09-06 11:30:00,,,,,0
2026-09-06 11:40:00,,,,,0
2026-09-06 11:50:00,,,,,0
2026-09-06 12:00:00,,,,,0
2026-09-06 12:10:00,,,,,0
2026-09-06 12:20:00,,,,,0
2026-09-06 12:30:00,,,,,0
2026-09-06 12:40:00,,,,,0
2026-09-06 12:50:00,,,,,0
2026-09-06 13:00:00,,,,,0
2026-09-06 13:10:00,,,,,0
2026-09-06 13:20:00,,,,,0
2026-09-06 13:30:00,,,,,0
2026-09-06 13:40:00,,,,,0
2026-09-06 13:50:00,,,,,0
2026-09-06 14:00:00,,,,,0
2026-09-06 14:10:00,,,,,0
2026-09-06 14:20:00,,,,,0
2026-09-06 14:30:00,,,,,0
2026-09-06 14:40:00,,,,,0
2026-09-06 14:50:00,,,,,0
2026-09-06 15:00:00,,,,,0
2026-09-06 15:10:00,,,,,0
2026-09-06 15:20:00,,,,,0
2026-09-06 15:30:00,,,,,0
2026-09-06 15:40:00,,,,,0
2026-09-06 15:50:00,,,,,0
2026-09-06 16:00:00,,,,,0
2026-09-06 16:10:00,,,,,0
2026-09-06 16:20:00,,,,,0
2026-09-06 16:30:00,,,,,0
2026-09-06 16:40:00,,,,,0
2026-09-06 16:50:00,,,,,0
2026-09-06 17:00:00,,,,,0
2026-09-06 17:10:00,,,,,0
2026-09-06 17:20:00,,,,,0
2026-09-06 17:30:00,,,,,0
2026-09-06 17:40:00,,,,,0
2026-09-06 17:50:00,,,,,0
2026-09-06 18:00:00,,,,,0
2026-09-06 18:10:00,,,,,0
2026-09-06 18:20:00,,,,,0
2026-09-06 18:30:00,,,,,0
2026-09-06 18:40:00,,,,,0
2026-09-06 18:50:00,,,,,0
2026-09-06 19:00:00,,,,,0
2026-09-06 19:10:00,,,,,0
2026-09-06 19:20:00,,,,,0
2026-09-06 19:30:00,,,,,0
2026-09-06 19:40:00,,,,,0
2026-09-06 19:50:00,,,,,0
2026-09-06 20:00:00,,,,,0
2026-09-06 20:10:00,,,,,0
2026-09-06 20:20:00,,,,,0
2026-09-06 20:30:00,,,,,0
2026-09-06 20:40:00,,,,,0
2026-09-06 20:50:00,,,,,0
2026-09-06 21:00:00,,,,,0
2026-09-06 21:10:00,,,,,0
2026-09-06 21:20:00,,,,,0
2026-09-06 21:30:00,,,,,0
2026-09-06 21:40:00,,,,,0
2026-09-06 21:50:00,,,,,0
2026-09-06 22:00:00,,,,,0
2026-09-06 22:10:00,,,,,0
2026-09-06 22:20:00,,,,,0
2026-09-06 22:30:00,,,,,0
2026-09-06 22:40:00,,,,,0
2026-09-06 22:50:00,,,,,0
2026-09-06 23:00:00,,,,,0
2026-09-06 23:10:00,,,,,0
2026-09-06 23:20:00,,,,,0
2026-09-06 23:30:00,,,,,0
2026-09-06 23:40:00,,,,,0
2026-09-06 23:50:00,,,,,0
2026-09-07 00:00:00,,,,,0
2026-09-07 00:10:00,,,,,0
2026-09-07 00:20:00,,,,,0
2026-09-07 00:30:00,,,,,0
2026-09-07 00:40:00,,,,,0
2026-09-07 00:50:00,,,,,0
2026-09-07 01:00:00,,,,,0
2026-09-07 01:10:00,,,,,0
2026-09-07 01:20:00,,,,,0
2026-09-07 01:30:00,,,,,0
2026-09-07 01:40:00,,,,,0
2026-09-07 01:50:00,,,,,0
2026-09-07 02:00:00,,,,,0
2026-09-07 02:10:00,,,,,0
2026-09-07 02:20:00,,,,,0
2026-09-07 02:30:00,,,,,0
2026-09-07 02:40:00,,,,,0
2026-09-07 02:50:00,,,,,0
2026-09-07 03:00:00,,,,,0
2026-09-07 03:10:00,,,,,0
2026-09-07 03:20:00,,,,,0
2026-09-07 03:30:00,,,,,0
2026-09-07 03:40:00,,,,,0
2026-09-07 03:50:00,,,,,0
2026-09-07 04:00:00,,,,,0
2026-09-07 04:10:00,,,,,0
2026-09-07 04:20:00,,,,,0
2026-09-07 04:30:00,,,,,0
2026-09-07 04:40:00,,,,,0
2026-09-07 04:50:00,,,,,0
2026-09-07 05:00:00,,,,,0
2026-09-07 05:10:00,,,,,0
2026-09-07 05:20:00,,,,,0
2026-09-07 05:30:00,,,,,0
2026-09-07 05:40:00,,,,,0
2026-09-07 05:50:00,,,,,0
2026-09-07 06:00:00,,,,,0
2026-09-07 06:10:00,,,,,0
2026-09-07 06:20:00,,,,,0
2026-09-07 06:30:00,,,,,0
2026-09-07 06:40:00,,,,,0
2026-09-07 06:50:00,,,,,0
2026-09-07 07:00:00,,,,,0
2026-09-07 07:10:00,,,,,0
2026-09-07 07:20:00,,,,,0
2026-09-07 07:30:00,,,,,0
2026-09-07 07:40:00,,,,,0
2026-09-07 07:50:00,,,,,0
2026-09-07 08:00:00,,,,,0
2026-09-07 08:10:00,,,,,0
2026-09-07 08:20:00,,,,,0
2026-09-07 08:30:00,,,,,0
2026-09-07 08:40:00,,,,,0
2026-09-07 08:50:00,,,,,0
2026-09-07 09:00:00,,,,,0
2026-09-07 09:10:00,,,,,0
2026-09-07 09:20:00,,,,,0
2026-09-07 09:30:00,,,,,0
2026-09-07 09:40:00,,,,,0
2026-09-07 09:50:00,,,,,0
2026-09-07 10:00:00,,,,,0
2026-09-07 10:10:00,,,,,0
2026-09-07 10:20:00,,,,,0
2026-09-07 10:30:00,,,,,0
2026-09-07 10:40:00,,,,,0
2026-09-07 10:50:00,,,,,0
2026-09-07 11:00:00,,,,,0
2026-09-07 11:10:00,,,,,0
2026-09-07 11:20:00,,,,,0
2026-09-07 11:30:00,,,,,0
2026-09-07 11:40:00,,,,,0
2026-09-07 11:50:00,,,,,0
2026-09-07 12:00:00,,,,,0
2026-09-07 12:10:00,,,,,0
2026-09-07 12:20:00,,,,,0
2026-09-07 12:30:00,,,,,0
2026-09-07 12:40:00,,,,,0
2026-09-07 12:50:00,,,,,0
2026-09-07 13:00:00,,,,,0
2026-09-07 13:10:00,,,,,0
2026-09-07 13:20:00,,,,,0
2026-09-07 13:30:00,,,,,0
2026-09-07 13:40:00,,,,,0
2026-09-07 13:50:00,,,,,0
2026-09-07 14:00:00,,,,,0
2026-09-07 14:10:00,,,,,0
2026-09-07 14:20:00,,,,,0
2026-09-07 14:30:00,,,,,0
2026-09-07 14:40:00,,,,,0
2026-09-07 14:50:00,,,,,0
2026-09-07 15:00:00,,,,,0
2026-09-07 15:10:00,,,,,0
2026-09-07 15:20:00,,,,,0
2026-09-07 15:30:00,,,,,0
2026-09-07 15:40:00,,,,,0
2026-09-07 15:50:00,,,,,0
2026-09-07 16:00:00,,,,,0
2026-09-07 16:10:00,,,,,0
2026-09-07 16:20:00,,,,,0
2026-09-07 16:30:00,,,,,0
2026-09-07 16:40:00,,,,,0
2026-09-07 16:50:00,,,,,0
2026-09-07 17:00:00,,,,,0
2026-09-07 17:10:00,,,,,0
2026-09-07 17:20:00,,,,,0
2026-09-07 17:30:00,,,,,0
2026-09-07 17:40:00,,,,,0
2026-09-07 17:50:00,,,,,0
2026-09-07 18:00:00,,,,,0
2026-09-07 18:10:00,,,,,0
2026-09-07 18:20:00,,,,,0
2026-09-07 18:30:00,,,,,0
2026-09-07 18:40:00,,,,,0
2026-09-07 18:50:00,,,,,0
2026-09-07 19:00:00,,,,,0
2026-09-07 19:10:00,,,,,0
2026-09-07 19:20:00,,,,,0
2026-09-07 19:30:00,,,,,0
2026-09-07 19:40:00,,,,,0
2026-09-07 19:50:00,,,,,0
2026-09-07 20:00:00,,,,,0
2026-09-07 20:10:00,,,,,0
2026-09-07 20:20:00,,,,,0
2026-09-07 20:30:00,,,,,0
2026-09-07 20:40:00,,,,,0
2026-09-07 20:50:00,,,,,0
2026-09-07 21:00:00,,,,,0
2026-09-07 21:10:00,,,,,0
2026-09-07 21:20:00,,,,,0
2026-09-07 21:30:00,,,,,0
2026-09-07 21:40:00,,,,,0
2026-09-07 21:50:00,,,,,0
2026-09-07 22:00:00,,,,,0
2026-09-07 22:10:00,,,,,0
2026-09-07 22:20:00,,,,,0
2026-09-07 22:30:00,,,,,0
2026-09-07 22:40:00,,,,,0
2026-09-07 22:50:00,,,,,0
2026-09-07 23:00:00,,,,,0
2026-09-07 23:10:00,,,,,0
2026-09-07 23:20:00,,,,,0
2026-09-07 23:30:00,,,,,0
2026-09-07 23:40:00,,,,,0
2026-09-07 23:50:00,,,,,0
2026-09-08 00:00:00,,,,,0
2026-09-08 00:10:00,,,,,0
2026-09-08 00:20:00,,,,,0
2026-09-08 00:30:00,,,,,0
2026-09-08 00:40:00,,,,,0
2026-09-08 00:50:00,,,,,0
2026-09-08 01:00:00,,,,,0
2026-09-08 01:10:00,,,,,0
2026-09-08 01:20:00,,,,,0
2026-09-08 01:30:00,,,,,0
2026-09-08 01:40:00,,,,,0
2026-09-08 01:50:00,,,,,0
2026-09-08 02:00:00,,,,,0
2026-09-08 02:10:00,,,,,0
2026-09-08 02:20:00,,,,,0
2026-09-08 02:30:00,,,,,0
2026-09-08 02:40:00,,,,,0
2026-09-08 02:50:00,,,,,0
2026-09-08 03:00:00,,,,,0
2026-09-08 03:10:00,,,,,0
2026-09-08 03:20:00,,,,,0
2026-09-08 03:30:00,,,,,0
2026-09-08 03:40:00,,,,,0
2026-09-08 03:50:00,,,,,0
2026-09-08 04:00:00,,,,,0
2026-09-08 04:10:00,,,,,0
2026-09-08 04:20:00,,,,,0
2026-09-08 04:30:00,,,,,0
2026-09-08 04:40:00,,,,,0
2026-09-08 04:50:00,,,,,0
2026-09-08 05:00:00,,,,,0
2026-09-08 05:10:00,,,,,0
2026-09-08 05:20:00,,,,,0
2026-09-08 05:30:00,,,,,0
2026-09-08 05:40:00,,,,,0
2026-09-08 05:50:00,,,,,0
2026-09-08 06:00:00,,,,,0
2026-09-08 06:10:00,,,,,0
2026-09-08 06:20:00,,,,,0
2026-09-08 06:30:00,,,,,0
2026-09-08 06:40:00,,,,,0
2026-09-08 06:50:00,,,,,0
2026-09-08 07:00:00,,,,,0
2026-09-08 07:10:00,,,,,0
2026-09-08 07:20:00,,,,,0
2026-09-08 07:30:00,,,,,0
2026-09-08 07:40:00,,,,,0
2026-09-08 07:50:00,,,,,0
2026-09-08 08:00:00,,,,,0
2026-09-08 08:10:00,,,,,0
2026-09-08 08:20:00,,,,,0
2026-09-08 08:30:00,,,,,0
2026-09-08 08:40:00,,,,,0
2026-09-08 08:50:00,,,,,0
2026-09-08 09:00:00,,,,,0
2026-09-08 09:10:00,,,,,0
2026-09-08 09:20:00,,,,,0
2026-09-08 09:30:00,4483.5,4488.7998046875,4483.2998046875,4486.10009765625,1157
2026-09-08 09:40:00,4486.10009765625,4488.2998046875,4483.60009765625,4484.2001953125,353
2026-09-08 09:50:00,4484.2001953125,4484.60009765625,4477.0,4477.89990234375,508
2026-09-08 10:00:00,4478.2998046875,4480.39990234375,4477.89990234375,4479.89990234375,294
2026-09-08 10:10:00,4480.0,4482.10009765625,4479.7998046875,4480.2001953125,259
2026-09-08 10:20:00,4480.2998046875,4485.5,4479.60009765625,4481.60009765625,331
2026-09-08 10:30:00,4481.7001953125,4483.39990234375,4475.60009765625,4476.39990234375,466
2026-09-08 10:40:00,4476.7001953125,4476.89990234375,4471.60009765625,4474.5,588
2026-09-08 10:50:00,4474.7001953125,4477.2001953125,4465.2998046875,4465.5,817
2026-09-08 11:00:00,4465.60009765625,4472.10009765625,4462.89990234375,4472.10009765625,1102
2026-09-08 11:10:00,4472.0,4473.89990234375,4468.2001953125,4470.10009765625,462
2026-09-08 11:20:00,4469.89990234375,4469.89990234375,4462.10009765625,4464.39990234375,725
2026-09-08 11:30:00,4464.39990234375,4465.10009765625,4455.89990234375,4458.39990234375,1104
2026-09-08 11:40:00,4457.89990234375,4458.0,4446.2001953125,4446.2998046875,1698
2026-09-08 11:50:00,4446.2001953125,4450.7998046875,4443.7001953125,4444.7998046875,1137
2026-09-08 12:00:00,4444.7998046875,4448.7998046875,4442.60009765625,4448.60009765625,1165
2026-09-08 12:10:00,4448.60009765625,4453.5,4448.60009765625,4452.7001953125,945
2026-09-08 12:20:00,4452.89990234375,4454.0,4448.0,4448.2998046875,681
2026-09-08 12:30:00,4448.60009765625,4454.0,4447.10009765625,4451.60009765625,695
2026-09-08 12:40:00,4451.7998046875,4452.39990234375,4445.7001953125,4448.39990234375,710
2026-09-08 12:50:00,4448.2998046875,4449.2001953125,4445.0,4446.5,640
2026-09-08 13:00:00,4446.60009765625,4450.2001953125,4436.39990234375,4438.10009765625,1361
2026-09-08 13:10:00,4438.5,4441.7998046875,4435.5,4438.5,977
2026-09-08 13:20:00,4437.7001953125,4438.5,4434.2998046875,4436.7001953125,1098
2026-09-08 13:30:00,4436.60009765625,4440.2001953125,4432.0,4432.2998046875,1084
2026-09-08 13:40:00,4432.60009765625,4438.2998046875,4432.5,4438.2001953125,663
2026-09-08 13:50:00,4437.89990234375,4440.89990234375,4434.0,4438.89990234375,626
2026-09-08 14:00:00,4439.0,4443.0,4437.2998046875,4440.0,799
2026-09-08 14:10:00,4439.60009765625,4442.60009765625,4435.5,4438.2001953125,1068
2026-09-08 14:20:00,4438.2998046875,4439.2998046875,4435.7998046875,4438.5,356
2026-09-08 14:30:00,4438.0,4442.39990234375,4435.5,4438.89990234375,445
2026-09-08 14:40:00,4439.60009765625,4443.60009765625,4439.60009765625,4441.0,450
2026-09-08 14:50:00,4440.7998046875,4441.2001953125,4436.7001953125,4437.2998046875,789
2026-09-08 15:00:00,4437.2001953125,4442.0,4435.0,4441.60009765625,878
2026-09-08 15:10:00,4441.7001953125,4448.0,4441.60009765625,4447.60009765625,1172
2026-09-08 15:20:00,4448.0,4450.10009765625,4447.0,4447.2001953125,779
2026-09-08 15:30:00,4447.2998046875,4447.2998046875,4440.39990234375,4440.89990234375,620
2026-09-08 15:40:00,4440.89990234375,4443.10009765625,4438.0,4442.5,593
2026-09-08 15:50:00,4442.5,4451.60009765625,4441.7001953125,4443.7998046875,1525
2026-09-08 16:00:00,4443.7001953125,4443.89990234375,4438.2998046875,4439.10009765625,442
2026-09-08 16:10:00,4439.10009765625,4444.89990234375,4438.2998046875,4443.10009765625,665
2026-09-08 16:20:00,4443.2001953125,4444.60009765625,4439.60009765625,4439.89990234375,591
2026-09-08 16:30:00,4440.2001953125,4444.2998046875,4437.5,4440.89990234375,843
2026-09-08 16:40:00,4440.7998046875,4446.10009765625,4435.5,4446.0,826
2026-09-08 16:50:00,4445.7998046875,4447.2001953125,4442.7998046875,4446.0,391
2026-09-08 17:00:00,4446.5,4452.39990234375,4445.0,4449.2998046875,890
2026-09-08 17:10:00,4449.7001953125,4451.2998046875,4443.39990234375,4444.5,601
2026-09-08 17:20:00,4444.2998046875,4451.60009765625,4442.2998046875,4450.89990234375,669
2026-09-08 17:30:00,4450.89990234375,4451.39990234375,4446.10009765625,4448.7001953125,859
2026-09-08 17:40:00,4447.89990234375,4448.39990234375,4429.5,4435.7998046875,4129
2026-09-08 17:50:00,4435.7001953125,4446.2001953125,4431.5,4446.2001953125,3116
2026-09-08 18:00:00,4446.2998046875,4452.7001953125,4442.60009765625,4445.39990234375,1736
2026-09-08 18:10:00,4445.7998046875,4446.89990234375,4439.7001953125,4446.7001953125,1079
2026-09-08 18:20:00,4446.60009765625,4456.2998046875,4444.89990234375,4456.10009765625,1704
2026-09-08 18:30:00,4456.2998046875,4457.89990234375,4446.60009765625,4449.2001953125,2493
2026-09-08 18:40:00,4448.39990234375,4455.5,4448.2998046875,4452.39990234375,773
2026-09-08 18:50:00,4452.2998046875,4453.2998046875,4443.5,4444.7998046875,982
2026-09-08 19:00:00,4444.89990234375,4450.2998046875,4440.39990234375,4444.89990234375,1775
2026-09-08 19:10:00,4444.2998046875,4447.5,4434.7001953125,4447.2998046875,2542
2026-09-08 19:20:00,4447.2998046875,4452.0,4440.10009765625,4440.2998046875,2435
2026-09-08 19:30:00,4440.2998046875,4447.7001953125,4439.2998046875,4444.0,1934
2026-09-08 19:40:00,4443.60009765625,4445.2998046875,4436.2001953125,4444.60009765625,1467
2026-09-08 19:50:00,4444.7998046875,4449.0,4440.60009765625,4441.5,1405
2026-09-08 20:00:00,4442.0,4446.0,4440.2001953125,4440.7998046875,1301
2026-09-08 20:10:00,4440.5,4444.10009765625,4436.89990234375,4438.39990234375,1995
2026-09-08 20:20:00,4438.2998046875,4443.5,4433.7001953125,4443.39990234375,2228
2026-09-08 20:30:00,4443.7998046875,4452.10009765625,4442.5,4448.7001953125,1963
2026-09-08 20:40:00,4448.7998046875,4454.5,4448.7998046875,4450.89990234375,1324
2026-09-08 20:50:00,4450.7001953125,4451.10009765625,4441.60009765625,4444.39990234375,2561
2026-09-08 21:00:00,4444.39990234375,4449.2998046875,4443.60009765625,4445.0,958
2026-09-08 21:10:00,4444.2998046875,4446.2001953125,4440.89990234375,4442.0,892
2026-09-08 21:20:00,4441.5,4445.7998046875,4439.7998046875,4439.7998046875,1029
2026-09-08 21:30:00,4440.0,4440.39990234375,4425.10009765625,4426.10009765625,2724
2026-09-08 21:40:00,4426.2001953125,4432.60009765625,4425.60009765625,4430.2998046875,2959
2026-09-08 21:50:00,4430.5,4440.5,4430.2001953125,4438.89990234375,1617
2026-09-08 22:00:00,4438.89990234375,4441.39990234375,4437.60009765625,4439.2998046875,827
2026-09-08 22:10:00,4439.5,4440.39990234375,4436.7001953125,4438.60009765625,722
2026-09-08 22:20:00,4438.7001953125,4443.39990234375,4434.89990234375,4438.2998046875,1963
2026-09-08 22:30:00,4438.39990234375,4448.60009765625,4438.39990234375,4442.7001953125,1690
2026-09-08 22:40:00,4443.0,4444.10009765625,4439.39990234375,4441.2998046875,647
2026-09-08 22:50:00,4441.39990234375,4441.39990234375,4436.7998046875,4438.89990234375,2293
2026-09-08 23:00:00,4438.89990234375,4439.7998046875,4433.89990234375,4433.89990234375,1025
2026-09-08 23:10:00,4433.89990234375,4434.0,4429.5,4431.39990234375,1222
2026-09-08 23:20:00,4431.89990234375,4434.7001953125,4431.39990234375,4434.2998046875,536
2026-09-08 23:30:00,4434.5,4434.7001953125,4429.2001953125,4429.2998046875,1100
2026-09-08 23:40:00,4429.2998046875,4432.10009765625,4428.39990234375,4430.10009765625,928
2026-09-08 23:50:00,4430.39990234375,4431.39990234375,4428.60009765625,4430.10009765625,829
2026-09-09 00:00:00,4430.10009765625,4430.10009765625,4425.7998046875,4428.7001953125,714
2026-09-09 00:10:00,4428.7998046875,4431.2998046875,4406.5,4408.10009765625,4601
2026-09-09 00:20:00,4407.89990234375,4422.60009765625,4402.39990234375,4420.10009765625,3722
2026-09-09 00:30:00,4420.2001953125,4421.7998046875,4413.89990234375,4416.2001953125,1431
2026-09-09 00:40:00,4416.0,4419.10009765625,4412.39990234375,4412.5,804
2026-09-09 00:50:00,4412.2998046875,4415.2998046875,4411.0,4413.60009765625,739
2026-09-09 01:00:00,4413.39990234375,4414.7998046875,4406.2998046875,4412.2998046875,1170
2026-09-09 01:10:00,4412.39990234375,4414.2001953125,4409.89990234375,4410.7001953125,676
2026-09-09 01:20:00,4411.2998046875,4411.2998046875,4401.10009765625,4404.5,2970
2026-09-09 01:30:00,4404.10009765625,4409.5,4400.7001953125,4403.0,1759
2026-09-09 01:40:00,4402.7998046875,4406.7001953125,4401.7998046875,4405.7998046875,507
2026-09-09 01:50:00,4405.89990234375,4406.0,4400.10009765625,4401.0,790
2026-09-09 02:00:00,4401.60009765625,4403.39990234375,4400.89990234375,4402.60009765625,277
2026-09-09 02:10:00,4402.39990234375,4403.10009765625,4381.0,4392.2998046875,997
2026-09-09 02:20:00,4392.5,4401.0,4392.5,4400.0,1074
2026-09-09 02:30:00,,,,,0
2026-09-09 02:40:00,,,,,0
2026-09-09 02:50:00,,,,,0
2026-09-09 03:00:00,,,,,0
2026-09-09 03:10:00,,,,,0
2026-09-09 03:20:00,,,,,0
2026-09-09 03:30:00,4399.0,4403.0,4396.60009765625,4398.0,206
2026-09-09 03:40:00,4398.10009765625,4401.39990234375,4397.60009765625,4399.5,387
2026-09-09 03:50:00,4399.39990234375,4399.39990234375,4396.7998046875,4398.2998046875,177
2026-09-09 04:00:00,4398.2998046875,4399.7001953125,4396.0,4396.10009765625,225
2026-09-09 04:10:00,4396.2998046875,4397.60009765625,4393.7001953125,4395.89990234375,397
2026-09-09 04:20:00,4395.89990234375,4397.7998046875,4395.89990234375,4397.39990234375,144
2026-09-09 04:30:00,4397.39990234375,4398.39990234375,4396.0,4397.5,286
2026-09-09 04:40:00,4397.39990234375,4397.39990234375,4395.0,4396.7001953125,268
2026-09-09 04:50:00,4396.2998046875,4401.2998046875,4396.10009765625,4401.0,441
2026-09-09 05:00:00,4401.10009765625,4403.39990234375,4400.2001953125,4400.5,326
2026-09-09 05:10:00,4400.60009765625,4402.7001953125,4396.5,4397.2998046875,395
2026-09-09 05:20:00,4397.39990234375,4397.39990234375,4392.39990234375,4393.10009765625,583
2026-09-09 05:30:00,4393.2998046875,4396.60009765625,4388.0,4392.60009765625,1171
2026-09-09 05:40:00,4392.60009765625,4396.2998046875,4388.10009765625,4391.60009765625,578
2026-09-09 05:50:00,4391.39990234375,4392.2001953125,4384.10009765625,4390.60009765625,725
2026-09-09 06:00:00,4390.2998046875,4393.10009765625,4387.5,4393.0,440
2026-09-09 06:10:00,4393.0,4400.5,4391.2001953125,4399.5,929
2026-09-09 06:20:00,4399.7998046875,4409.5,4398.7001953125,4408.7998046875,1078
2026-09-09 06:30:00,4408.60009765625,4411.2001953125,4397.7998046875,4411.2001953125,1659
2026-09-09 06:40:00,4411.0,4413.10009765625,4406.60009765625,4410.2001953125,1277
2026-09-09 06:50:00,4410.10009765625,4417.0,4408.89990234375,4415.7998046875,1084
2026-09-09 07:00:00,4415.7998046875,4421.7998046875,4414.60009765625,4418.7998046875,1322
2026-09-09 07:10:00,4418.89990234375,4422.0,4417.10009765625,4418.89990234375,735
2026-09-09 07:20:00,4419.2001953125,4419.89990234375,4414.60009765625,4417.7001953125,603
2026-09-09 07:30:00,4417.2998046875,4419.89990234375,4414.39990234375,4418.7001953125,372
2026-09-09 07:40:00,4418.7998046875,4420.89990234375,4416.2001953125,4418.39990234375,267
2026-09-09 07:50:00,4418.7001953125,4418.7998046875,4415.2998046875,4416.60009765625,184
2026-09-09 08:00:00,4416.60009765625,4417.60009765625,4411.0,4411.7001953125,601
2026-09-09 08:10:00,4412.2001953125,4422.39990234375,4412.2001953125,4420.7001953125,648
2026-09-09 08:20:00,4421.0,4428.39990234375,4420.10009765625,4426.0,790
2026-09-09 08:30:00,4426.2001953125,4426.60009765625,4421.7998046875,4422.39990234375,361
2026-09-09 08:40:00,4422.5,4424.2998046875,4419.2001953125,4420.89990234375,377
2026-09-09 08:50:00,4421.2998046875,4423.0,4419.2998046875,4422.10009765625,254
2026-09-09 09:00:00,4421.89990234375,4422.2001953125,4419.2001953125,4421.7998046875,141
2026-09-09 09:10:00,4422.0,4423.89990234375,4420.89990234375,4421.7001953125,147
2026-09-09 09:20:00,4421.89990234375,4422.7998046875,4419.7998046875,4420.39990234375,266
2026-09-09 09:30:00,4418.7001953125,4419.7001953125,4415.39990234375,4416.10009765625,360
2026-09-09 09:40:00,4415.7001953125,4418.0,4414.2001953125,4417.2998046875,246
2026-09-09 09:50:00,4417.2998046875,4424.2998046875,4416.39990234375,4423.7001953125,539
2026-09-09 10:00:00,4423.5,4423.7001953125,4421.60009765625,4422.10009765625,409
2026-09-09 10:10:00,4421.89990234375,4423.7998046875,4419.89990234375,4422.7001953125,225
2026-09-09 10:20:00,4422.7998046875,4426.2001953125,4421.2998046875,4425.2998046875,379
2026-09-09 10:30:00,4425.39990234375,4428.7998046875,4423.89990234375,4428.2001953125,1197
2026-09-09 10:40:00,4428.39990234375,4432.2998046875,4427.89990234375,4431.7998046875,1193
2026-09-09 10:50:00,4431.5,4431.89990234375,4426.7001953125,4428.7998046875,859
2026-09-09 11:00:00,4428.7001953125,4436.2001953125,4428.0,4435.89990234375,1114
2026-09-09 11:10:00,4435.7001953125,4440.7001953125,4435.10009765625,4439.2001953125,1016
2026-09-09 11:20:00,4439.2998046875,4444.60009765625,4439.2998046875,4442.2998046875,1891
2026-09-09 11:30:00,4442.39990234375,4448.7998046875,4441.7001953125,4443.89990234375,1646
2026-09-09 11:40:00,4443.7001953125,4446.7001953125,4442.0,4443.2998046875,827
2026-09-09 11:50:00,4443.10009765625,4444.0,4438.60009765625,4441.60009765625,1185
2026-09-09 12:00:00,4441.7001953125,4449.89990234375,4440.5,4448.7001953125,1894
2026-09-09 12:10:00,4448.7998046875,4448.7998046875,4442.39990234375,4444.89990234375,593
2026-09-09 12:20:00,4445.0,4445.39990234375,4443.2998046875,4444.7001953125,474
2026-09-09 12:30:00,4444.39990234375,4448.10009765625,4443.0,4447.2998046875,474
2026-09-09 12:40:00,4447.60009765625,4451.7001953125,4446.5,4447.5,1300
2026-09-09 12:50:00,4447.39990234375,4452.60009765625,4447.39990234375,4451.39990234375,732
2026-09-09 13:00:00,4451.5,4453.7998046875,4449.89990234375,4453.7001953125,587
2026-09-09 13:10:00,4453.60009765625,4456.2998046875,4451.7998046875,4455.2001953125,1180
2026-09-09 13:20:00,4455.10009765625,4455.10009765625,4451.89990234375,4452.89990234375,1716
2026-09-09 13:30:00,4452.7998046875,4455.39990234375,4450.2998046875,4450.2998046875,1277
2026-09-09 13:40:00,4450.7001953125,4450.89990234375,4445.7998046875,4447.60009765625,1143
2026-09-09 13:50:00,4447.2998046875,4447.2998046875,4442.60009765625,4443.7001953125,919
2026-09-09 14:00:00,4443.60009765625,4447.60009765625,4443.60009765625,4443.60009765625,434
2026-09-09 14:10:00,4443.60009765625,4446.2998046875,4442.7998046875,4444.2998046875,508
2026-09-09 14:20:00,4444.2001953125,4447.39990234375,4443.7001953125,4444.60009765625,589
2026-09-09 14:30:00,4444.7998046875,4446.2998046875,4443.5,4445.7998046875,487
2026-09-09 14:40:00,4445.7998046875,4445.7998046875,4441.5,4443.89990234375,547
2026-09-09 14:50:00,4444.0,4444.2998046875,4440.60009765625,4442.5,665
2026-09-09 15:00:00,4442.5,4443.0,4439.60009765625,4442.0,976
2026-09-09 15:10:00,4442.2998046875,4442.7001953125,4438.2998046875,4439.2998046875,651
2026-09-09 15:20:00,4439.2001953125,4439.2001953125,4432.5,4434.60009765625,1175
2026-09-09 15:30:00,4434.5,4437.10009765625,4430.0,4436.10009765625,989
2026-09-09 15:40:00,4436.2998046875,4438.2998046875,4432.7001953125,4438.0,995
2026-09-09 15:50:00,4437.89990234375,4439.7001953125,4436.7998046875,4438.2001953125,502
2026-09-09 16:00:00,4438.10009765625,4442.5,4437.0,4441.7998046875,641
2026-09-09 16:10:00,4441.7998046875,4443.60009765625,4437.7001953125,4442.2998046875,670
2026-09-09 16:20:00,4442.2001953125,4447.0,4441.7001953125,4442.89990234375,1281
2026-09-09 16:30:00,4443.2998046875,4447.7998046875,4443.2001953125,4447.60009765625,578
2026-09-09 16:40:00,4447.60009765625,4448.39990234375,4445.0,4447.7001953125,663
2026-09-09 16:50:00,4447.7001953125,4453.2001953125,4446.0,4452.0,984
2026-09-09 17:00:00,4452.2998046875,4452.39990234375,4447.39990234375,4448.89990234375,1030
2026-09-09 17:10:00,4449.0,4459.39990234375,4447.7001953125,4458.39990234375,1815
2026-09-09 17:20:00,4458.39990234375,4459.89990234375,4450.2001953125,4451.60009765625,1542
2026-09-09 17:30:00,4451.5,4453.60009765625,4445.0,4447.60009765625,1043
2026-09-09 17:40:00,4447.7001953125,4449.0,4440.2998046875,4440.7998046875,1080
2026-09-09 17:50:00,4440.7998046875,4444.7001953125,4438.10009765625,4438.5,1615
2026-09-09 18:00:00,4438.0,4442.0,4435.2001953125,4435.39990234375,1611
2026-09-09 18:10:00,4435.60009765625,4444.0,4435.2001953125,4441.5,1448
2026-09-09 18:20:00,4441.5,4447.0,4440.39990234375,4444.39990234375,1013
2026-09-09 18:30:00,4444.2001953125,4454.89990234375,4442.7998046875,4454.2001953125,2066
2026-09-09 18:40:00,4454.2998046875,4462.60009765625,4454.0,4461.5,2286
2026-09-09 18:50:00,4461.60009765625,4475.10009765625,4458.89990234375,4474.2998046875,4518
2026-09-09 19:00:00,4474.10009765625,4479.0,4464.2998046875,4465.7998046875,4524
2026-09-09 19:10:00,4466.0,4466.5,4456.7001953125,4465.7001953125,3074
2026-09-09 19:20:00,4465.60009765625,4468.2001953125,4454.7001953125,4459.2998046875,2642
2026-09-09 19:30:00,4459.2001953125,4473.0,4458.60009765625,4466.39990234375,3117
2026-09-09 19:40:00,4466.39990234375,4467.89990234375,4457.89990234375,4461.0,1985
2026-09-09 19:50:00,4461.10009765625,4470.2001953125,4453.60009765625,4470.0,2609
2026-09-09 20:00:00,4470.2001953125,4471.39990234375,4464.7001953125,4470.7001953125,2048
2026-09-09 20:10:00,4470.10009765625,4471.10009765625,4462.39990234375,4465.60009765625,1179
2026-09-09 20:20:00,4464.89990234375,4468.10009765625,4459.2001953125,4463.2001953125,1824
2026-09-09 20:30:00,4463.39990234375,4477.0,4424.60009765625,4436.0,14574
2026-09-09 20:40:00,4435.39990234375,4438.0,4423.89990234375,4429.10009765625,5527
2026-09-09 20:50:00,4429.2001953125,4439.89990234375,4419.2998046875,4438.7001953125,4740
2026-09-09 21:00:00,4439.10009765625,4451.89990234375,4436.7998046875,4450.5,4248
2026-09-09 21:10:00,4450.7998046875,4451.60009765625,4443.2001953125,4446.60009765625,1147
2026-09-09 21:20:00,4446.5,4451.5,4442.2998046875,4442.7001953125,1233
2026-09-09 21:30:00,4442.89990234375,4447.2998046875,4439.2001953125,4440.2998046875,1539
2026-09-09 21:40:00,4440.2001953125,4443.2001953125,4435.7998046875,4437.7001953125,1421
2026-09-09 21:50:00,4438.0,4447.0,4437.7998046875,4446.2001953125,1027
2026-09-09 22:00:00,4446.0,4449.0,4443.2998046875,4448.7998046875,901
2026-09-09 22:10:00,4448.7998046875,4454.10009765625,4448.10009765625,4452.10009765625,1462
2026-09-09 22:20:00,4452.10009765625,4455.39990234375,4450.39990234375,4454.39990234375,825
2026-09-09 22:30:00,4454.5,4465.2998046875,4453.7998046875,4463.7998046875,2500
2026-09-09 22:40:00,4463.2001953125,4464.2998046875,4460.10009765625,4461.2998046875,1328
2026-09-09 22:50:00,4461.39990234375,4465.60009765625,4459.5,4459.7998046875,1761
2026-09-09 23:00:00,4460.0,4460.2001953125,4456.7998046875,4458.10009765625,1091
2026-09-09 23:10:00,4458.5,4462.2001953125,4458.39990234375,4458.7998046875,729
2026-09-09 23:20:00,4459.0,4462.10009765625,4458.7001953125,4461.2001953125,620
2026-09-09 23:30:00,4461.39990234375,4464.2998046875,4461.10009765625,4463.39990234375,888
2026-09-09 23:40:00,4463.5,4466.7001953125,4462.89990234375,4464.39990234375,1038
2026-09-09 23:50:00,4464.2001953125,4464.7998046875,4461.89990234375,4463.10009765625,665
2026-09-10 00:00:00,4463.2998046875,4463.5,4458.7001953125,4460.10009765625,1451
2026-09-10 00:10:00,4460.2998046875,4461.7998046875,4451.5,4451.7998046875,726
2026-09-10 00:20:00,4451.7998046875,4453.0,4446.5,4448.2001953125,1037
2026-09-10 00:30:00,4448.2001953125,4449.2998046875,4442.0,4444.7998046875,1011
2026-09-10 00:40:00,4444.7998046875,4447.7001953125,4442.7001953125,4447.5,851
2026-09-10 00:50:00,4447.2998046875,4450.39990234375,4445.10009765625,4445.10009765625,550
2026-09-10 01:00:00,4445.10009765625,4446.5,4441.10009765625,4442.89990234375,446
2026-09-10 01:10:00,4442.7998046875,4446.89990234375,4441.89990234375,4445.60009765625,705
2026-09-10 01:20:00,4445.5,4446.2001953125,4441.60009765625,4444.39990234375,620
2026-09-10 01:30:00,4444.2001953125,4444.60009765625,4441.60009765625,4442.39990234375,319
2026-09-10 01:40:00,4442.39990234375,4443.7001953125,4439.60009765625,4439.7001953125,480
2026-09-10 01:50:00,4439.60009765625,4441.60009765625,4438.89990234375,4440.39990234375,192
2026-09-10 02:00:00,4440.2998046875,4446.39990234375,4440.2001953125,4445.0,323
2026-09-10 02:10:00,4444.89990234375,4446.60009765625,4444.39990234375,4445.60009765625,305
2026-09-10 02:20:00,4445.7001953125,4448.10009765625,4445.10009765625,4447.2001953125,237
2026-09-10 02:30:00,,,,,0
2026-09-10 02:40:00,,,,,0
2026-09-10 02:50:00,,,,,0
2026-09-10 03:00:00,,,,,0
2026-09-10 03:10:00,,,,,0
2026-09-10 03:20:00,,,,,0
2026-09-10 03:30:00,4448.0,4450.2998046875,4447.10009765625,4449.10009765625,71
2026-09-10 03:40:00,4448.5,4450.39990234375,4446.2001953125,4447.2001953125,401
2026-09-10 03:50:00,4447.10009765625,4447.2998046875,4444.39990234375,4446.7001953125,389
2026-09-10 04:00:00,4446.7001953125,4448.2998046875,4444.10009765625,4444.7998046875,661
2026-09-10 04:10:00,4444.7998046875,4447.39990234375,4442.2001953125,4444.2001953125,815
2026-09-10 04:20:00,4444.2001953125,4445.5,4442.0,4443.89990234375,361
2026-09-10 04:30:00,4444.0,4447.5,4442.2001953125,4444.0,1006
2026-09-10 04:40:00,4444.2998046875,4446.5,4442.0,4444.10009765625,774
2026-09-10 04:50:00,4443.7998046875,4445.7001953125,4439.60009765625,4441.2001953125,933
2026-09-10 05:00:00,4441.2001953125,4443.0,4437.0,4437.89990234375,591
2026-09-10 05:10:00,4437.7001953125,4438.89990234375,4437.0,4437.7998046875,258
2026-09-10 05:20:00,4437.10009765625,4438.60009765625,4436.7001953125,4437.5,162
2026-09-10 05:30:00,4437.7001953125,4438.2001953125,4433.2001953125,4437.39990234375,617
2026-09-10 05:40:00,4437.39990234375,4442.2998046875,4436.7998046875,4439.89990234375,393
2026-09-10 05:50:00,4440.7998046875,4441.60009765625,4436.0,4436.60009765625,340
2026-09-10 06:00:00,4436.2998046875,4442.2001953125,4434.89990234375,4442.0,448
2026-09-10 06:10:00,4442.10009765625,4445.0,4439.89990234375,4443.39990234375,609
2026-09-10 06:20:00,4443.60009765625,4448.39990234375,4441.5,4444.5,584
2026-09-10 06:30:00,4444.2998046875,4462.2001953125,4443.5,4461.10009765625,1486
2026-09-10 06:40:00,4461.5,4462.5,4455.0,4458.60009765625,1034
2026-09-10 06:50:00,4458.39990234375,4459.7998046875,4453.5,4453.5,621
2026-09-10 07:00:00,4453.7001953125,4454.10009765625,4448.5,4450.2001953125,666
2026-09-10 07:10:00,4451.2998046875,4457.7001953125,4450.89990234375,4456.39990234375,405
2026-09-10 07:20:00,4456.2001953125,4457.2998046875,4451.10009765625,4455.2001953125,551
2026-09-10 07:30:00,4455.2001953125,4462.2001953125,4454.89990234375,4459.89990234375,1100
2026-09-10 07:40:00,4460.2998046875,4460.7998046875,4451.2998046875,4452.7001953125,901
2026-09-10 07:50:00,4452.7998046875,4460.89990234375,4452.0,4460.2998046875,790
2026-09-10 08:00:00,4460.5,4463.7998046875,4454.2998046875,4461.7001953125,1077
2026-09-10 08:10:00,4461.89990234375,4464.39990234375,4460.0,4461.0,479
2026-09-10 08:20:00,4461.2998046875,4464.2001953125,4459.60009765625,4462.7001953125,293
2026-09-10 08:30:00,4462.7001953125,4464.5,4454.7998046875,4456.60009765625,794
2026-09-10 08:40:00,4456.7001953125,4459.89990234375,4455.39990234375,4457.89990234375,353
2026-09-10 08:50:00,4458.0,4458.10009765625,4452.5,4453.2998046875,281
2026-09-10 09:00:00,4453.10009765625,4455.7001953125,4451.10009765625,4451.7998046875,195
2026-09-10 09:10:00,4451.5,4453.2001953125,4450.10009765625,4452.2998046875,313
2026-09-10 09:20:00,4451.89990234375,4452.5,4449.89990234375,4451.89990234375,152
2026-09-10 09:30:00,4452.39990234375,4457.2001953125,4452.10009765625,4455.89990234375,322
2026-09-10 09:40:00,4456.10009765625,4458.39990234375,4455.7998046875,4457.2001953125,247
2026-09-10 09:50:00,4457.7998046875,4458.39990234375,4453.89990234375,4454.60009765625,289
2026-09-10 10:00:00,4455.2998046875,4456.7001953125,4450.7001953125,4451.2001953125,294
2026-09-10 10:10:00,4451.0,4452.2998046875,4448.39990234375,4452.2998046875,307
2026-09-10 10:20:00,4452.5,4454.60009765625,4449.60009765625,4451.39990234375,222
2026-09-10 10:30:00,4451.2001953125,4457.7001953125,4451.10009765625,4457.39990234375,441
2026-09-10 10:40:00,4457.7998046875,4463.10009765625,4457.60009765625,4461.60009765625,601
2026-09-10 10:50:00,4461.5,4463.7998046875,4460.10009765625,4463.60009765625,280
2026-09-10 11:00:00,4463.89990234375,4470.89990234375,4460.5,4466.2998046875,1608
2026-09-10 11:10:00,4466.39990234375,4473.89990234375,4466.2001953125,4469.60009765625,1175
2026-09-10 11:20:00,4469.60009765625,4475.10009765625,4467.39990234375,4475.0,1501
2026-09-10 11:30:00,4475.10009765625,4479.89990234375,4466.2001953125,4466.2998046875,2029
2026-09-10 11:40:00,4466.10009765625,4467.0,4456.5,4458.2001953125,1391
2026-09-10 11:50:00,4458.2998046875,4460.89990234375,4454.39990234375,4460.7998046875,1578
2026-09-10 12:00:00,4460.7001953125,4462.2001953125,4456.2001953125,4461.7001953125,951
2026-09-10 12:10:00,4461.89990234375,4472.2998046875,4461.89990234375,4468.10009765625,1909
2026-09-10 12:20:00,4468.0,4472.5,4467.2998046875,4469.2998046875,1795
2026-09-10 12:30:00,4469.0,4469.5,4457.7998046875,4459.0,2017
2026-09-10 12:40:00,4458.7001953125,4461.2998046875,4455.39990234375,4456.10009765625,885
2026-09-10 12:50:00,4456.2001953125,4456.89990234375,4451.7001953125,4451.7998046875,830
2026-09-10 13:00:00,4452.10009765625,4454.39990234375,4447.5,4449.60009765625,1498
2026-09-10 13:10:00,4449.2001953125,4456.2998046875,4448.39990234375,4454.7998046875,1388
2026-09-10 13:20:00,4454.60009765625,4458.7001953125,4454.2001953125,4454.89990234375,984
2026-09-10 13:30:00,4454.7001953125,4455.7001953125,4450.0,4452.10009765625,762
2026-09-10 13:40:00,4452.0,4453.0,4447.60009765625,4449.5,428
2026-09-10 13:50:00,4449.0,4450.7998046875,4447.0,4449.10009765625,796
2026-09-10 14:00:00,4448.7001953125,4449.2001953125,4441.60009765625,4443.10009765625,951
2026-09-10 14:10:00,4442.60009765625,4443.39990234375,4435.0,4435.7001953125,2207
2026-09-10 14:20:00,4436.0,4441.2001953125,4435.60009765625,4437.7998046875,1053
2026-09-10 14:30:00,4437.7998046875,4439.5,4432.2998046875,4434.2998046875,1032
2026-09-10 14:40:00,4434.5,4439.5,4434.39990234375,4438.2998046875,738
2026-09-10 14:50:00,4438.2001953125,4438.7001953125,4434.2998046875,4435.5,494
2026-09-10 15:00:00,4435.2001953125,4435.7998046875,4432.0,4433.5,793
2026-09-10 15:10:00,4433.39990234375,4438.60009765625,4431.0,4437.7001953125,737
2026-09-10 15:20:00,4436.7998046875,4438.5,4436.0,4437.0,280
2026-09-10 15:30:00,4436.89990234375,4442.7998046875,4434.2001953125,4435.7001953125,1405
2026-09-10 15:40:00,4435.2998046875,4442.7998046875,4432.2001953125,4441.10009765625,891
2026-09-10 15:50:00,4441.2001953125,4441.7998046875,4436.2001953125,4436.7001953125,355
2026-09-10 16:00:00,4437.0,4437.5,4420.2001953125,4428.0,2680
2026-09-10 16:10:00,4427.89990234375,4429.10009765625,4422.60009765625,4425.2001953125,863
2026-09-10 16:20:00,4425.2998046875,4430.2998046875,4417.0,4421.39990234375,2693
2026-09-10 16:30:00,4421.10009765625,4426.89990234375,4421.0,4421.89990234375,934
2026-09-10 16:40:00,4421.60009765625,4428.10009765625,4417.39990234375,4425.10009765625,1450
2026-09-10 16:50:00,4425.39990234375,4431.2001953125,4421.89990234375,4428.0,759
2026-09-10 17:00:00,4427.89990234375,4431.89990234375,4426.7998046875,4431.7998046875,766
2026-09-10 17:10:00,4431.7001953125,4433.10009765625,4422.5,4423.7998046875,738
2026-09-10 17:20:00,4424.2001953125,4425.0,4415.10009765625,4416.7001953125,1259
2026-09-10 17:30:00,4416.7998046875,4419.2001953125,4411.7001953125,4414.2998046875,2654
2026-09-10 17:40:00,4414.10009765625,4419.89990234375,4408.60009765625,4414.10009765625,2387
2026-09-10 17:50:00,4414.0,4415.60009765625,4403.60009765625,4406.2998046875,2555
2026-09-10 18:00:00,4406.89990234375,4415.39990234375,4365.39990234375,4368.39990234375,11555
2026-09-10 18:10:00,4368.60009765625,4391.39990234375,4365.5,4391.2998046875,8220
2026-09-10 18:20:00,4391.0,4396.7998046875,4378.0,4381.7998046875,4484
2026-09-10 18:30:00,4382.10009765625,4397.39990234375,4380.39990234375,4389.2001953125,4427
2026-09-10 18:40:00,4389.39990234375,4393.2001953125,4383.0,4391.0,2540
2026-09-10 18:50:00,4391.7001953125,4399.7998046875,4386.7001953125,4399.60009765625,2453
2026-09-10 19:00:00,4399.7001953125,4413.7998046875,4394.10009765625,4411.7001953125,5391
2026-09-10 19:10:00,4411.39990234375,4418.10009765625,4405.60009765625,4413.7001953125,4898
2026-09-10 19:20:00,4413.89990234375,4416.7998046875,4404.39990234375,4408.5,4272
2026-09-10 19:30:00,4408.2998046875,4417.7998046875,4403.7001953125,4407.0,3271
2026-09-10 19:40:00,4406.39990234375,4409.89990234375,4396.5,4405.0,3054
2026-09-10 19:50:00,4404.7998046875,4419.10009765625,4401.7998046875,4405.89990234375,4731
2026-09-10 20:00:00,4406.0,4412.7998046875,4402.89990234375,4405.39990234375,2251
2026-09-10 20:10:00,4405.7998046875,4412.5,4396.39990234375,4400.10009765625,2913
2026-09-10 20:20:00,4400.10009765625,4404.10009765625,4396.39990234375,4400.10009765625,1294
2026-09-10 20:30:00,4400.39990234375,4400.89990234375,4394.60009765625,4397.7001953125,1648
2026-09-10 20:40:00,4397.60009765625,4407.0,4397.60009765625,4405.10009765625,1771
2026-09-10 20:50:00,4405.60009765625,4409.7001953125,4403.2001953125,4407.2998046875,1233
2026-09-10 21:00:00,4407.39990234375,4414.10009765625,4404.2998046875,4410.39990234375,1601
2026-09-10 21:10:00,4410.2998046875,4410.7001953125,4402.7001953125,4409.0,1225
2026-09-10 21:20:00,4409.10009765625,4412.2998046875,4405.89990234375,4407.7998046875,893
2026-09-10 21:30:00,4408.10009765625,4412.0,4401.5,4401.89990234375,1505
2026-09-10 21:40:00,4401.89990234375,4403.10009765625,4395.5,4401.10009765625,1620
2026-09-10 21:50:00,4401.7001953125,4405.7001953125,4400.7998046875,4405.10009765625,857
2026-09-10 22:00:00,4404.5,4407.5,4397.89990234375,4402.2998046875,2303
2026-09-10 22:10:00,4402.39990234375,4405.2998046875,4398.2998046875,4402.2001953125,1335
2026-09-10 22:20:00,4402.39990234375,4406.39990234375,4401.60009765625,4406.39990234375,965
2026-09-10 22:30:00,4406.2001953125,4410.5,4401.60009765625,4403.60009765625,1802
2026-09-10 22:40:00,4404.2998046875,4408.39990234375,4403.2001953125,4406.10009765625,962
2026-09-10 22:50:00,4406.2001953125,4409.0,4404.60009765625,4408.0,1941
2026-09-10 23:00:00,4407.89990234375,4408.39990234375,4399.89990234375,4400.5,1232
2026-09-10 23:10:00,4400.2001953125,4401.89990234375,4397.10009765625,4399.39990234375,958
2026-09-10 23:20:00,4399.5,4401.89990234375,4392.7001953125,4394.2001953125,1211
2026-09-10 23:30:00,4394.39990234375,4397.7998046875,4383.39990234375,4384.7998046875,2761
2026-09-10 23:40:00,4384.60009765625,4386.5,4379.5,4383.89990234375,1839
2026-09-10 23:50:00,4383.89990234375,4387.89990234375,4378.7998046875,4380.7001953125,1567
2026-09-11 00:00:00,4380.60009765625,4380.60009765625,4373.60009765625,4375.7998046875,1688
2026-09-11 00:10:00,4375.39990234375,4377.10009765625,4371.60009765625,4373.5,1651
2026-09-11 00:20:00,4373.0,4380.10009765625,4371.2998046875,4374.39990234375,2430
2026-09-11 00:30:00,4374.0,4374.0,4354.7001953125,4365.5,5214
2026-09-11 00:40:00,4365.39990234375,4365.89990234375,4360.5,4362.10009765625,1003
2026-09-11 00:50:00,4362.2001953125,4372.10009765625,4362.10009765625,4368.7998046875,1731
2026-09-11 01:00:00,4368.7001953125,4371.0,4365.39990234375,4368.0,1074
2026-09-11 01:10:00,4368.10009765625,4369.0,4362.10009765625,4364.2001953125,839
2026-09-11 01:20:00,4364.10009765625,4366.0,4361.2998046875,4365.7001953125,968
2026-09-11 01:30:00,4365.5,4365.7001953125,4361.10009765625,4364.39990234375,586
2026-09-11 01:40:00,4364.5,4365.5,4363.0,4363.0,245
2026-09-11 01:50:00,4362.7998046875,4362.7998046875,4357.60009765625,4359.7998046875,700
2026-09-11 02:00:00,4359.7001953125,4359.7998046875,4357.10009765625,4358.2001953125,459
2026-09-11 02:10:00,4358.2001953125,4360.2001953125,4356.60009765625,4356.7001953125,302
2026-09-11 02:20:00,4356.89990234375,4360.60009765625,4355.89990234375,4358.5,359
2026-09-11 02:30:00,,,,,0
2026-09-11 02:40:00,,,,,0
2026-09-11 02:50:00,,,,,0
2026-09-11 03:00:00,,,,,0
2026-09-11 03:10:00,,,,,0
2026-09-11 03:20:00,,,,,0
2026-09-11 03:30:00,4359.39990234375,4365.7998046875,4357.89990234375,4363.2001953125,160
2026-09-11 03:40:00,4363.2001953125,4363.60009765625,4360.10009765625,4360.2001953125,149
2026-09-11 03:50:00,4360.2001953125,4361.89990234375,4359.2998046875,4360.2001953125,246
2026-09-11 04:00:00,4360.39990234375,4360.7998046875,4355.89990234375,4356.60009765625,446
2026-09-11 04:10:00,4356.2001953125,4358.89990234375,4354.0,4358.39990234375,462
2026-09-11 04:20:00,4358.7001953125,4359.7001953125,4357.7998046875,4358.7998046875,236
2026-09-11 04:30:00,4358.7001953125,4360.39990234375,4357.5,4358.7001953125,310
2026-09-11 04:40:00,4359.0,4360.60009765625,4356.89990234375,4360.0,240
2026-09-11 04:50:00,4360.2998046875,4361.0,4358.0,4358.7001953125,141
2026-09-11 05:00:00,4358.5,4360.89990234375,4354.89990234375,4356.2001953125,260
2026-09-11 05:10:00,4356.10009765625,4358.60009765625,4354.39990234375,4355.5,357
2026-09-11 05:20:00,4355.7001953125,4356.7998046875,4351.2998046875,4354.5,442
2026-09-11 05:30:00,4355.5,4364.39990234375,4353.2001953125,4359.10009765625,712
2026-09-11 05:40:00,4358.89990234375,4361.7998046875,4355.2998046875,4360.2998046875,329
2026-09-11 05:50:00,4360.7998046875,4364.7998046875,4357.7998046875,4364.2001953125,371
2026-09-11 06:00:00,4364.2001953125,4366.2998046875,4359.7001953125,4365.89990234375,588
2026-09-11 06:10:00,4365.39990234375,4374.10009765625,4361.2998046875,4373.2001953125,917
2026-09-11 06:20:00,4372.7998046875,4373.89990234375,4370.10009765625,4372.2001953125,517
2026-09-11 06:30:00,4372.2998046875,4380.7001953125,4368.2001953125,4377.7998046875,1617
2026-09-11 06:40:00,4378.5,4379.39990234375,4371.2998046875,4372.10009765625,1063
2026-09-11 06:50:00,4372.10009765625,4372.39990234375,4361.0,4368.7998046875,1437
2026-09-11 07:00:00,4368.2998046875,4375.10009765625,4368.2998046875,4369.5,979
2026-09-11 07:10:00,4369.7998046875,4369.89990234375,4362.60009765625,4369.10009765625,1039
2026-09-11 07:20:00,4368.7998046875,4370.10009765625,4363.89990234375,4369.10009765625,581
2026-09-11 07:30:00,4369.5,4373.60009765625,4367.7998046875,4369.7998046875,943
2026-09-11 07:40:00,4369.2998046875,4374.5,4368.89990234375,4373.60009765625,503
2026-09-11 07:50:00,4373.60009765625,4373.89990234375,4363.7001953125,4365.2998046875,373
2026-09-11 08:00:00,4365.0,4366.39990234375,4356.7998046875,4361.7998046875,1139
2026-09-11 08:10:00,4362.2001953125,4365.39990234375,4356.2001953125,4364.0,1254
2026-09-11 08:20:00,4363.89990234375,4367.2001953125,4361.2998046875,4363.2001953125,637
2026-09-11 08:30:00,4362.7001953125,4366.7998046875,4355.2001953125,4358.2998046875,714
2026-09-11 08:40:00,4358.2001953125,4362.0,4354.5,4355.0,892
2026-09-11 08:50:00,4355.10009765625,4356.2998046875,4344.39990234375,4350.10009765625,1611
2026-09-11 09:00:00,4350.10009765625,4351.7998046875,4346.7001953125,4349.5,649
2026-09-11 09:10:00,4349.2998046875,4353.2001953125,4342.7001953125,4343.5,817
2026-09-11 09:20:00,4343.7998046875,4347.7001953125,4341.39990234375,4345.0,1142
2026-09-11 09:30:00,4344.2001953125,4359.0,4342.39990234375,4358.7001953125,1140
2026-09-11 09:40:00,4358.7001953125,4365.60009765625,4358.60009765625,4361.39990234375,1422
2026-09-11 09:50:00,4361.39990234375,4369.7998046875,4361.2998046875,4369.10009765625,593
2026-09-11 10:00:00,4369.2001953125,4370.89990234375,4366.0,4368.5,618
2026-09-11 10:10:00,4368.2998046875,4373.10009765625,4367.7001953125,4370.89990234375,1054
2026-09-11 10:20:00,4371.0,4375.60009765625,4370.89990234375,4372.10009765625,693
2026-09-11 10:30:00,4372.39990234375,4375.89990234375,4368.89990234375,4375.39990234375,786
2026-09-11 10:40:00,4375.39990234375,4379.89990234375,4373.0,4378.7998046875,640
2026-09-11 10:50:00,4378.7998046875,4379.89990234375,4373.89990234375,4375.5,326
2026-09-11 11:00:00,4375.7001953125,4381.5,4374.10009765625,4379.2998046875,1220
2026-09-11 11:10:00,4378.89990234375,4387.39990234375,4374.7001953125,4385.5,1115
2026-09-11 11:20:00,4385.0,4392.5,4383.39990234375,4386.60009765625,1010
2026-09-11 11:30:00,4386.7998046875,4400.0,4386.2998046875,4396.39990234375,1748
2026-09-11 11:40:00,4396.7001953125,4402.0,4395.10009765625,4399.60009765625,944
2026-09-11 11:50:00,4399.7998046875,4399.7998046875,4392.0,4392.89990234375,944
2026-09-11 12:00:00,4392.2998046875,4393.7998046875,4387.89990234375,4393.0,1012
2026-09-11 12:10:00,4393.2998046875,4396.10009765625,4390.2001953125,4393.0,886
2026-09-11 12:20:00,4392.0,4394.89990234375,4390.5,4394.7998046875,400
2026-09-11 12:30:00,4394.2001953125,4397.2998046875,4390.89990234375,4391.7001953125,710
2026-09-11 12:40:00,4392.0,4396.5,4391.2998046875,4391.89990234375,493
2026-09-11 12:50:00,4392.0,4393.2998046875,4387.2998046875,4387.2998046875,506
2026-09-11 13:00:00,4387.5,4388.7001953125,4384.39990234375,4385.0,517
2026-09-11 13:10:00,4385.10009765625,4387.7001953125,4383.2998046875,4383.7001953125,593
2026-09-11 13:20:00,4383.39990234375,4386.2998046875,4381.7001953125,4386.10009765625,401
2026-09-11 13:30:00,4386.2998046875,4390.2998046875,4383.89990234375,4386.39990234375,921
2026-09-11 13:40:00,4386.7001953125,4391.7998046875,4383.0,4388.2998046875,874
2026-09-11 13:50:00,4388.2998046875,4399.2998046875,4384.7001953125,4393.2001953125,1669
2026-09-11 14:00:00,4393.0,4397.5,4392.2998046875,4395.39990234375,668
2026-09-11 14:10:00,4395.7998046875,4398.2001953125,4393.60009765625,4394.60009765625,719
2026-09-11 14:20:00,4394.2998046875,4394.7001953125,4387.39990234375,4388.7001953125,884
2026-09-11 14:30:00,4388.89990234375,4395.39990234375,4386.2001953125,4386.60009765625,439
2026-09-11 14:40:00,4386.7001953125,4387.60009765625,4383.2001953125,4387.0,576
2026-09-11 14:50:00,4386.7998046875,4388.0,4385.10009765625,4385.60009765625,573
2026-09-11 15:00:00,4386.0,4386.7001953125,4383.10009765625,4383.89990234375,832
2026-09-11 15:10:00,4384.2001953125,4385.7998046875,4382.5,4385.39990234375,288
2026-09-11 15:20:00,4385.2998046875,4389.7998046875,4384.7001953125,4388.2001953125,614
2026-09-11 15:30:00,4388.2998046875,4391.89990234375,4382.7001953125,4387.39990234375,1456
2026-09-11 15:40:00,4387.7998046875,4392.0,4385.2998046875,4391.5,768
2026-09-11 15:50:00,4391.2998046875,4391.89990234375,4387.7998046875,4391.5,579
2026-09-11 16:00:00,4391.5,4391.89990234375,4386.2998046875,4388.7001953125,350
2026-09-11 16:10:00,4388.60009765625,4388.7998046875,4383.5,4383.5,649
2026-09-11 16:20:00,4383.7998046875,4384.39990234375,4378.5,4379.39990234375,829
2026-09-11 16:30:00,4379.2998046875,4384.60009765625,4378.7998046875,4379.2001953125,845
2026-09-11 16:40:00,4379.0,4381.10009765625,4376.5,4380.2998046875,762
2026-09-11 16:50:00,4380.5,4383.89990234375,4378.10009765625,4378.2001953125,729
2026-09-11 17:00:00,4378.60009765625,4379.2998046875,4372.2001953125,4374.60009765625,876
2026-09-11 17:10:00,4374.7001953125,4378.2998046875,4372.10009765625,4377.60009765625,938
2026-09-11 17:20:00,4376.7001953125,4377.5,4372.7001953125,4375.0,662
2026-09-11 17:30:00,4375.2998046875,4376.60009765625,4368.10009765625,4369.10009765625,1127
2026-09-11 17:40:00,4369.60009765625,4375.89990234375,4366.10009765625,4373.10009765625,1853
2026-09-11 17:50:00,4373.0,4385.5,4370.2001953125,4382.10009765625,1917
2026-09-11 18:00:00,4383.39990234375,4399.60009765625,4333.0,4391.5,14437
2026-09-11 18:10:00,4391.2001953125,4409.5,4390.5,4403.5,10318
2026-09-11 18:20:00,4403.0,4432.60009765625,4401.60009765625,4430.2998046875,7461
2026-09-11 18:30:00,4430.5,4436.39990234375,4423.5,4424.7998046875,7086
2026-09-11 18:40:00,4424.5,4433.5,4422.60009765625,4428.0,3993
2026-09-11 18:50:00,4428.7001953125,4440.39990234375,4421.89990234375,4431.60009765625,4268
2026-09-11 19:00:00,4432.2998046875,4442.39990234375,4423.2998046875,4432.2998046875,4853
2026-09-11 19:10:00,4432.2001953125,4442.7998046875,4429.10009765625,4434.60009765625,3360
2026-09-11 19:20:00,4434.7998046875,4444.89990234375,4429.10009765625,4443.89990234375,2386
2026-09-11 19:30:00,4443.7001953125,4444.89990234375,4423.7998046875,4429.60009765625,4289
2026-09-11 19:40:00,4429.7001953125,4430.39990234375,4418.0,4424.7998046875,2524
2026-09-11 19:50:00,4425.0,4427.7001953125,4416.2001953125,4417.0,2754
2026-09-11 20:00:00,4417.2001953125,4417.5,4406.2998046875,4409.60009765625,2873
2026-09-11 20:10:00,4410.0,4426.10009765625,4409.60009765625,4421.2998046875,3912
2026-09-11 20:20:00,4421.10009765625,4426.0,4412.2998046875,4412.5,1831
2026-09-11 20:30:00,4412.5,4414.7998046875,4403.39990234375,4405.0,2345
2026-09-11 20:40:00,4404.60009765625,4408.10009765625,4401.0,4404.2001953125,2552
2026-09-11 20:50:00,4404.5,4414.0,4404.10009765625,4412.0,1987
2026-09-11 21:00:00,4411.7998046875,4418.7001953125,4410.60009765625,4415.2001953125,1697
2026-09-11 21:10:00,4415.2998046875,4416.60009765625,4409.89990234375,4414.7001953125,923
2026-09-11 21:20:00,4414.7001953125,4415.2998046875,4406.7998046875,4408.60009765625,1248
2026-09-11 21:30:00,4408.60009765625,4414.39990234375,4408.10009765625,4408.60009765625,980
2026-09-11 21:40:00,4409.10009765625,4410.7001953125,4400.2001953125,4401.0,1425
2026-09-11 21:50:00,4400.7998046875,4404.2998046875,4393.2998046875,4396.2001953125,4186
2026-09-11 22:00:00,4396.5,4407.39990234375,4394.7001953125,4401.2001953125,2083
2026-09-11 22:10:00,4401.2001953125,4406.89990234375,4400.7001953125,4402.2998046875,1044
2026-09-11 22:20:00,4402.5,4405.2001953125,4402.10009765625,4403.7998046875,425
2026-09-11 22:30:00,4403.7001953125,4411.39990234375,4402.89990234375,4405.89990234375,1456
2026-09-11 22:40:00,4406.0,4411.0,4404.2998046875,4409.7998046875,1109
2026-09-11 22:50:00,4409.89990234375,4412.2998046875,4408.0,4409.10009765625,2099
2026-09-11 23:00:00,4409.10009765625,4412.7001953125,4404.39990234375,4404.7001953125,1375
2026-09-11 23:10:00,4404.7001953125,4405.7998046875,4401.39990234375,4404.0,913
2026-09-11 23:20:00,4403.89990234375,4406.2998046875,4400.0,4400.60009765625,804
2026-09-11 23:30:00,4400.5,4402.39990234375,4396.0,4396.2001953125,1039
2026-09-11 23:40:00,4396.10009765625,4398.5,4386.7998046875,4391.7998046875,2735
2026-09-11 23:50:00,4391.7998046875,4395.2998046875,4385.7998046875,4392.89990234375,1403
2026-09-12 00:00:00,4392.89990234375,4393.89990234375,4388.0,4389.2998046875,575
2026-09-12 00:10:00,4389.10009765625,4391.39990234375,4386.2998046875,4387.2001953125,394
2026-09-12 00:20:00,4387.0,4389.39990234375,4386.60009765625,4389.10009765625,582
2026-09-12 00:30:00,4389.2998046875,4391.39990234375,4386.2998046875,4389.2001953125,746
2026-09-12 00:40:00,4389.5,4395.7998046875,4388.89990234375,4391.39990234375,984
2026-09-12 00:50:00,4391.60009765625,4395.2998046875,4389.60009765625,4389.60009765625,624
2026-09-12 01:00:00,4389.89990234375,4390.60009765625,4387.5,4389.10009765625,488
2026-09-12 01:10:00,4389.10009765625,4390.5,4385.39990234375,4385.5,639
2026-09-12 01:20:00,4385.2998046875,4391.7998046875,4384.89990234375,4391.0,1223
2026-09-12 01:30:00,4391.0,4393.7998046875,4390.2998046875,4392.7001953125,349
2026-09-12 01:40:00,4392.60009765625,4392.89990234375,4388.60009765625,4391.5,240
2026-09-12 01:50:00,4391.60009765625,4392.7001953125,4390.60009765625,4390.7998046875,128
2026-09-12 02:00:00,4390.7998046875,4391.2001953125,4389.10009765625,4390.60009765625,153
2026-09-12 02:10:00,4390.7001953125,4391.2998046875,4388.0,4389.7001953125,216
2026-09-12 02:20:00,4389.7998046875,4408.89990234375,4387.2998046875,4408.89990234375,413
2026-09-12 02:30:00,,,,,0
2026-09-12 02:40:00,,,,,0
2026-09-12 02:50:00,,,,,0
2026-09-12 03:00:00,,,,,0
2026-09-12 03:10:00,,,,,0
2026-09-12 03:20:00,,,,,0
2026-09-12 03:30:00,,,,,0
2026-09-12 03:40:00,,,,,0
2026-09-12 03:50:00,,,,,0
2026-09-12 04:00:00,,,,,0
2026-09-12 04:10:00,,,,,0
2026-09-12 04:20:00,,,,,0
2026-09-12 04:30:00,,,,,0
2026-09-12 04:40:00,,,,,0
2026-09-12 04:50:00,,,,,0
2026-09-12 05:00:00,,,,,0
2026-09-12 05:10:00,,,,,0
2026-09-12 05:20:00,,,,,0
2026-09-12 05:30:00,,,,,0
2026-09-12 05:40:00,,,,,0
2026-09-12 05:50:00,,,,,0
2026-09-12 06:00:00,,,,,0
2026-09-12 06:10:00,,,,,0
2026-09-12 06:20:00,,,,,0
2026-09-12 06:30:00,,,,,0
2026-09-12 06:40:00,,,,,0
2026-09-12 06:50:00,,,,,0
2026-09-12 07:00:00,,,,,0
2026-09-12 07:10:00,,,,,0
2026-09-12 07:20:00,,,,,0
2026-09-12 07:30:00,,,,,0
2026-09-12 07:40:00,,,,,0
2026-09-12 07:50:00,,,,,0
2026-09-12 08:00:00,,,,,0
2026-09-12 08:10:00,,,,,0
2026-09-12 08:20:00,,,,,0
2026-09-12 08:30:00,,,,,0
2026-09-12 08:40:00,,,,,0
2026-09-12 08:50:00,,,,,0
2026-09-12 09:00:00,,,,,0
2026-09-12 09:10:00,,,,,0
2026-09-12 09:20:00,,,,,0
2026-09-12 09:30:00,,,,,0
2026-09-12 09:40:00,,,,,0
2026-09-12 09:50:00,,,,,0
2026-09-12 10:00:00,,,,,0
2026-09-12 10:10:00,,,,,0
2026-09-12 10:20:00,,,,,0
2026-09-12 10:30:00,,,,,0
2026-09-12 10:40:00,,,,,0
2026-09-12 10:50:00,,,,,0
2026-09-12 11:00:00,,,,,0
2026-09-12 11:10:00,,,,,0
2026-09-12 11:20:00,,,,,0
2026-09-12 11:30:00,,,,,0
2026-09-12 11:40:00,,,,,0
2026-09-12 11:50:00,,,,,0
2026-09-12 12:00:00,,,,,0
2026-09-12 12:10:00,,,,,0
2026-09-12 12:20:00,,,,,0
2026-09-12 12:30:00,,,,,0
2026-09-12 12:40:00,,,,,0
2026-09-12 12:50:00,,,,,0
2026-09-12 13:00:00,,,,,0
2026-09-12 13:10:00,,,,,0
2026-09-12 13:20:00,,,,,0
2026-09-12 13:30:00,,,,,0
2026-09-12 13:40:00,,,,,0
2026-09-12 13:50:00,,,,,0
2026-09-12 14:00:00,,,,,0
2026-09-12 14:10:00,,,,,0
2026-09-12 14:20:00,,,,,0
2026-09-12 14:30:00,,,,,0
2026-09-12 14:40:00,,,,,0
2026-09-12 14:50:00,,,,,0
2026-09-12 15:00:00,,,,,0
2026-09-12 15:10:00,,,,,0
2026-09-12 15:20:00,,,,,0
2026-09-12 15:30:00,,,,,0
2026-09-12 15:40:00,,,,,0
2026-09-12 15:50:00,,,,,0
2026-09-12 16:00:00,,,,,0
2026-09-12 16:10:00,,,,,0
2026-09-12 16:20:00,,,,,0
2026-09-12 16:30:00,,,,,0
2026-09-12 16:40:00,,,,,0
2026-09-12 16:50:00,,,,,0
2026-09-12 17:00:00,,,,,0
2026-09-12 17:10:00,,,,,0
2026-09-12 17:20:00,,,,,0
2026-09-12 17:30:00,,,,,0
2026-09-12 17:40:00,,,,,0
2026-09-12 17:50:00,,,,,0
2026-09-12 18:00:00,,,,,0
2026-09-12 18:10:00,,,,,0
2026-09-12 18:20:00,,,,,0
2026-09-12 18:30:00,,,,,0
2026-09-12 18:40:00,,,,,0
2026-09-12 18:50:00,,,,,0
2026-09-12 19:00:00,,,,,0
2026-09-12 19:10:00,,,,,0
2026-09-12 19:20:00,,,,,0
2026-09-12 19:30:00,,,,,0
2026-09-12 19:40:00,,,,,0
2026-09-12 19:50:00,,,,,0
2026-09-12 20:00:00,,,,,0
2026-09-12 20:10:00,,,,,0
2026-09-12 20:20:00,,,,,0
2026-09-12 20:30:00,,,,,0
2026-09-12 20:40:00,,,,,0
2026-09-12 20:50:00,,,,,0
2026-09-12 21:00:00,,,,,0
2026-09-12 21:10:00,,,,,0
2026-09-12 21:20:00,,,,,0
2026-09-12 21:30:00,,,,,0
2026-09-12 21:40:00,,,,,0
2026-09-12 21:50:00,,,,,0
2026-09-12 22:00:00,,,,,0
2026-09-12 22:10:00,,,,,0
2026-09-12 22:20:00,,,,,0
2026-09-12 22:30:00,,,,,0
2026-09-12 22:40:00,,,,,0
2026-09-12 22:50:00,,,,,0
2026-09-12 23:00:00,,,,,0
2026-09-12 23:10:00,,,,,0
2026-09-12 23:20:00,,,,,0
2026-09-12 23:30:00,,,,,0
2026-09-12 23:40:00,,,,,0
2026-09-12 23:50:00,,,,,0
2026-09-13 00:00:00,,,,,0
2026-09-13 00:10:00,,,,,0
2026-09-13 00:20:00,,,,,0
2026-09-13 00:30:00,,,,,0
2026-09-13 00:40:00,,,,,0
2026-09-13 00:50:00,,,,,0
2026-09-13 01:00:00,,,,,0
2026-09-13 01:10:00,,,,,0
2026-09-13 01:20:00,,,,,0
2026-09-13 01:30:00,,,,,0
2026-09-13 01:40:00,,,,,0
2026-09-13 01:50:00,,,,,0
2026-09-13 02:00:00,,,,,0
2026-09-13 02:10:00,,,,,0
2026-09-13 02:20:00,,,,,0
2026-09-13 02:30:00,,,,,0
2026-09-13 02:40:00,,,,,0
2026-09-13 02:50:00,,,,,0
2026-09-13 03:00:00,,,,,0
2026-09-13 03:10:00,,,,,0
2026-09-13 03:20:00,,,,,0
2026-09-13 03:30:00,,,,,0
2026-09-13 03:40:00,,,,,0
2026-09-13 03:50:00,,,,,0
2026-09-13 04:00:00,,,,,0
2026-09-13 04:10:00,,,,,0
2026-09-13 04:20:00,,,,,0
2026-09-13 04:30:00,,,,,0
2026-09-13 04:40:00,,,,,0
2026-09-13 04:50:00,,,,,0
2026-09-13 05:00:00,,,,,0
2026-09-13 05:10:00,,,,,0
2026-09-13 05:20:00,,,,,0
2026-09-13 05:30:00,,,,,0
2026-09-13 05:40:00,,,,,0
2026-09-13 05:50:00,,,,,0
2026-09-13 06:00:00,,,,,0
2026-09-13 06:10:00,,,,,0
2026-09-13 06:20:00,,,,,0
2026-09-13 06:30:00,,,,,0
2026-09-13 06:40:00,,,,,0
2026-09-13 06:50:00,,,,,0
2026-09-13 07:00:00,,,,,0
2026-09-13 07:10:00,,,,,0
2026-09-13 07:20:00,,,,,0
2026-09-13 07:30:00,,,,,0
2026-09-13 07:40:00,,,,,0
2026-09-13 07:50:00,,,,,0
2026-09-13 08:00:00,,,,,0
2026-09-13 08:10:00,,,,,0
2026-09-13 08:20:00,,,,,0
2026-09-13 08:30:00,,,,,0
2026-09-13 08:40:00,,,,,0
2026-09-13 08:50:00,,,,,0
2026-09-13 09:00:00,,,,,0
2026-09-13 09:10:00,,,,,0
2026-09-13 09:20:00,,,,,0
2026-09-13 09:30:00,,,,,0
2026-09-13 09:40:00,,,,,0
2026-09-13 09:50:00,,,,,0
2026-09-13 10:00:00,,,,,0
2026-09-13 10:10:00,,,,,0
2026-09-13 10:20:00,,,,,0
2026-09-13 10:30:00,,,,,0
2026-09-13 10:40:00,,,,,0
2026-09-13 10:50:00,,,,,0
2026-09-13 11:00:00,,,,,0
2026-09-13 11:10:00,,,,,0
2026-09-13 11:20:00,,,,,0
2026-09-13 11:30:00,,,,,0
2026-09-13 11:40:00,,,,,0
2026-09-13 11:50:00,,,,,0
2026-09-13 12:00:00,,,,,0
2026-09-13 12:10:00,,,,,0
2026-09-13 12:20:00,,,,,0
2026-09-13 12:30:00,,,,,0
2026-09-13 12:40:00,,,,,0
2026-09-13 12:50:00,,,,,0
2026-09-13 13:00:00,,,,,0
2026-09-13 13:10:00,,,,,0
2026-09-13 13:20:00,,,,,0
2026-09-13 13:30:00,,,,,0
2026-09-13 13:40:00,,,,,0
2026-09-13 13:50:00,,,,,0
2026-09-13 14:00:00,,,,,0
2026-09-13 14:10:00,,,,,0
2026-09-13 14:20:00,,,,,0
2026-09-13 14:30:00,,,,,0
2026-09-13 14:40:00,,,,,0
2026-09-13 14:50:00,,,,,0
2026-09-13 15:00:00,,,,,0
2026-09-13 15:10:00,,,,,0
2026-09-13 15:20:00,,,,,0
2026-09-13 15:30:00,,,,,0
2026-09-13 15:40:00,,,,,0
2026-09-13 15:50:00,,,,,0
2026-09-13 16:00:00,,,,,0
2026-09-13 16:10:00,,,,,0
2026-09-13 16:20:00,,,,,0
2026-09-13 16:30:00,,,,,0
2026-09-13 16:40:00,,,,,0
2026-09-13 16:50:00,,,,,0
2026-09-13 17:00:00,,,,,0
2026-09-13 17:10:00,,,,,0
2026-09-13 17:20:00,,,,,0
2026-09-13 17:30:00,,,,,0
2026-09-13 17:40:00,,,,,0
2026-09-13 17:50:00,,,,,0
2026-09-13 18:00:00,,,,,0
2026-09-13 18:10:00,,,,,0
2026-09-13 18:20:00,,,,,0
2026-09-13 18:30:00,,,,,0
2026-09-13 18:40:00,,,,,0
2026-09-13 18:50:00,,,,,0
2026-09-13 19:00:00,,,,,0
2026-09-13 19:10:00,,,,,0
2026-09-13 19:20:00,,,,,0
2026-09-13 19:30:00,,,,,0
2026-09-13 19:40:00,,,,,0
2026-09-13 19:50:00,,,,,0
2026-09-13 20:00:00,,,,,0
2026-09-13 20:10:00,,,,,0
2026-09-13 20:20:00,,,,,0
2026-09-13 20:30:00,,,,,0
2026-09-13 20:40:00,,,,,0
2026-09-13 20:50:00,,,,,0
2026-09-13 21:00:00,,,,,0
2026-09-13 21:10:00,,,,,0
2026-09-13 21:20:00,,,,,0
2026-09-13 21:30:00,,,,,0
2026-09-13 21:40:00,,,,,0
2026-09-13 21:50:00,,,,,0
2026-09-13 22:00:00,,,,,0
2026-09-13 22:10:00,,,,,0
2026-09-13 22:20:00,,,,,0
2026-09-13 22:30:00,,,,,0
2026-09-13 22:40:00,,,,,0
2026-09-13 22:50:00,,,,,0
2026-09-13 23:00:00,,,,,0
2026-09-13 23:10:00,,,,,0
2026-09-13 23:20:00,,,,,0
2026-09-13 23:30:00,,,,,0
2026-09-13 23:40:00,,,,,0
2026-09-13 23:50:00,,,,,0
2026-09-14 00:00:00,,,,,0
2026-09-14 00:10:00,,,,,0
2026-09-14 00:20:00,,,,,0
2026-09-14 00:30:00,,,,,0
2026-09-14 00:40:00,,,,,0
2026-09-14 00:50:00,,,,,0
2026-09-14 01:00:00,,,,,0
2026-09-14 01:10:00,,,,,0
2026-09-14 01:20:00,,,,,0
2026-09-14 01:30:00,,,,,0
2026-09-14 01:40:00,,,,,0
2026-09-14 01:50:00,,,,,0
2026-09-14 02:00:00,,,,,0
2026-09-14 02:10:00,,,,,0
2026-09-14 02:20:00,,,,,0
2026-09-14 02:30:00,,,,,0
2026-09-14 02:40:00,,,,,0
2026-09-14 02:50:00,,,,,0
2026-09-14 03:00:00,,,,,0
2026-09-14 03:10:00,,,,,0
2026-09-14 03:20:00,,,,,0
2026-09-14 03:30:00,,,,,0
2026-09-14 03:40:00,4371.89990234375,4374.7001953125,4369.89990234375,4374.10009765625,802
2026-09-14 03:50:00,4374.2998046875,4377.0,4368.60009765625,4376.89990234375,637
2026-09-14 04:00:00,4376.89990234375,4378.7001953125,4375.2001953125,4376.39990234375,365
2026-09-14 04:10:00,4376.60009765625,4378.39990234375,4374.5,4377.2001953125,334
2026-09-14 04:20:00,4377.10009765625,4380.89990234375,4375.7998046875,4378.39990234375,791
2026-09-14 04:30:00,4378.60009765625,4383.0,4378.60009765625,4382.10009765625,324
2026-09-14 04:40:00,4382.0,4382.89990234375,4378.2001953125,4378.7001953125,337
2026-09-14 04:50:00,4378.39990234375,4380.7998046875,4376.2998046875,4379.89990234375,239
2026-09-14 05:00:00,4379.7998046875,4382.89990234375,4379.39990234375,4381.2998046875,234
2026-09-14 05:10:00,4381.2001953125,4382.2998046875,4372.89990234375,4373.2998046875,302
2026-09-14 05:20:00,4372.60009765625,4376.10009765625,4372.60009765625,4373.2998046875,167
2026-09-14 05:30:00,4373.2998046875,4387.60009765625,4370.89990234375,4386.7998046875,912
2026-09-14 05:40:00,4386.89990234375,4388.7998046875,4381.10009765625,4382.7001953125,656
2026-09-14 05:50:00,4382.2998046875,4382.2998046875,4374.2998046875,4378.89990234375,410
2026-09-14 06:00:00,4379.2998046875,4381.7998046875,4374.10009765625,4374.10009765625,404
2026-09-14 06:10:00,4374.0,4383.7001953125,4373.39990234375,4380.7998046875,577
2026-09-14 06:20:00,4381.0,4384.39990234375,4379.2998046875,4379.60009765625,491
2026-09-14 06:30:00,4379.7001953125,4385.89990234375,4370.7001953125,4377.5,1914
2026-09-14 06:40:00,4378.0,4378.0,4367.5,4368.10009765625,700
2026-09-14 06:50:00,4368.39990234375,4379.10009765625,4367.10009765625,4376.7001953125,909
2026-09-14 07:00:00,4376.2998046875,4386.2998046875,4369.2998046875,4385.39990234375,1029
2026-09-14 07:10:00,4385.2998046875,4390.10009765625,4378.2998046875,4387.0,916
2026-09-14 07:20:00,4387.2998046875,4396.5,4383.89990234375,4394.5,893
2026-09-14 07:30:00,4394.39990234375,4396.2001953125,4389.7998046875,4393.7998046875,923
2026-09-14 07:40:00,4394.2001953125,4395.10009765625,4389.2998046875,4391.0,336
2026-09-14 07:50:00,4390.2001953125,4395.2998046875,4390.10009765625,4393.2001953125,253
2026-09-14 08:00:00,4393.7001953125,4396.7998046875,4388.89990234375,4389.10009765625,650
2026-09-14 08:10:00,4389.0,4389.39990234375,4384.5,4385.89990234375,712
2026-09-14 08:20:00,4386.10009765625,4386.2998046875,4371.10009765625,4371.7998046875,1069
2026-09-14 08:30:00,4371.5,4376.89990234375,4368.2998046875,4376.60009765625,1015
2026-09-14 08:40:00,4376.60009765625,4376.7001953125,4372.5,4376.10009765625,484
2026-09-14 08:50:00,4376.7001953125,4377.10009765625,4374.0,4375.10009765625,192
2026-09-14 09:00:00,4375.5,4375.7001953125,4368.89990234375,4372.39990234375,498
2026-09-14 09:10:00,4372.10009765625,4373.60009765625,4367.2001953125,4373.10009765625,587
2026-09-14 09:20:00,4372.89990234375,4373.7998046875,4369.89990234375,4370.60009765625,404
2026-09-14 09:30:00,4370.60009765625,4371.89990234375,4369.39990234375,4370.7998046875,216
2026-09-14 09:40:00,4370.60009765625,4371.10009765625,4369.0,4369.5,145
2026-09-14 09:50:00,4369.5,4371.89990234375,4369.2998046875,4371.7998046875,196
2026-09-14 10:00:00,4371.7998046875,4371.7998046875,4364.7998046875,4366.7998046875,899
2026-09-14 10:10:00,4366.5,4366.5,4362.10009765625,4365.2998046875,498
2026-09-14 10:20:00,4365.2998046875,4371.7998046875,4363.2998046875,4369.60009765625,733
2026-09-14 10:30:00,4369.7998046875,4372.7001953125,4367.0,4369.10009765625,592
2026-09-14 10:40:00,4369.0,4372.39990234375,4366.7001953125,4370.2001953125,322
2026-09-14 10:50:00,4370.0,4370.39990234375,4366.5,4366.5,278
2026-09-14 11:00:00,4366.89990234375,4377.39990234375,4365.39990234375,4375.60009765625,1151
2026-09-14 11:10:00,4375.7998046875,4375.7998046875,4365.5,4366.39990234375,1066
2026-09-14 11:20:00,4366.60009765625,4378.10009765625,4363.5,4378.10009765625,994
2026-09-14 11:30:00,4377.89990234375,4379.2998046875,4371.5,4371.5,873
2026-09-14 11:40:00,4371.2998046875,4374.10009765625,4367.39990234375,4370.7001953125,440
2026-09-14 11:50:00,4370.60009765625,4373.0,4367.39990234375,4370.89990234375,387
2026-09-14 12:00:00,4370.39990234375,4372.89990234375,4368.2001953125,4368.2001953125,418
2026-09-14 12:10:00,4368.2001953125,4370.5,4364.39990234375,4364.5,801
2026-09-14 12:20:00,4364.5,4365.7001953125,4360.89990234375,4362.5,587
2026-09-14 12:30:00,4362.39990234375,4363.7001953125,4357.89990234375,4359.0,909
2026-09-14 12:40:00,4358.89990234375,4364.5,4358.89990234375,4364.2998046875,459
2026-09-14 12:50:00,4363.39990234375,4363.7998046875,4356.7001953125,4357.2998046875,793
2026-09-14 13:00:00,4357.2001953125,4359.60009765625,4355.7001953125,4357.10009765625,767
2026-09-14 13:10:00,4357.2001953125,4362.2001953125,4355.7001953125,4358.10009765625,803
2026-09-14 13:20:00,4358.10009765625,4359.39990234375,4348.0,4350.7001953125,1424
2026-09-14 13:30:00,4350.89990234375,4358.39990234375,4350.7998046875,4356.0,916
2026-09-14 13:40:00,4356.39990234375,4356.39990234375,4350.2001953125,4351.0,382
2026-09-14 13:50:00,4351.10009765625,4354.60009765625,4350.5,4350.7001953125,613
2026-09-14 14:00:00,4350.0,4356.10009765625,4349.5,4353.39990234375,638
2026-09-14 14:10:00,4353.2998046875,4354.0,4346.7998046875,4349.2998046875,602
2026-09-14 14:20:00,4349.2001953125,4349.2001953125,4343.2001953125,4346.60009765625,1081
2026-09-14 14:30:00,4346.2998046875,4351.7998046875,4344.7998046875,4350.2001953125,1148
2026-09-14 14:40:00,4349.60009765625,4350.5,4326.39990234375,4332.60009765625,3227
2026-09-14 14:50:00,4332.39990234375,4333.2001953125,4320.10009765625,4327.89990234375,3532
2026-09-14 15:00:00,4327.39990234375,4329.2001953125,4318.60009765625,4322.0,2447
2026-09-14 15:10:00,4322.0,4328.0,4318.60009765625,4321.2998046875,2078
2026-09-14 15:20:00,4321.60009765625,4328.0,4317.2998046875,4325.2001953125,1573
2026-09-14 15:30:00,4325.10009765625,4325.7998046875,4317.7998046875,4325.60009765625,1306
2026-09-14 15:40:00,4325.60009765625,4330.89990234375,4325.2001953125,4329.7001953125,1144
2026-09-14 15:50:00,4329.7001953125,4332.39990234375,4325.7998046875,4330.89990234375,750
2026-09-14 16:00:00,4331.0,4333.7001953125,4328.89990234375,4333.2998046875,760
2026-09-14 16:10:00,4333.2001953125,4334.7998046875,4331.7001953125,4332.7001953125,585
2026-09-14 16:20:00,4332.7001953125,4336.5,4329.7001953125,4334.39990234375,998
2026-09-14 16:30:00,4334.39990234375,4336.7998046875,4333.0,4335.0,815
2026-09-14 16:40:00,4334.7001953125,4335.60009765625,4331.10009765625,4335.39990234375,852
2026-09-14 16:50:00,4335.7998046875,4337.10009765625,4334.2001953125,4336.2998046875,362
2026-09-14 17:00:00,4336.10009765625,4337.10009765625,4332.2001953125,4333.0,678
2026-09-14 17:10:00,4333.2998046875,4334.89990234375,4331.39990234375,4333.39990234375,410
2026-09-14 17:20:00,4333.2001953125,4333.2998046875,4324.10009765625,4326.89990234375,1398
2026-09-14 17:30:00,4327.10009765625,4334.2001953125,4325.10009765625,4333.7001953125,1045
2026-09-14 17:40:00,4333.39990234375,4337.7001953125,4329.5,4330.10009765625,2478
2026-09-14 17:50:00,4330.10009765625,4330.60009765625,4322.89990234375,4326.2998046875,1607
2026-09-14 18:00:00,4326.2998046875,4329.89990234375,4313.0,4318.10009765625,3360
2026-09-14 18:10:00,4317.7998046875,4326.7998046875,4315.89990234375,4318.39990234375,2147
2026-09-14 18:20:00,4318.39990234375,4319.10009765625,4305.7001953125,4310.7998046875,2606
2026-09-14 18:30:00,4311.2001953125,4312.89990234375,4293.0,4300.0,5468
2026-09-14 18:40:00,4300.2001953125,4313.0,4299.5,4312.39990234375,3048
2026-09-14 18:50:00,4312.89990234375,4317.5,4311.0,4313.7001953125,1965
2026-09-14 19:00:00,4313.7001953125,4318.39990234375,4308.39990234375,4308.5,2580
2026-09-14 19:10:00,4308.5,4321.2001953125,4306.5,4316.5,2133
2026-09-14 19:20:00,4316.39990234375,4321.89990234375,4309.5,4312.2001953125,2246
2026-09-14 19:30:00,4312.10009765625,4315.60009765625,4304.7001953125,4311.2998046875,2563
2026-09-14 19:40:00,4311.2998046875,4323.39990234375,4311.2998046875,4316.39990234375,2648
2026-09-14 19:50:00,4316.0,4316.2998046875,4303.7001953125,4310.39990234375,2338
2026-09-14 20:00:00,4310.39990234375,4312.5,4306.0,4311.89990234375,1448
2026-09-14 20:10:00,4311.5,4319.60009765625,4309.10009765625,4318.60009765625,1518
2026-09-14 20:20:00,4318.7998046875,4320.10009765625,4314.39990234375,4320.10009765625,1588
2026-09-14 20:30:00,4320.2001953125,4327.7998046875,4313.10009765625,4320.89990234375,4537
2026-09-14 20:40:00,4321.2998046875,4323.7001953125,4313.2001953125,4316.89990234375,1658
2026-09-14 20:50:00,4316.5,4325.60009765625,4315.0,4324.2998046875,1400
2026-09-14 21:00:00,4324.2998046875,4338.60009765625,4323.60009765625,4338.39990234375,4473
2026-09-14 21:10:00,4338.5,4339.39990234375,4328.7998046875,4328.89990234375,2855
2026-09-14 21:20:00,4329.39990234375,4332.2998046875,4327.2001953125,4329.10009765625,1566
2026-09-14 21:30:00,4329.2998046875,4335.60009765625,4327.2998046875,4335.60009765625,1318
2026-09-14 21:40:00,4335.7998046875,4340.0,4334.89990234375,4339.5,1491
2026-09-14 21:50:00,4339.60009765625,4346.39990234375,4338.0,4340.89990234375,2024
2026-09-14 22:00:00,4340.7998046875,4346.7001953125,4340.2001953125,4343.60009765625,1021
2026-09-14 22:10:00,4343.60009765625,4356.7998046875,4343.2001953125,4354.5,3385
2026-09-14 22:20:00,4354.7998046875,4358.89990234375,4353.10009765625,4356.5,2248
2026-09-14 22:30:00,4356.5,4357.39990234375,4352.60009765625,4354.7001953125,1304
2026-09-14 22:40:00,4354.10009765625,4356.2998046875,4349.7001953125,4350.39990234375,1285
2026-09-14 22:50:00,4350.5,4354.7001953125,4350.2998046875,4352.2998046875,2698
2026-09-14 23:00:00,4352.2998046875,4354.10009765625,4348.2001953125,4351.60009765625,1108
2026-09-14 23:10:00,4351.7998046875,4352.7001953125,4349.10009765625,4349.5,685
2026-09-14 23:20:00,4349.5,4354.2998046875,4348.89990234375,4351.60009765625,915
2026-09-14 23:30:00,4351.7001953125,4356.7001953125,4348.7001953125,4350.7998046875,1800
2026-09-14 23:40:00,4350.7998046875,4353.2001953125,4350.60009765625,4352.0,393
2026-09-14 23:50:00,4351.7998046875,4352.39990234375,4346.60009765625,4350.2001953125,808
2026-09-15 00:00:00,4349.89990234375,4353.60009765625,4348.7001953125,4351.2001953125,626
2026-09-15 00:10:00,4351.2001953125,4351.5,4347.2998046875,4347.7001953125,572
2026-09-15 00:20:00,4347.60009765625,4348.2001953125,4345.0,4347.7998046875,778
2026-09-15 00:30:00,4347.89990234375,4348.2998046875,4343.10009765625,4344.10009765625,885
2026-09-15 00:40:00,4344.2998046875,4347.2001953125,4340.7001953125,4342.2998046875,688
2026-09-15 00:50:00,4342.2998046875,4342.7998046875,4336.5,4337.10009765625,1114
2026-09-15 01:00:00,4337.10009765625,4338.0,4332.60009765625,4332.7001953125,1072
2026-09-15 01:10:00,4332.7001953125,4333.0,4328.5,4328.5,818
2026-09-15 01:20:00,4328.2998046875,4328.7998046875,4323.2001953125,4324.10009765625,1724
2026-09-15 01:30:00,4324.10009765625,4327.39990234375,4322.7998046875,4326.5,830
2026-09-15 01:40:00,4326.2998046875,4334.2998046875,4326.2998046875,4334.0,723
2026-09-15 01:50:00,4334.10009765625,4339.2001953125,4334.10009765625,4337.5,735
2026-09-15 02:00:00,4337.60009765625,4340.39990234375,4335.5,4336.89990234375,354
2026-09-15 02:10:00,4336.89990234375,4338.0,4335.2998046875,4337.60009765625,188
2026-09-15 02:20:00,4337.39990234375,4340.39990234375,4337.2998046875,4340.0,254
2026-09-15 02:30:00,,,,,0
2026-09-15 02:40:00,,,,,0
2026-09-15 02:50:00,,,,,0
2026-09-15 03:00:00,,,,,0
2026-09-15 03:10:00,,,,,0
2026-09-15 03:20:00,,,,,0
2026-09-15 03:30:00,4340.2998046875,4343.60009765625,4337.2001953125,4337.7998046875,159
2026-09-15 03:40:00,4337.39990234375,4338.2001953125,4336.39990234375,4336.60009765625,287
2026-09-15 03:50:00,4336.89990234375,4338.39990234375,4332.60009765625,4336.2001953125,790
2026-09-15 04:00:00,4336.10009765625,4339.2001953125,4334.10009765625,4336.39990234375,558
2026-09-15 04:10:00,4336.39990234375,4338.7001953125,4334.0,4335.7998046875,1002
2026-09-15 04:20:00,4335.89990234375,4338.89990234375,4333.7998046875,4335.89990234375,1219
2026-09-15 04:30:00,4335.7998046875,4338.10009765625,4332.7998046875,4333.7998046875,873
2026-09-15 04:40:00,4333.89990234375,4334.7998046875,4329.2998046875,4330.0,991
2026-09-15 04:50:00,4330.10009765625,4331.2001953125,4327.5,4330.5,889
2026-09-15 05:00:00,4330.2998046875,4332.2998046875,4328.2001953125,4330.0,575
2026-09-15 05:10:00,4329.7998046875,4332.39990234375,4327.7998046875,4328.7998046875,487
2026-09-15 05:20:00,4329.5,4329.7001953125,4327.7001953125,4329.0,194
2026-09-15 05:30:00,4328.89990234375,4329.7001953125,4324.2001953125,4327.2001953125,452
2026-09-15 05:40:00,4327.10009765625,4330.7998046875,4324.5,4325.2998046875,492
2026-09-15 05:50:00,4325.5,4330.2998046875,4324.2001953125,4328.89990234375,666
2026-09-15 06:00:00,4328.60009765625,4331.39990234375,4323.7998046875,4330.89990234375,639
2026-09-15 06:10:00,4330.7998046875,4335.2998046875,4330.2001953125,4334.7001953125,513
2026-09-15 06:20:00,4334.7998046875,4337.2998046875,4333.2998046875,4333.60009765625,507
2026-09-15 06:30:00,4333.7998046875,4338.89990234375,4328.39990234375,4334.0,1444
2026-09-15 06:40:00,4334.2001953125,4346.0,4333.89990234375,4344.2001953125,1085
2026-09-15 06:50:00,4344.2001953125,4344.7001953125,4340.10009765625,4341.7998046875,629
2026-09-15 07:00:00,4342.10009765625,4347.0,4335.5,4337.5,1064
2026-09-15 07:10:00,4337.7001953125,4341.7998046875,4335.2001953125,4340.2001953125,879
2026-09-15 07:20:00,4339.39990234375,4344.89990234375,4333.89990234375,4344.10009765625,667
2026-09-15 07:30:00,4344.5,4352.10009765625,4344.39990234375,4347.2001953125,1907
2026-09-15 07:40:00,4347.89990234375,4348.2998046875,4345.2001953125,4347.0,534
2026-09-15 07:50:00,4347.2001953125,4350.5,4346.2001953125,4350.39990234375,433
2026-09-15 08:00:00,4350.89990234375,4355.7998046875,4347.60009765625,4355.5,976
2026-09-15 08:10:00,4355.60009765625,4358.2001953125,4351.60009765625,4357.39990234375,1038
2026-09-15 08:20:00,4357.2998046875,4357.7001953125,4352.0,4354.89990234375,564
2026-09-15 08:30:00,4354.7998046875,4355.2001953125,4350.5,4354.2001953125,708
2026-09-15 08:40:00,4354.2998046875,4354.60009765625,4350.39990234375,4352.39990234375,403
2026-09-15 08:50:00,4352.39990234375,4354.89990234375,4350.5,4351.5,965
2026-09-15 09:00:00,4351.5,4354.10009765625,4349.7998046875,4350.0,763
2026-09-15 09:10:00,4349.7001953125,4351.0,4346.2001953125,4346.2998046875,877
2026-09-15 09:20:00,4346.2001953125,4346.7001953125,4343.89990234375,4345.10009765625,673
2026-09-15 09:30:00,4344.0,4347.0,4343.10009765625,4346.2998046875,622
2026-09-15 09:40:00,4346.2998046875,4350.39990234375,4344.0,4344.7998046875,1045
2026-09-15 09:50:00,4344.7998046875,4345.60009765625,4343.2001953125,4344.0,276
2026-09-15 10:00:00,4344.2001953125,4345.39990234375,4341.2998046875,4345.10009765625,1104
2026-09-15 10:10:00,4345.10009765625,4347.2998046875,4343.7998046875,4345.7998046875,428
2026-09-15 10:20:00,4345.5,4348.10009765625,4344.60009765625,4344.7998046875,434
2026-09-15 10:30:00,4344.89990234375,4347.89990234375,4341.5,4342.2001953125,402
2026-09-15 10:40:00,4342.0,4342.5,4338.7001953125,4340.2998046875,480
2026-09-15 10:50:00,4340.2998046875,4341.39990234375,4336.5,4337.2001953125,492
2026-09-15 11:00:00,4337.0,4340.0,4329.10009765625,4334.39990234375,1517
2026-09-15 11:10:00,4334.0,4340.10009765625,4333.89990234375,4334.89990234375,620
2026-09-15 11:20:00,4335.10009765625,4338.89990234375,4331.0,4331.2001953125,588
2026-09-15 11:30:00,4331.10009765625,4334.7001953125,4326.0,4328.7998046875,1361
2026-09-15 11:40:00,4329.10009765625,4332.60009765625,4326.2001953125,4330.0,727
2026-09-15 11:50:00,4330.39990234375,4331.7998046875,4327.2998046875,4329.5,531
2026-09-15 12:00:00,4329.5,4331.39990234375,4325.89990234375,4330.89990234375,493
2026-09-15 12:10:00,4331.0,4335.2998046875,4328.5,4332.60009765625,1385
2026-09-15 12:20:00,4332.60009765625,4335.10009765625,4332.10009765625,4333.60009765625,769
2026-09-15 12:30:00,4333.5,4335.7001953125,4328.89990234375,4331.0,1298
2026-09-15 12:40:00,4331.5,4332.2998046875,4326.89990234375,4331.7001953125,543
2026-09-15 12:50:00,4331.7998046875,4332.60009765625,4327.89990234375,4332.10009765625,764
2026-09-15 13:00:00,4332.39990234375,4333.2998046875,4325.10009765625,4326.0,514
2026-09-15 13:10:00,4326.2001953125,4330.7998046875,4320.60009765625,4325.5,2042
2026-09-15 13:20:00,4325.2998046875,4325.39990234375,4316.60009765625,4320.7001953125,1154
2026-09-15 13:30:00,4320.7998046875,4320.89990234375,4304.5,4305.5,2599
2026-09-15 13:40:00,4305.5,4314.7001953125,4304.0,4314.7001953125,1613
2026-09-15 13:50:00,4314.2001953125,4316.0,4311.5,4313.7998046875,952
2026-09-15 14:00:00,4313.7998046875,4315.2998046875,4310.39990234375,4311.10009765625,738
2026-09-15 14:10:00,4311.2998046875,4311.2998046875,4306.5,4307.0,557
2026-09-15 14:20:00,4307.2001953125,4309.10009765625,4301.7001953125,4302.7998046875,1213
2026-09-15 14:30:00,4303.10009765625,4307.7998046875,4302.2998046875,4306.10009765625,1004
2026-09-15 14:40:00,4306.10009765625,4308.10009765625,4301.60009765625,4302.5,1279
2026-09-15 14:50:00,4302.7001953125,4309.5,4302.10009765625,4307.10009765625,1525
2026-09-15 15:00:00,4306.7998046875,4309.39990234375,4304.89990234375,4309.0,1281
2026-09-15 15:10:00,4308.7998046875,4312.39990234375,4308.2001953125,4310.5,1233
2026-09-15 15:20:00,4310.7001953125,4311.5,4307.89990234375,4308.7001953125,519
2026-09-15 15:30:00,4308.7998046875,4316.2998046875,4308.7998046875,4314.7001953125,899
2026-09-15 15:40:00,4314.39990234375,4318.39990234375,4310.2998046875,4312.0,1116
2026-09-15 15:50:00,4311.7001953125,4315.10009765625,4310.5,4314.39990234375,528
2026-09-15 16:00:00,4314.60009765625,4316.2998046875,4313.60009765625,4314.10009765625,545
2026-09-15 16:10:00,4314.2001953125,4317.39990234375,4313.5,4317.10009765625,718
2026-09-15 16:20:00,4317.10009765625,4324.0,4317.10009765625,4321.7998046875,1411
2026-09-15 16:30:00,4321.2001953125,4322.39990234375,4318.7998046875,4322.2998046875,653
2026-09-15 16:40:00,4322.39990234375,4325.7001953125,4321.7001953125,4323.60009765625,1003
2026-09-15 16:50:00,4323.39990234375,4325.39990234375,4322.39990234375,4323.2998046875,596
2026-09-15 17:00:00,4323.2001953125,4325.2998046875,4320.5,4320.89990234375,542
2026-09-15 17:10:00,4321.0,4325.2998046875,4320.10009765625,4323.5,699
2026-09-15 17:20:00,4323.39990234375,4326.7001953125,4322.10009765625,4324.39990234375,824
2026-09-15 17:30:00,4324.39990234375,4324.7998046875,4317.0,4317.60009765625,1048
2026-09-15 17:40:00,4317.39990234375,4319.0,4313.2998046875,4314.0,982
2026-09-15 17:50:00,4313.7998046875,4318.2998046875,4311.0,4317.60009765625,1501
2026-09-15 18:00:00,4317.39990234375,4325.7001953125,4314.2998046875,4318.89990234375,2040
2026-09-15 18:10:00,4318.89990234375,4331.10009765625,4317.7998046875,4330.39990234375,2034
2026-09-15 18:20:00,4330.2998046875,4336.2998046875,4325.5,4330.60009765625,2942
2026-09-15 18:30:00,4330.2001953125,4334.60009765625,4323.60009765625,4325.2998046875,2108
2026-09-15 18:40:00,4325.2998046875,4329.89990234375,4325.10009765625,4327.2998046875,1126
2026-09-15 18:50:00,4327.39990234375,4333.39990234375,4323.2998046875,4327.39990234375,1956
2026-09-15 19:00:00,4327.60009765625,4334.0,4324.0,4326.39990234375,2574
2026-09-15 19:10:00,4326.2001953125,4335.60009765625,4325.0,4334.7998046875,1535
2026-09-15 19:20:00,4334.7998046875,4338.5,4331.89990234375,4334.60009765625,2149
2026-09-15 19:30:00,4334.60009765625,4340.7001953125,4333.60009765625,4337.7998046875,2448
2026-09-15 19:40:00,4337.7001953125,4338.2998046875,4329.7998046875,4334.0,1568
2026-09-15 19:50:00,4334.10009765625,4335.10009765625,4322.2998046875,4324.39990234375,2005
2026-09-15 20:00:00,4324.2998046875,4326.2001953125,4315.7001953125,4317.60009765625,2506
2026-09-15 20:10:00,4317.7998046875,4322.7998046875,4316.10009765625,4318.10009765625,1828
2026-09-15 20:20:00,4318.10009765625,4320.89990234375,4313.0,4316.7998046875,2550
2026-09-15 20:30:00,4316.89990234375,4324.39990234375,4316.60009765625,4322.5,1549
2026-09-15 20:40:00,4322.2001953125,4327.89990234375,4321.5,4326.60009765625,1295
2026-09-15 20:50:00,4326.5,4327.39990234375,4322.5,4324.10009765625,919
2026-09-15 21:00:00,4324.2001953125,4328.39990234375,4321.7001953125,4327.89990234375,1327
2026-09-15 21:10:00,4327.7998046875,4330.7998046875,4325.2998046875,4326.60009765625,1009
2026-09-15 21:20:00,4326.7001953125,4335.2001953125,4326.7001953125,4329.89990234375,2699
2026-09-15 21:30:00,4329.60009765625,4331.7998046875,4328.2998046875,4330.7001953125,848
2026-09-15 21:40:00,4330.89990234375,4331.10009765625,4325.39990234375,4328.7001953125,886
2026-09-15 21:50:00,4328.5,4337.2998046875,4327.89990234375,4335.89990234375,1897
2026-09-15 22:00:00,4335.7001953125,4338.2001953125,4331.60009765625,4335.60009765625,1900
2026-09-15 22:10:00,4335.0,4337.7998046875,4333.2001953125,4335.60009765625,725
2026-09-15 22:20:00,4335.5,4338.39990234375,4335.2001953125,4335.60009765625,1137
2026-09-15 22:30:00,4335.7998046875,4336.89990234375,4330.5,4332.89990234375,1693
2026-09-15 22:40:00,4333.2001953125,4339.7001953125,4332.89990234375,4336.39990234375,1766
2026-09-15 22:50:00,4336.39990234375,4336.89990234375,4331.89990234375,4333.7001953125,2510
2026-09-15 23:00:00,4333.60009765625,4339.7998046875,4333.39990234375,4336.2998046875,1825
2026-09-15 23:10:00,4336.2998046875,4336.5,4332.7001953125,4335.60009765625,638
2026-09-15 23:20:00,4335.5,4336.89990234375,4334.5,4335.2998046875,693
2026-09-15 23:30:00,4335.5,4339.0,4332.89990234375,4336.7998046875,1093
2026-09-15 23:40:00,4336.89990234375,4347.2001953125,4336.39990234375,4345.39990234375,2594
2026-09-15 23:50:00,4345.7001953125,4346.60009765625,4343.60009765625,4345.0,824
2026-09-16 00:00:00,4344.89990234375,4345.10009765625,4341.7998046875,4343.7998046875,550
2026-09-16 00:10:00,4343.5,4348.7998046875,4343.2998046875,4347.0,1072
2026-09-16 00:20:00,4347.2998046875,4350.60009765625,4346.5,4348.7001953125,739
2026-09-16 00:30:00,4348.7001953125,4350.7998046875,4342.0,4343.7998046875,1008
2026-09-16 00:40:00,4344.0,4344.39990234375,4339.10009765625,4339.7001953125,675
2026-09-16 00:50:00,4339.89990234375,4341.60009765625,4337.7998046875,4340.89990234375,460
2026-09-16 01:00:00,4340.60009765625,4342.10009765625,4337.89990234375,4338.5,363
2026-09-16 01:10:00,4338.10009765625,4339.60009765625,4335.89990234375,4338.5,702
2026-09-16 01:20:00,4338.39990234375,4339.2998046875,4333.7001953125,4337.2998046875,1290
2026-09-16 01:30:00,4337.2998046875,4338.7998046875,4335.5,4337.39990234375,670
2026-09-16 01:40:00,4337.7001953125,4338.39990234375,4335.10009765625,4335.89990234375,304
2026-09-16 01:50:00,4335.60009765625,4336.7001953125,4333.7001953125,4334.10009765625,461
2026-09-16 02:00:00,4334.2998046875,4335.89990234375,4331.60009765625,4332.60009765625,378
2026-09-16 02:10:00,4332.39990234375,4333.2998046875,4331.89990234375,4332.5,138
2026-09-16 02:20:00,4332.39990234375,4334.2998046875,4331.7998046875,4333.39990234375,309
2026-09-16 02:30:00,,,,,0
2026-09-16 02:40:00,,,,,0
2026-09-16 02:50:00,,,,,0
2026-09-16 03:00:00,,,,,0
2026-09-16 03:10:00,,,,,0
2026-09-16 03:20:00,,,,,0
2026-09-16 03:30:00,4333.5,4335.89990234375,4333.2998046875,4335.2001953125,160
2026-09-16 03:40:00,4334.7998046875,4335.39990234375,4331.39990234375,4331.39990234375,548
2026-09-16 03:50:00,4331.2998046875,4339.10009765625,4330.89990234375,4339.0,1759
2026-09-16 04:00:00,4339.10009765625,4339.5,4335.60009765625,4338.0,583
2026-09-16 04:10:00,4338.0,4338.0,4334.2998046875,4334.39990234375,293
2026-09-16 04:20:00,4334.60009765625,4335.10009765625,4329.2001953125,4329.2001953125,1169
2026-09-16 04:30:00,4329.10009765625,4329.7001953125,4324.7998046875,4325.89990234375,773
2026-09-16 04:40:00,4326.10009765625,4328.7998046875,4325.39990234375,4326.89990234375,568
2026-09-16 04:50:00,4327.10009765625,4327.2998046875,4322.0,4324.39990234375,744
2026-09-16 05:00:00,4324.0,4328.10009765625,4322.89990234375,4325.60009765625,1602
2026-09-16 05:10:00,4325.5,4327.0,4324.0,4324.0,411
2026-09-16 05:20:00,4324.10009765625,4325.2998046875,4321.2001953125,4323.2998046875,1234
2026-09-16 05:30:00,4323.89990234375,4325.10009765625,4320.7001953125,4322.0,521
2026-09-16 05:40:00,4321.7998046875,4326.0,4320.89990234375,4325.7001953125,329
2026-09-16 05:50:00,4325.7998046875,4326.5,4323.60009765625,4324.39990234375,254
2026-09-16 06:00:00,4324.7998046875,4324.89990234375,4319.7001953125,4321.39990234375,315
2026-09-16 06:10:00,4321.60009765625,4325.89990234375,4320.7998046875,4323.0,925
2026-09-16 06:20:00,4322.89990234375,4322.89990234375,4315.2001953125,4317.10009765625,1365
2026-09-16 06:30:00,4317.10009765625,4324.7001953125,4316.2998046875,4321.39990234375,1800
2026-09-16 06:40:00,4320.7001953125,4329.7998046875,4318.89990234375,4327.0,1364
2026-09-16 06:50:00,4327.10009765625,4333.2998046875,4327.0,4330.10009765625,1032
2026-09-16 07:00:00,4330.10009765625,4331.2001953125,4325.7001953125,4325.7001953125,493
2026-09-16 07:10:00,4325.60009765625,4330.2998046875,4324.60009765625,4327.39990234375,708
2026-09-16 07:20:00,4327.2998046875,4328.5,4319.39990234375,4321.7998046875,923
2026-09-16 07:30:00,4322.0,4328.89990234375,4321.39990234375,4328.60009765625,527
2026-09-16 07:40:00,4328.7998046875,4334.7001953125,4328.7998046875,4331.2001953125,2084
2026-09-16 07:50:00,4331.2001953125,4340.5,4330.39990234375,4338.7998046875,951
2026-09-16 08:00:00,4338.89990234375,4356.7001953125,4338.2998046875,4351.7998046875,3571
2026-09-16 08:10:00,4351.89990234375,4356.2001953125,4351.10009765625,4355.60009765625,1379
2026-09-16 08:20:00,4355.89990234375,4363.89990234375,4354.0,4362.10009765625,2646
2026-09-16 08:30:00,4362.2998046875,4371.39990234375,4361.89990234375,4367.39990234375,2705
2026-09-16 08:40:00,4367.89990234375,4380.7001953125,4367.0,4376.5,2629
2026-09-16 08:50:00,4376.7998046875,4381.89990234375,4372.60009765625,4372.60009765625,1673
2026-09-16 09:00:00,4372.5,4373.39990234375,4366.89990234375,4368.0,1058
2026-09-16 09:10:00,4368.2998046875,4370.2001953125,4363.89990234375,4364.2001953125,859
2026-09-16 09:20:00,4364.2001953125,4368.2001953125,4363.2998046875,4367.2001953125,404
2026-09-16 09:30:00,4368.0,4369.2001953125,4366.39990234375,4367.10009765625,376
2026-09-16 09:40:00,4367.2001953125,4368.7001953125,4364.0,4364.60009765625,363
2026-09-16 09:50:00,4364.7001953125,4369.2001953125,4364.5,4366.60009765625,325
2026-09-16 10:00:00,4366.39990234375,4369.10009765625,4365.5,4366.60009765625,228
2026-09-16 10:10:00,4366.7998046875,4367.0,4361.7001953125,4361.89990234375,362
2026-09-16 10:20:00,4361.89990234375,4363.2001953125,4361.5,4362.60009765625,221
2026-09-16 10:30:00,4362.7998046875,4365.2998046875,4361.7001953125,4364.10009765625,494
2026-09-16 10:40:00,4364.5,4366.7998046875,4361.89990234375,4366.5,543
2026-09-16 10:50:00,4366.39990234375,4367.7001953125,4364.0,4365.7001953125,433
2026-09-16 11:00:00,4365.89990234375,4371.39990234375,4365.0,4369.2001953125,902
2026-09-16 11:10:00,4369.60009765625,4374.2998046875,4368.2998046875,4369.5,708
2026-09-16 11:20:00,4369.5,4372.39990234375,4366.89990234375,4366.89990234375,464
2026-09-16 11:30:00,4366.89990234375,4372.39990234375,4361.7001953125,4364.39990234375,1151
2026-09-16 11:40:00,4364.39990234375,4367.60009765625,4364.2998046875,4367.0,502
2026-09-16 11:50:00,4367.2001953125,4370.39990234375,4365.7001953125,4367.0,647
2026-09-16 12:00:00,4366.7998046875,4367.5,4364.0,4365.7001953125,565
2026-09-16 12:10:00,4365.2001953125,4368.5,4364.5,4367.89990234375,475
2026-09-16 12:20:00,4368.0,4373.39990234375,4366.7998046875,4373.2001953125,749
2026-09-16 12:30:00,4372.7001953125,4376.2001953125,4370.0,4373.5,1015
2026-09-16 12:40:00,4373.5,4378.0,4371.60009765625,4373.2001953125,834
2026-09-16 12:50:00,4373.2998046875,4376.2998046875,4372.2998046875,4375.7998046875,368
2026-09-16 13:00:00,4375.89990234375,4378.7998046875,4374.0,4377.89990234375,583
2026-09-16 13:10:00,4378.2998046875,4379.10009765625,4373.5,4373.60009765625,930
2026-09-16 13:20:00,4373.7001953125,4373.89990234375,4368.2001953125,4369.0,1047
2026-09-16 13:30:00,4369.0,4369.2998046875,4363.60009765625,4365.0,1274
2026-09-16 13:40:00,4364.60009765625,4375.5,4362.60009765625,4372.2001953125,2262
2026-09-16 13:50:00,4372.10009765625,4377.7001953125,4371.0,4374.2998046875,1459
2026-09-16 14:00:00,4374.39990234375,4374.60009765625,4364.7001953125,4365.10009765625,1151
2026-09-16 14:10:00,4365.2998046875,4369.60009765625,4363.89990234375,4367.7001953125,570
2026-09-16 14:20:00,4367.2998046875,4372.2001953125,4365.2001953125,4371.10009765625,856
2026-09-16 14:30:00,4371.2001953125,4373.2998046875,4370.5,4372.10009765625,547
2026-09-16 14:40:00,4372.2998046875,4375.0,4369.89990234375,4370.89990234375,1108
2026-09-16 14:50:00,4370.7001953125,4374.5,4368.2998046875,4370.60009765625,1478
2026-09-16 15:00:00,4370.2998046875,4377.0,4370.2998046875,4376.0,1301
2026-09-16 15:10:00,4375.60009765625,4378.39990234375,4372.2001953125,4375.39990234375,954
2026-09-16 15:20:00,4376.10009765625,4380.2998046875,4375.10009765625,4379.10009765625,935
2026-09-16 15:30:00,4379.10009765625,4386.89990234375,4378.60009765625,4386.39990234375,2202
2026-09-16 15:40:00,4386.5,4390.2001953125,4382.7001953125,4384.2001953125,2912
2026-09-16 15:50:00,4383.89990234375,4390.0,4382.0,4389.2998046875,1589
2026-09-16 16:00:00,4389.39990234375,4390.60009765625,4386.89990234375,4388.89990234375,791
2026-09-16 16:10:00,4389.0,4390.60009765625,4388.60009765625,4389.89990234375,760
2026-09-16 16:20:00,4389.7998046875,4393.0,4386.60009765625,4391.89990234375,1044
2026-09-16 16:30:00,4392.0,4394.5,4389.60009765625,4390.89990234375,2219
2026-09-16 16:40:00,4390.5,4392.10009765625,4387.39990234375,4388.7998046875,949
2026-09-16 16:50:00,4388.60009765625,4394.7998046875,4387.39990234375,4391.7998046875,1456
2026-09-16 17:00:00,4391.7001953125,4394.2001953125,4389.7001953125,4391.7001953125,874
2026-09-16 17:10:00,4391.7998046875,4392.10009765625,4388.0,4388.2001953125,1079
2026-09-16 17:20:00,4388.2001953125,4389.2998046875,4382.7001953125,4382.7998046875,1081
2026-09-16 17:30:00,4382.7998046875,4389.2998046875,4381.60009765625,4389.0,1740
2026-09-16 17:40:00,4388.7998046875,4388.89990234375,4381.5,4383.2998046875,1634
2026-09-16 17:50:00,4383.2001953125,4383.2001953125,4378.60009765625,4381.0,1598
2026-09-16 18:00:00,4380.7001953125,4385.39990234375,4375.0,4384.7001953125,1815
2026-09-16 18:10:00,4384.5,4388.10009765625,4382.60009765625,4387.2001953125,1276
2026-09-16 18:20:00,4387.2001953125,4390.10009765625,4383.60009765625,4388.39990234375,1762
2026-09-16 18:30:00,4388.5,4391.5,4385.0,4389.5,2512
2026-09-16 18:40:00,4389.7001953125,4402.89990234375,4389.10009765625,4394.60009765625,3261
2026-09-16 18:50:00,4394.60009765625,4397.2001953125,4390.60009765625,4393.2001953125,1611
2026-09-16 19:00:00,4393.10009765625,4395.5,4386.39990234375,4387.0,2388
2026-09-16 19:10:00,4386.89990234375,4388.39990234375,4381.60009765625,4384.10009765625,2068
2026-09-16 19:20:00,4384.10009765625,4386.39990234375,4376.2998046875,4379.89990234375,1921
2026-09-16 19:30:00,4379.89990234375,4380.7001953125,4364.5,4371.2001953125,5135
2026-09-16 19:40:00,4371.2001953125,4382.89990234375,4371.0,4374.2001953125,4123
2026-09-16 19:50:00,4374.10009765625,4379.89990234375,4372.39990234375,4379.7001953125,1589
2026-09-16 20:00:00,4379.60009765625,4384.2998046875,4376.0,4382.7001953125,1413
2026-09-16 20:10:00,4382.7001953125,4392.7001953125,4381.7998046875,4392.2998046875,2277
2026-09-16 20:20:00,4392.39990234375,4398.10009765625,4389.39990234375,4397.2998046875,2590
2026-09-16 20:30:00,4397.2001953125,4400.2001953125,4391.89990234375,4399.2001953125,2819
2026-09-16 20:40:00,4399.2998046875,4400.10009765625,4393.2998046875,4395.7998046875,1849
2026-09-16 20:50:00,4395.2998046875,4395.89990234375,4385.89990234375,4386.10009765625,1727
2026-09-16 21:00:00,4386.2001953125,4394.60009765625,4384.5,4392.10009765625,1678
2026-09-16 21:10:00,4392.2998046875,4405.2001953125,4391.39990234375,4395.0,3583
2026-09-16 21:20:00,4395.5,4397.39990234375,4392.0,4394.7001953125,1206
2026-09-16 21:30:00,4394.89990234375,4395.0,4388.5,4391.5,935
2026-09-16 21:40:00,4391.7998046875,4394.10009765625,4390.2001953125,4391.5,809
2026-09-16 21:50:00,4391.39990234375,4392.0,4386.10009765625,4387.7998046875,1084
2026-09-16 22:00:00,4387.7001953125,4390.2998046875,4386.7998046875,4388.89990234375,1127
2026-09-16 22:10:00,4388.89990234375,4390.60009765625,4388.10009765625,4388.10009765625,495
2026-09-16 22:20:00,4387.7001953125,4389.2998046875,4385.2998046875,4388.5,1270
2026-09-16 22:30:00,4388.2998046875,4388.5,4384.7001953125,4385.10009765625,1295
2026-09-16 22:40:00,4385.10009765625,4386.7001953125,4383.39990234375,4386.2001953125,1152
2026-09-16 22:50:00,4386.2998046875,4389.0,4383.89990234375,4388.2001953125,1524
2026-09-16 23:00:00,4388.39990234375,4391.60009765625,4385.0,4385.39990234375,1447
2026-09-16 23:10:00,4385.2998046875,4386.89990234375,4384.10009765625,4386.10009765625,942
2026-09-16 23:20:00,4386.10009765625,4413.10009765625,4385.7998046875,4399.0,2875
2026-09-16 23:30:00,4404.2001953125,4412.0,4355.2001953125,4372.89990234375,14685
2026-09-16 23:40:00,4373.39990234375,4376.10009765625,4347.89990234375,4360.2998046875,8213
2026-09-16 23:50:00,4359.7998046875,4365.7998046875,4353.5,4363.89990234375,3259
2026-09-17 00:00:00,4363.5,4365.0,4298.89990234375,4331.89990234375,15425
2026-09-17 00:10:00,4331.39990234375,4351.7998046875,4325.7998046875,4334.2001953125,7738
2026-09-17 00:20:00,4334.2001953125,4337.39990234375,4296.2001953125,4301.2998046875,8608
2026-09-17 00:30:00,4301.0,4326.89990234375,4288.0,4289.7998046875,10555
2026-09-17 00:40:00,4289.7001953125,4296.10009765625,4273.2998046875,4286.89990234375,8743
2026-09-17 00:50:00,4287.10009765625,4296.7998046875,4278.7001953125,4292.60009765625,3081
2026-09-17 01:00:00,4292.89990234375,4305.10009765625,4292.5,4302.7998046875,3070
2026-09-17 01:10:00,4302.5,4310.89990234375,4300.39990234375,4308.5,2375
2026-09-17 01:20:00,4308.89990234375,4315.5,4306.7001953125,4311.39990234375,2600
2026-09-17 01:30:00,4311.2001953125,4312.89990234375,4305.10009765625,4306.7001953125,1202
2026-09-17 01:40:00,4306.89990234375,4307.60009765625,4302.89990234375,4305.7998046875,639
2026-09-17 01:50:00,4305.7998046875,4305.7998046875,4296.89990234375,4299.7998046875,724
2026-09-17 02:00:00,4299.7001953125,4304.10009765625,4297.60009765625,4304.10009765625,498
2026-09-17 02:10:00,4303.7998046875,4305.5,4300.89990234375,4304.7001953125,371
2026-09-17 02:20:00,4304.7001953125,4304.89990234375,4299.89990234375,4302.5,287
2026-09-17 02:30:00,,,,,0
2026-09-17 02:40:00,,,,,0
2026-09-17 02:50:00,,,,,0
2026-09-17 03:00:00,,,,,0
2026-09-17 03:10:00,,,,,0
2026-09-17 03:20:00,,,,,0
2026-09-17 03:30:00,4301.39990234375,4302.7001953125,4296.2998046875,4298.2998046875,271
2026-09-17 03:40:00,4298.10009765625,4299.0,4294.5,4296.7001953125,527
2026-09-17 03:50:00,4296.39990234375,4300.60009765625,4296.39990234375,4299.10009765625,431
2026-09-17 04:00:00,4299.2998046875,4314.0,4299.0,4312.60009765625,1767
2026-09-17 04:10:00,4312.7001953125,4312.7998046875,4307.7998046875,4308.0,250
2026-09-17 04:20:00,4307.7998046875,4309.7001953125,4303.2001953125,4304.7001953125,952
2026-09-17 04:30:00,4304.0,4306.10009765625,4296.7998046875,4302.5,1598
2026-09-17 04:40:00,4302.5,4308.60009765625,4299.0,4306.2998046875,909
2026-09-17 04:50:00,4307.10009765625,4311.10009765625,4307.10009765625,4309.7998046875,522
2026-09-17 05:00:00,4309.89990234375,4311.2998046875,4306.39990234375,4309.10009765625,351
2026-09-17 05:10:00,4308.7001953125,4313.60009765625,4307.0,4311.60009765625,1123
2026-09-17 05:20:00,4311.7001953125,4313.7001953125,4309.2998046875,4309.7001953125,519
2026-09-17 05:30:00,4309.7998046875,4315.7998046875,4304.39990234375,4315.7998046875,1056
2026-09-17 05:40:00,4316.0,4324.7998046875,4316.0,4322.7998046875,1528
2026-09-17 05:50:00,4322.5,4327.7001953125,4321.5,4322.7998046875,1279
2026-09-17 06:00:00,4322.5,4327.2001953125,4320.39990234375,4325.89990234375,635
2026-09-17 06:10:00,4326.10009765625,4330.39990234375,4322.5,4322.7998046875,779
2026-09-17 06:20:00,4323.0,4323.89990234375,4315.2001953125,4318.5,1398
2026-09-17 06:30:00,4318.39990234375,4348.7001953125,4318.39990234375,4341.60009765625,4266
2026-09-17 06:40:00,4341.2998046875,4345.0,4332.89990234375,4340.7998046875,1594
2026-09-17 06:50:00,4340.5,4350.89990234375,4339.60009765625,4348.10009765625,1350
2026-09-17 07:00:00,4347.39990234375,4356.2001953125,4346.60009765625,4349.89990234375,1608
2026-09-17 07:10:00,4350.0,4350.89990234375,4344.5,4349.0,1451
2026-09-17 07:20:00,4348.5,4349.2001953125,4335.7998046875,4337.89990234375,957
2026-09-17 07:30:00,4338.2001953125,4338.89990234375,4323.0,4325.0,1880
2026-09-17 07:40:00,4325.0,4330.7001953125,4319.0,4330.39990234375,1387
2026-09-17 07:50:00,4330.5,4331.2998046875,4327.7998046875,4330.10009765625,563
2026-09-17 08:00:00,4330.10009765625,4331.10009765625,4321.39990234375,4321.89990234375,1060
2026-09-17 08:10:00,4321.5,4329.0,4319.7001953125,4321.89990234375,916
2026-09-17 08:20:00,4321.60009765625,4322.0,4312.0,4315.2001953125,1252
2026-09-17 08:30:00,4315.2001953125,4324.5,4315.2001953125,4322.89990234375,747
2026-09-17 08:40:00,4322.89990234375,4325.0,4320.10009765625,4324.5,441
2026-09-17 08:50:00,4324.60009765625,4325.0,4321.0,4323.7998046875,244
2026-09-17 09:00:00,4323.7998046875,4331.7998046875,4323.7998046875,4330.2998046875,775
2026-09-17 09:10:00,4330.7001953125,4335.10009765625,4329.89990234375,4334.10009765625,852
2026-09-17 09:20:00,4334.0,4336.0,4332.7001953125,4335.39990234375,415
2026-09-17 09:30:00,4334.2001953125,4335.10009765625,4331.7001953125,4334.7998046875,444
2026-09-17 09:40:00,4334.7001953125,4334.7001953125,4330.89990234375,4331.60009765625,288
2026-09-17 09:50:00,4331.5,4334.10009765625,4329.39990234375,4330.0,388
2026-09-17 10:00:00,4329.60009765625,4335.0,4328.7001953125,4333.5,394
2026-09-17 10:10:00,4333.60009765625,4337.5,4331.60009765625,4335.7001953125,576
2026-09-17 10:20:00,4336.0,4337.2998046875,4334.0,4336.10009765625,566
2026-09-17 10:30:00,4335.60009765625,4337.60009765625,4335.2998046875,4335.89990234375,256
2026-09-17 10:40:00,4335.89990234375,4335.89990234375,4327.0,4327.10009765625,519
2026-09-17 10:50:00,4326.60009765625,4326.60009765625,4323.7001953125,4324.7998046875,491
2026-09-17 11:00:00,4324.89990234375,4335.60009765625,4324.60009765625,4335.2001953125,821
2026-09-17 11:10:00,4335.5,4337.60009765625,4332.7998046875,4336.0,428
2026-09-17 11:20:00,4336.60009765625,4343.7001953125,4336.60009765625,4342.60009765625,744
2026-09-17 11:30:00,4342.5,4349.2001953125,4342.2998046875,4348.7001953125,1358
2026-09-17 11:40:00,4348.39990234375,4351.0,4343.2001953125,4346.10009765625,939
2026-09-17 11:50:00,4345.60009765625,4351.60009765625,4344.10009765625,4350.7001953125,551
2026-09-17 12:00:00,4350.39990234375,4353.7998046875,4344.2998046875,4344.89990234375,878
2026-09-17 12:10:00,4344.60009765625,4350.2998046875,4344.60009765625,4349.10009765625,764
2026-09-17 12:20:00,4348.7998046875,4350.10009765625,4345.2998046875,4349.5,622
2026-09-17 12:30:00,4349.39990234375,4354.89990234375,4347.7998046875,4353.60009765625,905
2026-09-17 12:40:00,4354.0,4368.2998046875,4354.0,4362.7001953125,2491
2026-09-17 12:50:00,4363.0,4368.7998046875,4358.0,4368.2001953125,1483
2026-09-17 13:00:00,4368.2998046875,4373.60009765625,4368.2998046875,4373.2998046875,1405
2026-09-17 13:10:00,4373.2001953125,4374.39990234375,4368.0,4371.5,1578
2026-09-17 13:20:00,4371.10009765625,4371.2001953125,4362.7001953125,4366.10009765625,1286
2026-09-17 13:30:00,4366.39990234375,4367.2001953125,4364.7001953125,4365.89990234375,555
2026-09-17 13:40:00,4365.60009765625,4366.39990234375,4355.10009765625,4355.89990234375,1643
2026-09-17 13:50:00,4356.10009765625,4357.0,4353.7001953125,4355.10009765625,1282
2026-09-17 14:00:00,4355.2001953125,4359.0,4351.2998046875,4358.10009765625,1037
2026-09-17 14:10:00,4358.0,4358.5,4349.2001953125,4351.0,736
2026-09-17 14:20:00,4350.89990234375,4353.2001953125,4349.5,4350.7001953125,628
2026-09-17 14:30:00,4351.2998046875,4356.2998046875,4351.2001953125,4355.89990234375,677
2026-09-17 14:40:00,4355.89990234375,4358.5,4350.60009765625,4350.89990234375,1094
2026-09-17 14:50:00,4350.5,4352.5,4344.7998046875,4345.39990234375,915
2026-09-17 15:00:00,4345.2998046875,4349.0,4343.89990234375,4348.10009765625,1038
2026-09-17 15:10:00,4348.0,4350.2001953125,4345.7001953125,4348.7001953125,586
2026-09-17 15:20:00,4348.7001953125,4350.39990234375,4344.60009765625,4345.10009765625,596
2026-09-17 15:30:00,4345.2998046875,4350.7001953125,4343.7998046875,4348.0,573
2026-09-17 15:40:00,4348.39990234375,4352.7998046875,4345.89990234375,4345.89990234375,439
2026-09-17 15:50:00,4346.2998046875,4355.10009765625,4346.2998046875,4352.7998046875,551
2026-09-17 16:00:00,4353.0,4358.10009765625,4351.60009765625,4356.0,824
2026-09-17 16:10:00,4356.10009765625,4358.2998046875,4354.2001953125,4357.7001953125,286
2026-09-17 16:20:00,4358.2998046875,4364.7001953125,4358.10009765625,4363.7001953125,1094
2026-09-17 16:30:00,4363.89990234375,4376.5,4363.2001953125,4375.7001953125,2582
2026-09-17 16:40:00,4375.7001953125,4379.7001953125,4366.39990234375,4366.39990234375,2037
2026-09-17 16:50:00,4366.5,4372.89990234375,4366.0,4368.0,1019
2026-09-17 17:00:00,4368.10009765625,4368.5,4363.60009765625,4365.5,937
2026-09-17 17:10:00,4365.2998046875,4372.5,4362.89990234375,4372.39990234375,1131
2026-09-17 17:20:00,4372.2001953125,4393.5,4371.10009765625,4390.0,4063
2026-09-17 17:30:00,4390.0,4394.7001953125,4383.7998046875,4393.2001953125,4440
2026-09-17 17:40:00,4393.39990234375,4406.7001953125,4391.5,4405.89990234375,3404
2026-09-17 17:50:00,4406.10009765625,4423.2998046875,4403.5,4421.2998046875,5794
2026-09-17 18:00:00,4421.0,4421.0,4404.2001953125,4410.2998046875,3831
2026-09-17 18:10:00,4410.2001953125,4410.89990234375,4399.39990234375,4406.89990234375,2639
2026-09-17 18:20:00,4407.0,4415.2998046875,4407.0,4413.7998046875,2283
2026-09-17 18:30:00,4413.7998046875,4415.0,4404.5,4406.60009765625,2892
2026-09-17 18:40:00,4406.7001953125,4415.60009765625,4400.60009765625,4413.0,1951
2026-09-17 18:50:00,4413.2001953125,4415.7998046875,4405.5,4407.39990234375,1175
2026-09-17 19:00:00,4407.60009765625,4415.0,4401.7998046875,4401.89990234375,3376
2026-09-17 19:10:00,4401.89990234375,4409.7998046875,4395.89990234375,4408.10009765625,3431
2026-09-17 19:20:00,4408.0,4412.5,4405.0,4407.39990234375,2313
2026-09-17 19:30:00,4407.2998046875,4420.89990234375,4405.2001953125,4417.89990234375,3072
2026-09-17 19:40:00,4417.89990234375,4420.89990234375,4406.60009765625,4409.7998046875,2060
2026-09-17 19:50:00,4410.0,4413.60009765625,4406.10009765625,4407.5,1402
2026-09-17 20:00:00,4407.89990234375,4408.5,4401.60009765625,4401.89990234375,1981
2026-09-17 20:10:00,4401.7001953125,4405.39990234375,4398.7998046875,4401.7998046875,2252
2026-09-17 20:20:00,4402.2001953125,4402.7998046875,4392.2001953125,4394.5,1944
2026-09-17 20:30:00,4394.60009765625,4399.60009765625,4391.7998046875,4396.89990234375,1435
2026-09-17 20:40:00,4396.60009765625,4405.2001953125,4393.89990234375,4403.7001953125,1498
2026-09-17 20:50:00,4403.7998046875,4403.89990234375,4397.0,4398.2998046875,1245
2026-09-17 21:00:00,4399.10009765625,4404.10009765625,4396.0,4402.7998046875,1248
2026-09-17 21:10:00,4402.89990234375,4407.89990234375,4402.60009765625,4405.7001953125,1572
2026-09-17 21:20:00,4405.5,4410.2001953125,4404.10009765625,4409.7998046875,1012
2026-09-17 21:30:00,4410.10009765625,4412.7001953125,4407.2998046875,4409.5,1612
2026-09-17 21:40:00,4410.0,4410.2001953125,4405.5,4406.89990234375,1168
2026-09-17 21:50:00,4406.89990234375,4408.10009765625,4403.2998046875,4407.2998046875,1026
2026-09-17 22:00:00,4407.2001953125,4407.39990234375,4397.10009765625,4399.7001953125,1617
2026-09-17 22:10:00,4399.7998046875,4401.2998046875,4397.2001953125,4398.0,839
2026-09-17 22:20:00,4397.5,4402.10009765625,4395.2998046875,4401.89990234375,1893
2026-09-17 22:30:00,4402.10009765625,4405.7001953125,4398.2001953125,4403.7001953125,1318
2026-09-17 22:40:00,4403.5,4404.0,4399.10009765625,4400.2001953125,750
2026-09-17 22:50:00,4400.2001953125,4402.39990234375,4397.60009765625,4400.2001953125,1901
2026-09-17 23:00:00,4400.2998046875,4403.7001953125,4397.2998046875,4397.7001953125,742
2026-09-17 23:10:00,4397.7001953125,4400.7001953125,4397.7001953125,4399.10009765625,370
2026-09-17 23:20:00,4399.2001953125,4401.39990234375,4399.2001953125,4400.2998046875,364
2026-09-17 23:30:00,4401.2001953125,4404.39990234375,4400.10009765625,4402.10009765625,481
2026-09-17 23:40:00,4401.89990234375,4405.60009765625,4400.39990234375,4400.7998046875,491
2026-09-17 23:50:00,4400.7998046875,4401.2998046875,4395.7998046875,4396.0,642
2026-09-18 00:00:00,4396.2998046875,4396.5,4388.10009765625,4391.2001953125,1482
2026-09-18 00:10:00,4390.89990234375,4392.7001953125,4389.7001953125,4391.5,805
2026-09-18 00:20:00,4391.39990234375,4391.60009765625,4388.7001953125,4390.89990234375,513
2026-09-18 00:30:00,4391.2001953125,4395.39990234375,4390.7001953125,4394.10009765625,601
2026-09-18 00:40:00,4394.10009765625,4395.2001953125,4388.2998046875,4391.2001953125,576
2026-09-18 00:50:00,4391.39990234375,4391.39990234375,4382.39990234375,4382.39990234375,1142
2026-09-18 01:00:00,4382.5,4386.0,4381.60009765625,4383.60009765625,567
2026-09-18 01:10:00,4383.5,4386.7998046875,4383.2001953125,4384.2001953125,703
2026-09-18 01:20:00,4384.7001953125,4388.7998046875,4384.2001953125,4385.2001953125,910
2026-09-18 01:30:00,4385.60009765625,4386.2001953125,4382.5,4384.2998046875,470
2026-09-18 01:40:00,4384.2001953125,4384.2998046875,4381.39990234375,4382.2001953125,249
2026-09-18 01:50:00,4382.7001953125,4384.7001953125,4381.5,4381.7001953125,216
2026-09-18 02:00:00,4381.7998046875,4382.2998046875,4380.2998046875,4381.7998046875,362
2026-09-18 02:10:00,4381.7001953125,4383.39990234375,4380.39990234375,4381.7998046875,318
2026-09-18 02:20:00,4381.60009765625,4382.0,4380.2998046875,4380.60009765625,197
2026-09-18 02:30:00,,,,,0
2026-09-18 02:40:00,,,,,0
2026-09-18 02:50:00,,,,,0
2026-09-18 03:00:00,,,,,0
2026-09-18 03:10:00,,,,,0
2026-09-18 03:20:00,,,,,0
2026-09-18 03:30:00,4381.60009765625,4384.10009765625,4380.7001953125,4381.7001953125,48
2026-09-18 03:40:00,4381.7998046875,4384.0,4380.7998046875,4381.0,417
2026-09-18 03:50:00,4380.7998046875,4383.7998046875,4380.5,4383.7001953125,680
2026-09-18 04:00:00,4383.7998046875,4388.5,4383.39990234375,4387.89990234375,1048
2026-09-18 04:10:00,4387.5,4387.89990234375,4380.5,4381.2998046875,636
2026-09-18 04:20:00,4381.10009765625,4385.0,4380.10009765625,4383.0,1294
2026-09-18 04:30:00,4383.2001953125,4383.7001953125,4378.2998046875,4383.2998046875,737
2026-09-18 04:40:00,4382.60009765625,4385.2001953125,4380.39990234375,4383.39990234375,456
2026-09-18 04:50:00,4383.7001953125,4386.7001953125,4381.0,4383.2001953125,873
2026-09-18 05:00:00,4383.0,4383.7998046875,4382.5,4382.89990234375,131
2026-09-18 05:10:00,4382.7998046875,4384.7001953125,4382.0,4383.60009765625,216
2026-09-18 05:20:00,4383.60009765625,4387.10009765625,4383.39990234375,4385.0,149
2026-09-18 05:30:00,4384.39990234375,4385.7998046875,4380.7001953125,4385.7998046875,377
2026-09-18 05:40:00,4385.89990234375,4394.0,4385.2998046875,4391.60009765625,797
2026-09-18 05:50:00,4391.7001953125,4396.2998046875,4389.60009765625,4392.5,693
2026-09-18 06:00:00,4392.0,4399.5,4391.89990234375,4397.39990234375,599
2026-09-18 06:10:00,4396.7001953125,4398.39990234375,4391.39990234375,4392.7001953125,409
2026-09-18 06:20:00,4392.2998046875,4396.60009765625,4391.2998046875,4394.89990234375,469
2026-09-18 06:30:00,4395.5,4404.60009765625,4395.5,4400.2001953125,1502
2026-09-18 06:40:00,4400.2001953125,4401.0,4393.60009765625,4399.2998046875,861
2026-09-18 06:50:00,4399.10009765625,4403.2998046875,4397.10009765625,4398.5,704
2026-09-18 07:00:00,4398.60009765625,4398.7001953125,4389.10009765625,4389.89990234375,847
2026-09-18 07:10:00,4389.2998046875,4389.7001953125,4384.10009765625,4387.0,779
2026-09-18 07:20:00,4387.10009765625,4389.2001953125,4382.60009765625,4387.0,576
2026-09-18 07:30:00,4387.0,4390.7001953125,4384.89990234375,4388.10009765625,546
2026-09-18 07:40:00,4387.7998046875,4391.60009765625,4385.7001953125,4387.5,619
2026-09-18 07:50:00,4387.7998046875,4392.5,4386.7001953125,4391.5,355
2026-09-18 08:00:00,4392.10009765625,4395.10009765625,4389.0,4390.60009765625,651
2026-09-18 08:10:00,4390.7001953125,4394.39990234375,4388.60009765625,4393.10009765625,429
2026-09-18 08:20:00,4392.89990234375,4394.10009765625,4381.7998046875,4385.39990234375,906
2026-09-18 08:30:00,4384.7998046875,4390.39990234375,4383.39990234375,4384.2998046875,945
2026-09-18 08:40:00,4384.2998046875,4386.60009765625,4375.10009765625,4375.89990234375,1478
2026-09-18 08:50:00,4375.60009765625,4379.39990234375,4372.2001953125,4379.2998046875,1567
2026-09-18 09:00:00,4379.0,4391.89990234375,4378.7998046875,4391.10009765625,1244
2026-09-18 09:10:00,4391.2998046875,4399.10009765625,4390.2998046875,4397.10009765625,1166
2026-09-18 09:20:00,4397.2998046875,4399.5,4395.2998046875,4396.60009765625,707
2026-09-18 09:30:00,4397.60009765625,4400.60009765625,4396.5,4398.2998046875,426
2026-09-18 09:40:00,4398.39990234375,4399.39990234375,4392.39990234375,4392.89990234375,589
2026-09-18 09:50:00,4392.2998046875,4397.5,4391.7998046875,4397.5,297
2026-09-18 10:00:00,4397.2001953125,4400.2998046875,4396.10009765625,4398.7001953125,424
2026-09-18 10:10:00,4399.10009765625,4405.89990234375,4398.5,4404.89990234375,929
2026-09-18 10:20:00,4404.7998046875,4406.89990234375,4400.5,4406.39990234375,770
2026-09-18 10:30:00,4406.7001953125,4409.2001953125,4403.60009765625,4407.7001953125,836
2026-09-18 10:40:00,4407.7998046875,4409.2998046875,4404.89990234375,4408.39990234375,460
2026-09-18 10:50:00,4408.39990234375,4408.89990234375,4403.60009765625,4404.2001953125,403
2026-09-18 11:00:00,4404.39990234375,4413.0,4399.7998046875,4412.2998046875,1869
2026-09-18 11:10:00,4412.0,4418.10009765625,4410.0,4410.60009765625,1618
2026-09-18 11:20:00,4410.2998046875,4417.60009765625,4410.10009765625,4416.89990234375,948
2026-09-18 11:30:00,4417.0,4427.89990234375,4416.7001953125,4426.7998046875,2800
2026-09-18 11:40:00,4427.0,4430.2001953125,4421.5,4424.2998046875,1084
2026-09-18 11:50:00,4424.60009765625,4433.7001953125,4424.10009765625,4432.10009765625,1011
2026-09-18 12:00:00,4432.0,4434.2998046875,4430.2998046875,4434.2998046875,701
2026-09-18 12:10:00,4433.7998046875,4437.10009765625,4433.2001953125,4435.0,942
2026-09-18 12:20:00,4435.2001953125,4435.2001953125,4429.39990234375,4433.5,1067
2026-09-18 12:30:00,4433.2001953125,4435.60009765625,4430.60009765625,4433.60009765625,883
2026-09-18 12:40:00,4433.5,4433.89990234375,4429.0,4432.7001953125,785
2026-09-18 12:50:00,4433.2998046875,4435.89990234375,4431.5,4435.5,698
2026-09-18 13:00:00,4435.5,4437.39990234375,4431.89990234375,4433.89990234375,954
2026-09-18 13:10:00,4433.89990234375,4437.39990234375,4431.10009765625,4436.7998046875,967
2026-09-18 13:20:00,4437.2001953125,4439.7998046875,4432.5,4433.2998046875,1488
2026-09-18 13:30:00,4433.2001953125,4438.2998046875,4432.7998046875,4434.7001953125,757
2026-09-18 13:40:00,4434.60009765625,4435.0,4429.5,4431.39990234375,548
2026-09-18 13:50:00,4431.39990234375,4434.0,4427.39990234375,4427.7001953125,1119
2026-09-18 14:00:00,4428.2001953125,4429.5,4425.89990234375,4426.5,713
2026-09-18 14:10:00,4426.7998046875,4428.89990234375,4424.89990234375,4426.7998046875,575
2026-09-18 14:20:00,4426.7001953125,4434.2001953125,4426.7001953125,4432.10009765625,824
2026-09-18 14:30:00,4432.2998046875,4437.2001953125,4431.5,4436.10009765625,564
2026-09-18 14:40:00,4436.2998046875,4438.2998046875,4432.60009765625,4433.0,663
2026-09-18 14:50:00,4433.10009765625,4435.0,4425.89990234375,4428.0,905
2026-09-18 15:00:00,4427.7001953125,4429.0,4421.10009765625,4421.60009765625,1084
2026-09-18 15:10:00,4421.60009765625,4422.10009765625,4413.10009765625,4414.60009765625,1750
2026-09-18 15:20:00,4414.7001953125,4418.2998046875,4414.2998046875,4416.10009765625,714
2026-09-18 15:30:00,4416.39990234375,4419.7001953125,4415.5,4418.89990234375,698
2026-09-18 15:40:00,4418.89990234375,4419.89990234375,4417.2001953125,4419.60009765625,303
2026-09-18 15:50:00,4419.2998046875,4421.39990234375,4417.89990234375,4421.39990234375,367
2026-09-18 16:00:00,4421.2998046875,4422.2001953125,4418.10009765625,4420.5,592
2026-09-18 16:10:00,4420.2001953125,4421.2001953125,4417.0,4418.39990234375,397
2026-09-18 16:20:00,4418.60009765625,4421.60009765625,4415.7998046875,4421.2998046875,480
2026-09-18 16:30:00,4421.2001953125,4426.39990234375,4416.7998046875,4425.2001953125,1546
2026-09-18 16:40:00,4425.2001953125,4428.10009765625,4420.39990234375,4421.10009765625,682
2026-09-18 16:50:00,4421.10009765625,4423.0,4416.89990234375,4416.89990234375,500
2026-09-18 17:00:00,4417.2998046875,4422.0,4416.60009765625,4418.5,593
2026-09-18 17:10:00,4418.10009765625,4418.89990234375,4413.7001953125,4415.39990234375,747
2026-09-18 17:20:00,4415.2998046875,4421.10009765625,4411.39990234375,4420.7998046875,1455
2026-09-18 17:30:00,4420.89990234375,4421.89990234375,4410.5,4413.7001953125,2185
2026-09-18 17:40:00,4413.7001953125,4415.89990234375,4409.39990234375,4410.10009765625,1051
2026-09-18 17:50:00,4410.0,4410.0,4392.39990234375,4397.0,3865
2026-09-18 18:00:00,4397.0,4412.2001953125,4396.7001953125,4407.2998046875,2357
2026-09-18 18:10:00,4407.7001953125,4409.7001953125,4405.2998046875,4407.60009765625,858
2026-09-18 18:20:00,4407.2001953125,4409.10009765625,4405.10009765625,4407.60009765625,744
2026-09-18 18:30:00,4408.0,4414.5,4402.5,4411.39990234375,2276
2026-09-18 18:40:00,4411.2998046875,4413.39990234375,4409.0,4410.7998046875,985
2026-09-18 18:50:00,4411.2001953125,4411.5,4401.7001953125,4406.10009765625,1715
2026-09-18 19:00:00,4406.0,4406.60009765625,4390.7998046875,4397.60009765625,2896
2026-09-18 19:10:00,4397.60009765625,4397.60009765625,4390.5,4393.39990234375,1719
2026-09-18 19:20:00,4392.7001953125,4395.7998046875,4385.60009765625,4387.60009765625,2387
2026-09-18 19:30:00,4387.5,4394.89990234375,4386.10009765625,4390.39990234375,2257
2026-09-18 19:40:00,4390.60009765625,4394.60009765625,4385.7001953125,4386.5,1337
2026-09-18 19:50:00,4386.60009765625,4392.39990234375,4381.2998046875,4381.5,2093
2026-09-18 20:00:00,4381.2001953125,4392.7998046875,4381.0,4392.0,1914
2026-09-18 20:10:00,4391.2998046875,4394.10009765625,4388.89990234375,4393.0,1237
2026-09-18 20:20:00,4393.0,4400.10009765625,4390.60009765625,4391.5,2773
2026-09-18 20:30:00,4391.2001953125,4394.7001953125,4388.39990234375,4388.39990234375,1512
2026-09-18 20:40:00,4388.7001953125,4393.7998046875,4386.10009765625,4393.7998046875,1238
2026-09-18 20:50:00,4393.5,4395.39990234375,4389.89990234375,4394.5,845
2026-09-18 21:00:00,4394.60009765625,4395.7998046875,4389.60009765625,4389.7001953125,1139
2026-09-18 21:10:00,4389.39990234375,4396.60009765625,4387.10009765625,4395.5,1647
2026-09-18 21:20:00,4395.2001953125,4396.39990234375,4390.7001953125,4395.0,732
2026-09-18 21:30:00,4395.2001953125,4398.60009765625,4393.39990234375,4398.2998046875,874
2026-09-18 21:40:00,4398.60009765625,4404.7001953125,4397.7998046875,4404.60009765625,1514
2026-09-18 21:50:00,4404.7001953125,4416.89990234375,4404.2998046875,4416.2001953125,2552
2026-09-18 22:00:00,4416.2998046875,4422.60009765625,4413.0,4419.10009765625,2341
2026-09-18 22:10:00,4419.10009765625,4419.60009765625,4415.39990234375,4417.7001953125,1258
2026-09-18 22:20:00,4417.39990234375,4422.2001953125,4416.7001953125,4421.10009765625,991
2026-09-18 22:30:00,4421.2001953125,4425.60009765625,4419.89990234375,4424.7998046875,1655
2026-09-18 22:40:00,4425.0,4427.60009765625,4421.5,4424.2001953125,1271
2026-09-18 22:50:00,4424.2998046875,4425.89990234375,4421.0,4425.2998046875,1965
2026-09-18 23:00:00,4425.2998046875,4434.7001953125,4423.7001953125,4432.10009765625,2014
2026-09-18 23:10:00,4432.10009765625,4435.0,4430.10009765625,4433.2001953125,1248
2026-09-18 23:20:00,4433.2001953125,4435.2001953125,4431.2001953125,4431.2998046875,685
2026-09-18 23:30:00,4431.39990234375,4432.89990234375,4427.39990234375,4428.7998046875,1062
2026-09-18 23:40:00,4429.0,4431.7998046875,4427.60009765625,4428.89990234375,770
2026-09-18 23:50:00,4428.89990234375,4429.89990234375,4427.7998046875,4429.2001953125,378
2026-09-19 00:00:00,4429.2001953125,4429.2001953125,4423.5,4423.5,595
2026-09-19 00:10:00,4423.60009765625,4423.7001953125,4418.89990234375,4421.89990234375,1106
2026-09-19 00:20:00,4422.0,4422.60009765625,4418.2001953125,4420.7998046875,904
2026-09-19 00:30:00,4420.7001953125,4423.39990234375,4418.0,4422.7998046875,620
2026-09-19 00:40:00,4422.7998046875,4424.2998046875,4420.0,4420.2001953125,892
2026-09-19 00:50:00,4420.2998046875,4421.7001953125,4417.10009765625,4418.7001953125,649
2026-09-19 01:00:00,4418.7001953125,4420.39990234375,4417.7998046875,4419.7001953125,379
2026-09-19 01:10:00,4419.2998046875,4421.5,4418.89990234375,4420.7001953125,372
2026-09-19 01:20:00,4420.5,4421.2001953125,4413.5,4415.60009765625,1272
2026-09-19 01:30:00,4415.60009765625,4417.7001953125,4414.39990234375,4416.7001953125,587
2026-09-19 01:40:00,4416.7001953125,4421.5,4416.7001953125,4417.89990234375,456
2026-09-19 01:50:00,4417.89990234375,4421.39990234375,4417.89990234375,4419.2998046875,179
2026-09-19 02:00:00,4419.2998046875,4421.0,4418.2001953125,4418.2998046875,159
2026-09-19 02:10:00,4418.2998046875,4419.5,4415.0,4416.2998046875,291
2026-09-19 02:20:00,4416.0,4424.89990234375,4414.5,4424.89990234375,500
2026-09-19 02:30:00,,,,,0
2026-09-19 02:40:00,,,,,0
2026-09-19 02:50:00,,,,,0
2026-09-19 03:00:00,,,,,0
2026-09-19 03:10:00,,,,,0
2026-09-19 03:20:00,,,,,0
2026-09-19 03:30:00,,,,,0
2026-09-19 03:40:00,,,,,0
2026-09-19 03:50:00,,,,,0
2026-09-19 04:00:00,,,,,0
2026-09-19 04:10:00,,,,,0
2026-09-19 04:20:00,,,,,0
2026-09-19 04:30:00,,,,,0
2026-09-19 04:40:00,,,,,0
2026-09-19 04:50:00,,,,,0
2026-09-19 05:00:00,,,,,0
2026-09-19 05:10:00,,,,,0
2026-09-19 05:20:00,,,,,0
2026-09-19 05:30:00,,,,,0
2026-09-19 05:40:00,,,,,0
2026-09-19 05:50:00,,,,,0
2026-09-19 06:00:00,,,,,0
2026-09-19 06:10:00,,,,,0
2026-09-19 06:20:00,,,,,0
2026-09-19 06:30:00,,,,,0
2026-09-19 06:40:00,,,,,0
2026-09-19 06:50:00,,,,,0
2026-09-19 07:00:00,,,,,0
2026-09-19 07:10:00,,,,,0
2026-09-19 07:20:00,,,,,0
2026-09-19 07:30:00,,,,,0
2026-09-19 07:40:00,,,,,0
2026-09-19 07:50:00,,,,,0
2026-09-19 08:00:00,,,,,0
2026-09-19 08:10:00,,,,,0
2026-09-19 08:20:00,,,,,0
2026-09-19 08:30:00,,,,,0
2026-09-19 08:40:00,,,,,0
2026-09-19 08:50:00,,,,,0
2026-09-19 09:00:00,,,,,0
2026-09-19 09:10:00,,,,,0
2026-09-19 09:20:00,,,,,0
2026-09-19 09:30:00,,,,,0
2026-09-19 09:40:00,,,,,0
2026-09-19 09:50:00,,,,,0
2026-09-19 10:00:00,,,,,0
2026-09-19 10:10:00,,,,,0
2026-09-19 10:20:00,,,,,0
2026-09-19 10:30:00,,,,,0
2026-09-19 10:40:00,,,,,0
2026-09-19 10:50:00,,,,,0
2026-09-19 11:00:00,,,,,0
2026-09-19 11:10:00,,,,,0
2026-09-19 11:20:00,,,,,0
2026-09-19 11:30:00,,,,,0
2026-09-19 11:40:00,,,,,0
2026-09-19 11:50:00,,,,,0
2026-09-19 12:00:00,,,,,0
2026-09-19 12:10:00,,,,,0
2026-09-19 12:20:00,,,,,0
2026-09-19 12:30:00,,,,,0
2026-09-19 12:40:00,,,,,0
2026-09-19 12:50:00,,,,,0
2026-09-19 13:00:00,,,,,0
2026-09-19 13:10:00,,,,,0
2026-09-19 13:20:00,,,,,0
2026-09-19 13:30:00,,,,,0
2026-09-19 13:40:00,,,,,0
2026-09-19 13:50:00,,,,,0
2026-09-19 14:00:00,,,,,0
2026-09-19 14:10:00,,,,,0
2026-09-19 14:20:00,,,,,0
2026-09-19 14:30:00,,,,,0
2026-09-19 14:40:00,,,,,0
2026-09-19 14:50:00,,,,,0
2026-09-19 15:00:00,,,,,0
2026-09-19 15:10:00,,,,,0
2026-09-19 15:20:00,,,,,0
2026-09-19 15:30:00,,,,,0
2026-09-19 15:40:00,,,,,0
2026-09-19 15:50:00,,,,,0
2026-09-19 16:00:00,,,,,0
2026-09-19 16:10:00,,,,,0
2026-09-19 16:20:00,,,,,0
2026-09-19 16:30:00,,,,,0
2026-09-19 16:40:00,,,,,0
2026-09-19 16:50:00,,,,,0
2026-09-19 17:00:00,,,,,0
2026-09-19 17:10:00,,,,,0
2026-09-19 17:20:00,,,,,0
2026-09-19 17:30:00,,,,,0
2026-09-19 17:40:00,,,,,0
2026-09-19 17:50:00,,,,,0
2026-09-19 18:00:00,,,,,0
2026-09-19 18:10:00,,,,,0
2026-09-19 18:20:00,,,,,0
2026-09-19 18:30:00,,,,,0
2026-09-19 18:40:00,,,,,0
2026-09-19 18:50:00,,,,,0
2026-09-19 19:00:00,,,,,0
2026-09-19 19:10:00,,,,,0
2026-09-19 19:20:00,,,,,0
2026-09-19 19:30:00,,,,,0
2026-09-19 19:40:00,,,,,0
2026-09-19 19:50:00,,,,,0
2026-09-19 20:00:00,,,,,0
2026-09-19 20:10:00,,,,,0
2026-09-19 20:20:00,,,,,0
2026-09-19 20:30:00,,,,,0
2026-09-19 20:40:00,,,,,0
2026-09-19 20:50:00,,,,,0
2026-09-19 21:00:00,,,,,0
2026-09-19 21:10:00,,,,,0
2026-09-19 21:20:00,,,,,0
2026-09-19 21:30:00,,,,,0
2026-09-19 21:40:00,,,,,0
2026-09-19 21:50:00,,,,,0
2026-09-19 22:00:00,,,,,0
2026-09-19 22:10:00,,,,,0
2026-09-19 22:20:00,,,,,0
2026-09-19 22:30:00,,,,,0
2026-09-19 22:40:00,,,,,0
2026-09-19 22:50:00,,,,,0
2026-09-19 23:00:00,,,,,0
2026-09-19 23:10:00,,,,,0
2026-09-19 23:20:00,,,,,0
2026-09-19 23:30:00,,,,,0
2026-09-19 23:40:00,,,,,0
2026-09-19 23:50:00,,,,,0
2026-09-20 00:00:00,,,,,0
2026-09-20 00:10:00,,,,,0
2026-09-20 00:20:00,,,,,0
2026-09-20 00:30:00,,,,,0
2026-09-20 00:40:00,,,,,0
2026-09-20 00:50:00,,,,,0
2026-09-20 01:00:00,,,,,0
2026-09-20 01:10:00,,,,,0
2026-09-20 01:20:00,,,,,0
2026-09-20 01:30:00,,,,,0
2026-09-20 01:40:00,,,,,0
2026-09-20 01:50:00,,,,,0
2026-09-20 02:00:00,,,,,0
2026-09-20 02:10:00,,,,,0
2026-09-20 02:20:00,,,,,0
2026-09-20 02:30:00,,,,,0
2026-09-20 02:40:00,,,,,0
2026-09-20 02:50:00,,,,,0
2026-09-20 03:00:00,,,,,0
2026-09-20 03:10:00,,,,,0
2026-09-20 03:20:00,,,,,0
2026-09-20 03:30:00,,,,,0
2026-09-20 03:40:00,,,,,0
2026-09-20 03:50:00,,,,,0
2026-09-20 04:00:00,,,,,0
2026-09-20 04:10:00,,,,,0
2026-09-20 04:20:00,,,,,0
2026-09-20 04:30:00,,,,,0
2026-09-20 04:40:00,,,,,0
2026-09-20 04:50:00,,,,,0
2026-09-20 05:00:00,,,,,0
2026-09-20 05:10:00,,,,,0
2026-09-20 05:20:00,,,,,0
2026-09-20 05:30:00,,,,,0
2026-09-20 05:40:00,,,,,0
2026-09-20 05:50:00,,,,,0
2026-09-20 06:00:00,,,,,0
2026-09-20 06:10:00,,,,,0
2026-09-20 06:20:00,,,,,0
2026-09-20 06:30:00,,,,,0
2026-09-20 06:40:00,,,,,0
2026-09-20 06:50:00,,,,,0
2026-09-20 07:00:00,,,,,0
2026-09-20 07:10:00,,,,,0
2026-09-20 07:20:00,,,,,0
2026-09-20 07:30:00,,,,,0
2026-09-20 07:40:00,,,,,0
2026-09-20 07:50:00,,,,,0
2026-09-20 08:00:00,,,,,0
2026-09-20 08:10:00,,,,,0
2026-09-20 08:20:00,,,,,0
2026-09-20 08:30:00,,,,,0
2026-09-20 08:40:00,,,,,0
2026-09-20 08:50:00,,,,,0
2026-09-20 09:00:00,,,,,0
2026-09-20 09:10:00,,,,,0
2026-09-20 09:20:00,,,,,0
2026-09-20 09:30:00,,,,,0
2026-09-20 09:40:00,,,,,0
2026-09-20 09:50:00,,,,,0
2026-09-20 10:00:00,,,,,0
2026-09-20 10:10:00,,,,,0
2026-09-20 10:20:00,,,,,0
2026-09-20 10:30:00,,,,,0
2026-09-20 10:40:00,,,,,0
2026-09-20 10:50:00,,,,,0
2026-09-20 11:00:00,,,,,0
2026-09-20 11:10:00,,,,,0
2026-09-20 11:20:00,,,,,0
2026-09-20 11:30:00,,,,,0
2026-09-20 11:40:00,,,,,0
2026-09-20 11:50:00,,,,,0
2026-09-20 12:00:00,,,,,0
2026-09-20 12:10:00,,,,,0
2026-09-20 12:20:00,,,,,0
2026-09-20 12:30:00,,,,,0
2026-09-20 12:40:00,,,,,0
2026-09-20 12:50:00,,,,,0
2026-09-20 13:00:00,,,,,0
2026-09-20 13:10:00,,,,,0
2026-09-20 13:20:00,,,,,0
2026-09-20 13:30:00,,,,,0
2026-09-20 13:40:00,,,,,0
2026-09-20 13:50:00,,,,,0
2026-09-20 14:00:00,,,,,0
2026-09-20 14:10:00,,,,,0
2026-09-20 14:20:00,,,,,0
2026-09-20 14:30:00,,,,,0
2026-09-20 14:40:00,,,,,0
2026-09-20 14:50:00,,,,,0
2026-09-20 15:00:00,,,,,0
2026-09-20 15:10:00,,,,,0
2026-09-20 15:20:00,,,,,0
2026-09-20 15:30:00,,,,,0
2026-09-20 15:40:00,,,,,0
2026-09-20 15:50:00,,,,,0
2026-09-20 16:00:00,,,,,0
2026-09-20 16:10:00,,,,,0
2026-09-20 16:20:00,,,,,0
2026-09-20 16:30:00,,,,,0
2026-09-20 16:40:00,,,,,0
2026-09-20 16:50:00,,,,,0
2026-09-20 17:00:00,,,,,0
2026-09-20 17:10:00,,,,,0
2026-09-20 17:20:00,,,,,0
2026-09-20 17:30:00,,,,,0
2026-09-20 17:40:00,,,,,0
2026-09-20 17:50:00,,,,,0
2026-09-20 18:00:00,,,,,0
2026-09-20 18:10:00,,,,,0
2026-09-20 18:20:00,,,,,0
2026-09-20 18:30:00,,,,,0
2026-09-20 18:40:00,,,,,0
2026-09-20 18:50:00,,,,,0
2026-09-20 19:00:00,,,,,0
2026-09-20 19:10:00,,,,,0
2026-09-20 19:20:00,,,,,0
2026-09-20 19:30:00,,,,,0
2026-09-20 19:40:00,,,,,0
2026-09-20 19:50:00,,,,,0
2026-09-20 20:00:00,,,,,0
2026-09-20 20:10:00,,,,,0
2026-09-20 20:20:00,,,,,0
2026-09-20 20:30:00,,,,,0
2026-09-20 20:40:00,,,,,0
2026-09-20 20:50:00,,,,,0
2026-09-20 21:00:00,,,,,0
2026-09-20 21:10:00,,,,,0
2026-09-20 21:20:00,,,,,0
2026-09-20 21:30:00,,,,,0
2026-09-20 21:40:00,,,,,0
2026-09-20 21:50:00,,,,,0
2026-09-20 22:00:00,,,,,0
2026-09-20 22:10:00,,,,,0
2026-09-20 22:20:00,,,,,0
2026-09-20 22:30:00,,,,,0
2026-09-20 22:40:00,,,,,0
2026-09-20 22:50:00,,,,,0
2026-09-20 23:00:00,,,,,0
2026-09-20 23:10:00,,,,,0
2026-09-20 23:20:00,,,,,0
2026-09-20 23:30:00,,,,,0
2026-09-20 23:40:00,,,,,0
2026-09-20 23:50:00,,,,,0
2026-09-21 00:00:00,,,,,0
2026-09-21 00:10:00,,,,,0
2026-09-21 00:20:00,,,,,0
2026-09-21 00:30:00,,,,,0
2026-09-21 00:40:00,,,,,0
2026-09-21 00:50:00,,,,,0
2026-09-21 01:00:00,,,,,0
2026-09-21 01:10:00,,,,,0
2026-09-21 01:20:00,,,,,0
2026-09-21 01:30:00,,,,,0
2026-09-21 01:40:00,,,,,0
2026-09-21 01:50:00,,,,,0
2026-09-21 02:00:00,,,,,0
2026-09-21 02:10:00,,,,,0
2026-09-21 02:20:00,,,,,0
2026-09-21 02:30:00,,,,,0
2026-09-21 02:40:00,,,,,0
2026-09-21 02:50:00,,,,,0
2026-09-21 03:00:00,,,,,0
2026-09-21 03:10:00,,,,,0
2026-09-21 03:20:00,,,,,0
2026-09-21 03:30:00,,,,,0
2026-09-21 03:40:00,4415.0,4417.7998046875,4415.0,4416.39990234375,279
2026-09-21 03:50:00,4416.2998046875,4416.2998046875,4412.7998046875,4414.10009765625,331
2026-09-21 04:00:00,4414.0,4416.2001953125,4413.60009765625,4414.89990234375,215
2026-09-21 04:10:00,4415.2998046875,4416.10009765625,4412.0,4412.7001953125,286
2026-09-21 04:20:00,4412.7001953125,4415.2001953125,4412.0,4412.10009765625,220
2026-09-21 04:30:00,4412.2001953125,4412.89990234375,4409.7001953125,4411.60009765625,374
2026-09-21 04:40:00,4411.5,4412.2998046875,4409.2998046875,4412.10009765625,200
2026-09-21 04:50:00,4411.89990234375,4413.2001953125,4410.2001953125,4412.7998046875,218
2026-09-21 05:00:00,4412.5,4414.7998046875,4411.7001953125,4413.60009765625,245
2026-09-21 05:10:00,4413.0,4413.0,4406.89990234375,4410.2998046875,290
2026-09-21 05:20:00,4410.2998046875,4412.0,4408.39990234375,4411.60009765625,210
2026-09-21 05:30:00,4411.5,4411.5,4405.2001953125,4405.5,725
2026-09-21 05:40:00,4405.89990234375,4406.0,4398.0,4399.10009765625,990
2026-09-21 05:50:00,4399.39990234375,4407.89990234375,4396.39990234375,4406.10009765625,977
2026-09-21 06:00:00,4406.0,4412.60009765625,4404.0,4412.0,613
2026-09-21 06:10:00,4411.7998046875,4414.2998046875,4403.0,4403.10009765625,528
2026-09-21 06:20:00,4403.0,4407.60009765625,4400.5,4404.7998046875,938
2026-09-21 06:30:00,4404.7998046875,4418.89990234375,4404.7998046875,4418.7001953125,1681
2026-09-21 06:40:00,4418.5,4422.10009765625,4414.89990234375,4416.2001953125,1474
2026-09-21 06:50:00,4416.2998046875,4418.7998046875,4412.89990234375,4413.2998046875,806
2026-09-21 07:00:00,4413.10009765625,4418.2998046875,4412.10009765625,4416.10009765625,631
2026-09-21 07:10:00,4415.89990234375,4421.60009765625,4414.89990234375,4418.0,707
2026-09-21 07:20:00,4418.2001953125,4419.60009765625,4414.0,4415.7001953125,701
2026-09-21 07:30:00,4416.0,4416.2001953125,4410.60009765625,4413.39990234375,622
2026-09-21 07:40:00,4413.89990234375,4414.0,4403.60009765625,4404.2001953125,894
2026-09-21 07:50:00,4404.10009765625,4407.60009765625,4399.0,4407.5,874
2026-09-21 08:00:00,4407.60009765625,4410.39990234375,4404.5,4406.0,731
2026-09-21 08:10:00,4406.10009765625,4408.0,4402.0,4406.2001953125,621
2026-09-21 08:20:00,4406.10009765625,4407.0,4400.5,4401.5,703
2026-09-21 08:30:00,4401.7001953125,4404.60009765625,4396.7998046875,4398.7001953125,1285
2026-09-21 08:40:00,4398.7001953125,4403.39990234375,4398.39990234375,4401.7001953125,658
2026-09-21 08:50:00,4401.5,4401.60009765625,4396.7001953125,4397.7998046875,381
2026-09-21 09:00:00,4397.5,4405.60009765625,4397.2001953125,4403.7001953125,694
2026-09-21 09:10:00,4403.5,4406.0,4401.0,4401.0,413
2026-09-21 09:20:00,4400.7001953125,4401.2998046875,4395.39990234375,4395.7998046875,444
2026-09-21 09:30:00,4396.7998046875,4398.5,4393.39990234375,4395.7001953125,482
2026-09-21 09:40:00,4395.89990234375,4401.7001953125,4395.7998046875,4401.7001953125,364
2026-09-21 09:50:00,4401.7998046875,4402.89990234375,4399.0,4399.2001953125,277
2026-09-21 10:00:00,4399.2001953125,4400.2998046875,4395.60009765625,4398.7001953125,591
2026-09-21 10:10:00,4398.7001953125,4400.7001953125,4396.89990234375,4398.0,319
2026-09-21 10:20:00,4397.60009765625,4397.60009765625,4392.2001953125,4393.10009765625,407
2026-09-21 10:30:00,4392.89990234375,4394.60009765625,4391.0,4392.2001953125,540
2026-09-21 10:40:00,4391.7998046875,4393.60009765625,4389.7001953125,4392.2001953125,485
2026-09-21 10:50:00,4392.39990234375,4398.2998046875,4392.2001953125,4394.60009765625,764
2026-09-21 11:00:00,4394.5,4399.2998046875,4389.2001953125,4393.7998046875,1168
2026-09-21 11:10:00,4394.2998046875,4395.2998046875,4387.5,4387.7001953125,769
2026-09-21 11:20:00,4387.7998046875,4393.2001953125,4386.2998046875,4388.0,696
2026-09-21 11:30:00,4387.89990234375,4392.7998046875,4386.5,4391.60009765625,881
2026-09-21 11:40:00,4392.2998046875,4393.10009765625,4385.7001953125,4386.10009765625,656
2026-09-21 11:50:00,4386.0,4388.39990234375,4383.5,4384.39990234375,773
2026-09-21 12:00:00,4384.60009765625,4389.2001953125,4384.60009765625,4388.89990234375,501
2026-09-21 12:10:00,4388.89990234375,4392.2998046875,4388.5,4391.7001953125,559
2026-09-21 12:20:00,4391.7998046875,4392.0,4387.7001953125,4390.7001953125,734
2026-09-21 12:30:00,4390.7998046875,4393.7001953125,4383.10009765625,4389.89990234375,1506
2026-09-21 12:40:00,4389.60009765625,4393.0,4383.5,4391.5,969
2026-09-21 12:50:00,4391.2001953125,4391.60009765625,4384.2998046875,4387.89990234375,529
2026-09-21 13:00:00,4388.39990234375,4392.7001953125,4386.39990234375,4387.60009765625,706
2026-09-21 13:10:00,4387.7001953125,4388.0,4379.0,4384.39990234375,2081
2026-09-21 13:20:00,4383.7998046875,4386.7998046875,4381.5,4381.60009765625,587
2026-09-21 13:30:00,4381.5,4388.7998046875,4380.7998046875,4384.39990234375,944
2026-09-21 13:40:00,4384.2998046875,4392.60009765625,4383.7001953125,4391.5,745
2026-09-21 13:50:00,4391.5,4393.0,4390.0,4390.7998046875,553
2026-09-21 14:00:00,4390.5,4394.5,4388.39990234375,4392.7001953125,919
2026-09-21 14:10:00,4392.7001953125,4395.2001953125,4390.7001953125,4393.5,611
2026-09-21 14:20:00,4393.2998046875,4393.2998046875,4387.2998046875,4390.7001953125,497
2026-09-21 14:30:00,4390.7001953125,4391.39990234375,4386.7998046875,4390.60009765625,501
2026-09-21 14:40:00,4390.7001953125,4392.39990234375,4388.7001953125,4388.89990234375,354
2026-09-21 14:50:00,4389.10009765625,4391.39990234375,4383.7001953125,4383.7001953125,903
2026-09-21 15:00:00,4383.7001953125,4383.7998046875,4377.5,4382.0,2327
2026-09-21 15:10:00,4381.7001953125,4386.2998046875,4380.2998046875,4381.89990234375,663
2026-09-21 15:20:00,4381.7001953125,4385.0,4381.2998046875,4383.60009765625,521
2026-09-21 15:30:00,4383.39990234375,4390.10009765625,4383.2001953125,4388.7998046875,705
2026-09-21 15:40:00,4388.7001953125,4394.60009765625,4387.89990234375,4390.89990234375,775
2026-09-21 15:50:00,4390.7998046875,4390.7998046875,4387.7998046875,4388.7001953125,451
2026-09-21 16:00:00,4388.60009765625,4390.2001953125,4385.7001953125,4386.2001953125,351
2026-09-21 16:10:00,4386.2001953125,4388.5,4385.5,4385.7998046875,348
2026-09-21 16:20:00,4386.0,4387.39990234375,4380.10009765625,4380.39990234375,369
2026-09-21 16:30:00,4380.2001953125,4383.89990234375,4379.5,4383.0,598
2026-09-21 16:40:00,4383.2998046875,4392.7001953125,4382.2998046875,4392.7001953125,597
2026-09-21 16:50:00,4392.89990234375,4393.0,4389.7001953125,4391.5,338
2026-09-21 17:00:00,4391.10009765625,4401.0,4389.7001953125,4399.0,1119
2026-09-21 17:10:00,4399.0,4406.0,4397.89990234375,4405.0,1378
2026-09-21 17:20:00,4405.0,4409.39990234375,4403.2998046875,4407.2998046875,1372
2026-09-21 17:30:00,4407.10009765625,4413.0,4400.10009765625,4405.2001953125,1888
2026-09-21 17:40:00,4405.2001953125,4409.2001953125,4404.7001953125,4405.2998046875,745
2026-09-21 17:50:00,4405.60009765625,4405.7001953125,4388.7998046875,4393.0,2472
2026-09-21 18:00:00,4393.0,4397.2998046875,4388.7001953125,4394.7998046875,1855
2026-09-21 18:10:00,4394.5,4401.7001953125,4393.0,4395.39990234375,1829
2026-09-21 18:20:00,4395.7001953125,4399.2998046875,4391.60009765625,4397.39990234375,904
2026-09-21 18:30:00,4397.2001953125,4401.89990234375,4393.7001953125,4399.7998046875,1395
2026-09-21 18:40:00,4399.89990234375,4402.2998046875,4398.39990234375,4400.5,682
2026-09-21 18:50:00,4400.2998046875,4407.7998046875,4398.7001953125,4402.2998046875,1489
2026-09-21 19:00:00,4402.2998046875,4402.5,4389.39990234375,4391.7001953125,2760
2026-09-21 19:10:00,4391.39990234375,4394.0,4386.7998046875,4393.5,1899
2026-09-21 19:20:00,4393.89990234375,4393.89990234375,4383.60009765625,4383.7998046875,1728
2026-09-21 19:30:00,4383.7001953125,4384.7998046875,4360.2998046875,4375.2001953125,9504
2026-09-21 19:40:00,4375.2001953125,4379.5,4372.7998046875,4375.7001953125,2615
2026-09-21 19:50:00,4375.89990234375,4381.2001953125,4372.0,4379.60009765625,2274
2026-09-21 20:00:00,4379.60009765625,4382.0,4373.0,4373.2001953125,1950
2026-09-21 20:10:00,4373.0,4379.5,4370.0,4374.5,1958
2026-09-21 20:20:00,4374.89990234375,4380.89990234375,4373.7001953125,4376.89990234375,1332
2026-09-21 20:30:00,4377.10009765625,4388.0,4377.0,4388.0,1898
2026-09-21 20:40:00,4388.5,4389.7998046875,4385.2001953125,4388.2998046875,1350
2026-09-21 20:50:00,4388.39990234375,4392.39990234375,4387.0,4389.2001953125,1505
2026-09-21 21:00:00,4389.5,4394.60009765625,4388.2001953125,4388.2001953125,1474
2026-09-21 21:10:00,4388.39990234375,4389.2001953125,4385.7001953125,4386.39990234375,1135
2026-09-21 21:20:00,4386.7001953125,4392.89990234375,4384.60009765625,4386.2998046875,1683
2026-09-21 21:30:00,4386.5,4394.10009765625,4383.0,4392.5,2352
2026-09-21 21:40:00,4392.7001953125,4395.7001953125,4388.39990234375,4394.89990234375,1763
2026-09-21 21:50:00,4395.0,4395.2998046875,4387.2001953125,4389.2001953125,1300
2026-09-21 22:00:00,4389.2001953125,4391.0,4387.2001953125,4387.7001953125,565
2026-09-21 22:10:00,4387.60009765625,4388.2001953125,4381.39990234375,4384.0,1035
2026-09-21 22:20:00,4384.2998046875,4384.89990234375,4381.0,4381.39990234375,881
2026-09-21 22:30:00,4381.5,4384.10009765625,4379.89990234375,4383.89990234375,810
2026-09-21 22:40:00,4384.0,4385.2998046875,4380.2001953125,4380.39990234375,893
2026-09-21 22:50:00,4380.60009765625,4384.89990234375,4379.5,4384.39990234375,1847
2026-09-21 23:00:00,4384.39990234375,4385.10009765625,4375.7001953125,4376.89990234375,1872
2026-09-21 23:10:00,4376.7998046875,4381.60009765625,4376.7998046875,4381.39990234375,900
2026-09-21 23:20:00,4381.2998046875,4384.5,4380.89990234375,4383.0,880
2026-09-21 23:30:00,4383.0,4389.0,4382.2001953125,4389.0,1250
2026-09-21 23:40:00,4388.7001953125,4390.89990234375,4386.7998046875,4389.2001953125,622
2026-09-21 23:50:00,4389.2001953125,4390.2001953125,4387.2001953125,4388.7998046875,911
2026-09-22 00:00:00,4388.89990234375,4390.0,4385.39990234375,4385.7001953125,767
2026-09-22 00:10:00,4385.89990234375,4386.7001953125,4384.7001953125,4386.10009765625,529
2026-09-22 00:20:00,4386.0,4387.2998046875,4384.2998046875,4384.39990234375,463
2026-09-22 00:30:00,4384.2998046875,4384.2998046875,4380.39990234375,4383.7998046875,653
2026-09-22 00:40:00,4384.10009765625,4384.89990234375,4382.89990234375,4383.2001953125,437
2026-09-22 00:50:00,4383.0,4388.5,4383.0,4387.10009765625,483
2026-09-22 01:00:00,4387.0,4391.89990234375,4387.0,4391.0,728
2026-09-22 01:10:00,4391.10009765625,4391.60009765625,4384.0,4384.2001953125,867
2026-09-22 01:20:00,4383.89990234375,4384.5,4382.39990234375,4383.0,714
2026-09-22 01:30:00,4383.0,4383.2998046875,4379.5,4381.39990234375,425
2026-09-22 01:40:00,4381.7001953125,4382.0,4378.2998046875,4378.7998046875,224
2026-09-22 01:50:00,4378.7998046875,4379.89990234375,4378.0,4378.7001953125,156
2026-09-22 02:00:00,4378.5,4380.2998046875,4377.2998046875,4380.0,151
2026-09-22 02:10:00,4380.2001953125,4381.10009765625,4378.7001953125,4379.7001953125,190
2026-09-22 02:20:00,4379.7998046875,4382.2998046875,4379.7001953125,4381.0,291
2026-09-22 02:30:00,,,,,0
2026-09-22 02:40:00,,,,,0
2026-09-22 02:50:00,,,,,0
2026-09-22 03:00:00,,,,,0
2026-09-22 03:10:00,,,,,0
2026-09-22 03:20:00,,,,,0
2026-09-22 03:30:00,4382.5,4387.60009765625,4382.0,4386.60009765625,172
2026-09-22 03:40:00,4387.0,4390.2001953125,4386.39990234375,4389.7001953125,396
2026-09-22 03:50:00,4390.10009765625,4390.39990234375,4387.60009765625,4390.10009765625,727
2026-09-22 04:00:00,4390.2998046875,4390.7001953125,4388.7001953125,4389.5,255
2026-09-22 04:10:00,4389.5,4397.2001953125,4389.0,4397.0,520
2026-09-22 04:20:00,4397.0,4402.7998046875,4397.0,4398.7001953125,905
2026-09-22 04:30:00,4398.7001953125,4403.7001953125,4397.60009765625,4402.2001953125,661
2026-09-22 04:40:00,4401.7001953125,4403.7001953125,4397.2001953125,4399.2001953125,1000
2026-09-22 04:50:00,4398.89990234375,4399.89990234375,4395.5,4396.7998046875,1002
2026-09-22 05:00:00,4397.2998046875,4402.89990234375,4395.7001953125,4402.7001953125,1627
2026-09-22 05:10:00,4402.7001953125,4408.60009765625,4402.7001953125,4405.7001953125,953
2026-09-22 05:20:00,4405.60009765625,4408.39990234375,4401.7998046875,4406.7998046875,840
2026-09-22 05:30:00,4407.0,4414.10009765625,4405.0,4412.0,1582
2026-09-22 05:40:00,4412.39990234375,4412.7001953125,4396.5,4398.2998046875,1280
2026-09-22 05:50:00,4398.89990234375,4400.39990234375,4395.60009765625,4395.89990234375,429
2026-09-22 06:00:00,4395.7998046875,4397.0,4387.0,4387.0,749
2026-09-22 06:10:00,4387.2998046875,4394.7998046875,4385.89990234375,4393.7001953125,1115
2026-09-22 06:20:00,4393.39990234375,4397.7001953125,4392.60009765625,4397.7001953125,538
2026-09-22 06:30:00,4397.60009765625,4402.5,4392.89990234375,4397.2998046875,1455
2026-09-22 06:40:00,4397.5,4398.7998046875,4387.2001953125,4391.0,915
2026-09-22 06:50:00,4390.7998046875,4396.0,4387.0,4393.60009765625,675
2026-09-22 07:00:00,4393.10009765625,4393.5,4389.2001953125,4392.2001953125,422
2026-09-22 07:10:00,4392.5,4394.60009765625,4380.89990234375,4383.10009765625,971
2026-09-22 07:20:00,4383.5,4386.89990234375,4380.60009765625,4385.89990234375,666
2026-09-22 07:30:00,4386.2001953125,4390.5,4380.10009765625,4380.39990234375,1013
2026-09-22 07:40:00,4380.7998046875,4382.0,4376.2998046875,4380.2001953125,1038
2026-09-22 07:50:00,4380.5,4389.2001953125,4380.2998046875,4388.60009765625,743
2026-09-22 08:00:00,4389.0,4392.7998046875,4386.0,4390.7001953125,862
2026-09-22 08:10:00,4390.2001953125,4391.10009765625,4379.5,4383.2998046875,1688
2026-09-22 08:20:00,4383.2001953125,4383.89990234375,4377.2998046875,4381.7998046875,541
2026-09-22 08:30:00,4381.60009765625,4383.0,4376.60009765625,4377.2001953125,570
2026-09-22 08:40:00,4377.2001953125,4383.39990234375,4376.5,4381.10009765625,343
2026-09-22 08:50:00,4381.7001953125,4383.2001953125,4378.2998046875,4383.2001953125,405
2026-09-22 09:00:00,4382.89990234375,4386.60009765625,4381.5,4384.2998046875,724
2026-09-22 09:10:00,4384.10009765625,4384.7001953125,4377.7998046875,4380.2998046875,579
2026-09-22 09:20:00,4380.5,4381.2001953125,4377.5,4379.10009765625,209
2026-09-22 09:30:00,4378.5,4378.89990234375,4371.39990234375,4373.7001953125,1037
2026-09-22 09:40:00,4373.39990234375,4376.60009765625,4372.5,4373.60009765625,877
2026-09-22 09:50:00,4373.5,4376.5,4373.10009765625,4374.5,591
2026-09-22 10:00:00,4374.2001953125,4377.7998046875,4373.2001953125,4377.5,256
2026-09-22 10:10:00,4377.5,4377.60009765625,4375.2998046875,4377.10009765625,243
2026-09-22 10:20:00,4376.7001953125,4379.7998046875,4376.2001953125,4379.5,653
2026-09-22 10:30:00,4379.60009765625,4383.39990234375,4377.10009765625,4382.89990234375,1131
2026-09-22 10:40:00,4383.0,4384.2001953125,4375.7001953125,4375.7001953125,497
2026-09-22 10:50:00,4375.5,4376.10009765625,4359.2001953125,4368.7001953125,3066
2026-09-22 11:00:00,4368.5,4370.0,4352.7001953125,4359.7001953125,3285
2026-09-22 11:10:00,4359.39990234375,4368.2998046875,4356.60009765625,4366.7998046875,1154
2026-09-22 11:20:00,4366.7001953125,4369.7998046875,4359.5,4360.2998046875,774
2026-09-22 11:30:00,4360.39990234375,4361.0,4351.7998046875,4355.5,1266
2026-09-22 11:40:00,4355.89990234375,4357.39990234375,4351.7998046875,4354.0,1052
2026-09-22 11:50:00,4353.7998046875,4357.10009765625,4352.2001953125,4354.7001953125,721
2026-09-22 12:00:00,4354.7998046875,4357.2998046875,4352.10009765625,4353.39990234375,869
2026-09-22 12:10:00,4353.89990234375,4358.39990234375,4353.89990234375,4357.60009765625,762
2026-09-22 12:20:00,4357.7998046875,4358.2001953125,4351.89990234375,4355.0,633
2026-09-22 12:30:00,4354.2998046875,4358.0,4351.2998046875,4356.7001953125,967
2026-09-22 12:40:00,4355.89990234375,4361.0,4354.7001953125,4359.7001953125,517
2026-09-22 12:50:00,4359.2998046875,4360.7001953125,4351.7001953125,4351.7998046875,613
2026-09-22 13:00:00,4351.7998046875,4352.2998046875,4345.2001953125,4349.39990234375,1770
2026-09-22 13:10:00,4349.2998046875,4352.2998046875,4345.10009765625,4345.39990234375,1080
2026-09-22 13:20:00,4345.60009765625,4345.89990234375,4335.5,4337.5,3655
2026-09-22 13:30:00,4337.2001953125,4348.2998046875,4335.10009765625,4347.10009765625,2611
2026-09-22 13:40:00,4347.2001953125,4347.7001953125,4336.89990234375,4340.2998046875,1215
2026-09-22 13:50:00,4340.5,4344.2001953125,4333.39990234375,4337.0,1772
2026-09-22 14:00:00,4337.2998046875,4347.60009765625,4327.60009765625,4346.7001953125,2727
2026-09-22 14:10:00,4346.5,4361.89990234375,4344.7998046875,4361.89990234375,2504
2026-09-22 14:20:00,4362.0,4372.7001953125,4360.39990234375,4367.2998046875,3182
2026-09-22 14:30:00,4366.2998046875,4367.7001953125,4354.2998046875,4356.0,1983
2026-09-22 14:40:00,4355.2998046875,4360.2001953125,4353.2998046875,4353.7001953125,1145
2026-09-22 14:50:00,4353.5,4356.2001953125,4350.7998046875,4351.2001953125,915
2026-09-22 15:00:00,4351.5,4354.7001953125,4349.0,4353.2998046875,2028
2026-09-22 15:10:00,4353.2001953125,4360.10009765625,4352.39990234375,4359.60009765625,846
2026-09-22 15:20:00,4359.7001953125,4375.2998046875,4359.60009765625,4374.10009765625,3963
2026-09-22 15:30:00,4373.7998046875,4375.2998046875,4369.0,4370.2998046875,1234
2026-09-22 15:40:00,4370.2001953125,4372.39990234375,4365.7001953125,4366.89990234375,620
2026-09-22 15:50:00,4367.2998046875,4368.39990234375,4365.2001953125,4367.2998046875,404
2026-09-22 16:00:00,4367.10009765625,4370.0,4365.0,4368.5,434
2026-09-22 16:10:00,4368.60009765625,4371.39990234375,4363.2001953125,4364.7001953125,728
2026-09-22 16:20:00,4364.7998046875,4367.10009765625,4359.0,4359.0,861
2026-09-22 16:30:00,4358.7998046875,4360.60009765625,4346.39990234375,4347.5,2140
2026-09-22 16:40:00,4347.89990234375,4355.60009765625,4346.2998046875,4350.0,1650
2026-09-22 16:50:00,4349.89990234375,4355.7001953125,4349.2001953125,4355.10009765625,745
2026-09-22 17:00:00,4354.89990234375,4356.7998046875,4351.0,4353.7998046875,520
2026-09-22 17:10:00,4353.7998046875,4358.89990234375,4352.7998046875,4357.60009765625,852
2026-09-22 17:20:00,4357.7001953125,4360.7998046875,4355.0,4359.89990234375,1028
2026-09-22 17:30:00,4360.2001953125,4364.10009765625,4357.10009765625,4358.10009765625,1040
2026-09-22 17:40:00,4358.0,4364.2998046875,4357.5,4364.2001953125,616
2026-09-22 17:50:00,4363.89990234375,4380.0,4362.10009765625,4374.5,3485
2026-09-22 18:00:00,4374.2001953125,4381.39990234375,4372.5,4376.2998046875,2199
2026-09-22 18:10:00,4376.39990234375,4378.39990234375,4368.39990234375,4370.39990234375,1405
2026-09-22 18:20:00,4370.7001953125,4375.2001953125,4368.2998046875,4371.5,1421
2026-09-22 18:30:00,4371.60009765625,4379.2001953125,4368.0,4377.2001953125,2497
2026-09-22 18:40:00,4377.39990234375,4380.60009765625,4374.7001953125,4375.39990234375,1427
2026-09-22 18:50:00,4375.39990234375,4377.5,4367.39990234375,4368.0,1405
2026-09-22 19:00:00,4368.10009765625,4374.60009765625,4367.5,4369.0,1774
2026-09-22 19:10:00,4369.10009765625,4381.89990234375,4365.2001953125,4377.5,3554
2026-09-22 19:20:00,4377.60009765625,4378.7001953125,4367.5,4371.0,1508
2026-09-22 19:30:00,4370.7998046875,4372.5,4365.2001953125,4367.39990234375,2315
2026-09-22 19:40:00,4367.10009765625,4376.39990234375,4363.10009765625,4366.2998046875,2737
2026-09-22 19:50:00,4366.60009765625,4370.5,4362.2998046875,4365.60009765625,1626
2026-09-22 20:00:00,4365.60009765625,4371.7998046875,4358.60009765625,4361.7998046875,3448
2026-09-22 20:10:00,4362.2001953125,4362.2001953125,4351.7998046875,4359.2998046875,3696
2026-09-22 20:20:00,4359.7001953125,4365.89990234375,4357.5,4365.2998046875,1170
2026-09-22 20:30:00,4365.5,4375.7998046875,4362.7001953125,4375.60009765625,2177
2026-09-22 20:40:00,4375.5,4378.2998046875,4372.60009765625,4374.89990234375,2914
2026-09-22 20:50:00,4375.0,4376.7998046875,4369.7998046875,4369.7998046875,1031
2026-09-22 21:00:00,4369.7001953125,4370.89990234375,4364.7998046875,4366.2998046875,1389
2026-09-22 21:10:00,4366.2001953125,4367.39990234375,4362.60009765625,4363.7998046875,853
2026-09-22 21:20:00,4363.89990234375,4369.39990234375,4362.7998046875,4368.7001953125,816
2026-09-22 21:30:00,4368.60009765625,4369.7998046875,4361.7001953125,4362.2001953125,1326
2026-09-22 21:40:00,4362.2998046875,4364.2998046875,4359.7998046875,4363.7001953125,911
2026-09-22 21:50:00,4363.7998046875,4364.89990234375,4361.7001953125,4364.2998046875,829
2026-09-22 22:00:00,4364.39990234375,4366.5,4363.60009765625,4366.2998046875,532
2026-09-22 22:10:00,4366.39990234375,4379.2001953125,4365.2998046875,4377.60009765625,2118
2026-09-22 22:20:00,4377.7001953125,4379.7998046875,4372.39990234375,4374.10009765625,1516
2026-09-22 22:30:00,4374.0,4378.89990234375,4372.5,4375.60009765625,967
2026-09-22 22:40:00,4375.7001953125,4378.10009765625,4374.60009765625,4375.2001953125,766
2026-09-22 22:50:00,4375.2001953125,4377.7001953125,4373.2001953125,4377.2001953125,1690
2026-09-22 23:00:00,4377.2998046875,4378.0,4372.7001953125,4374.39990234375,537
2026-09-22 23:10:00,4374.39990234375,4378.2998046875,4373.60009765625,4377.2998046875,378
2026-09-22 23:20:00,4377.7001953125,4391.2998046875,4377.0,4388.89990234375,4369
2026-09-22 23:30:00,4388.7998046875,4397.89990234375,4385.5,4395.60009765625,2797
2026-09-22 23:40:00,4395.60009765625,4398.7998046875,4393.2001953125,4396.2998046875,1722
2026-09-22 23:50:00,4395.7001953125,4397.89990234375,4391.7001953125,4394.10009765625,1231
2026-09-23 00:00:00,4394.39990234375,4394.89990234375,4387.7998046875,4389.89990234375,1061
2026-09-23 00:10:00,4389.7998046875,4391.60009765625,4386.2998046875,4390.5,833
2026-09-23 00:20:00,4390.7998046875,4391.7998046875,4388.39990234375,4390.89990234375,640
2026-09-23 00:30:00,4391.10009765625,4395.60009765625,4390.7001953125,4394.89990234375,619
2026-09-23 00:40:00,4394.7001953125,4396.7998046875,4394.0,4395.5,603
2026-09-23 00:50:00,4395.60009765625,4399.0,4393.89990234375,4397.10009765625,1441
2026-09-23 01:00:00,4397.2001953125,4409.60009765625,4397.2001953125,4407.7998046875,3447
2026-09-23 01:10:00,4408.2001953125,4409.39990234375,4404.7998046875,4407.60009765625,1183
2026-09-23 01:20:00,4407.2001953125,4407.39990234375,4401.10009765625,4401.7998046875,1113
2026-09-23 01:30:00,4402.10009765625,4402.5,4398.39990234375,4399.7998046875,1292
2026-09-23 01:40:00,4400.0,4400.2001953125,4396.10009765625,4397.2998046875,446
2026-09-23 01:50:00,4397.2001953125,4398.7001953125,4396.39990234375,4397.5,209
2026-09-23 02:00:00,4397.60009765625,4398.2998046875,4395.39990234375,4395.7001953125,463
2026-09-23 02:10:00,4395.89990234375,4397.2001953125,4395.7001953125,4395.7001953125,192
2026-09-23 02:20:00,4395.89990234375,4398.10009765625,4393.5,4396.2001953125,567
2026-09-23 02:30:00,,,,,0
2026-09-23 02:40:00,,,,,0
2026-09-23 02:50:00,,,,,0
2026-09-23 03:00:00,,,,,0
2026-09-23 03:10:00,,,,,0
2026-09-23 03:20:00,,,,,0
2026-09-23 03:30:00,4394.7001953125,4402.7998046875,4394.7001953125,4399.7998046875,189
2026-09-23 03:40:00,4399.89990234375,4402.39990234375,4399.2001953125,4402.0,201
2026-09-23 03:50:00,4401.60009765625,4403.5,4400.39990234375,4403.0,536
2026-09-23 04:00:00,4402.89990234375,4403.7998046875,4401.5,4402.2998046875,205
2026-09-23 04:10:00,4402.5,4403.39990234375,4400.2998046875,4400.2998046875,238
2026-09-23 04:20:00,4400.60009765625,4401.5,4398.89990234375,4400.60009765625,283
2026-09-23 04:30:00,4400.7998046875,4402.7001953125,4400.2998046875,4401.7001953125,226
2026-09-23 04:40:00,4401.7001953125,4404.10009765625,4398.89990234375,4403.39990234375,319
2026-09-23 04:50:00,4403.39990234375,4403.5,4401.0,4402.2998046875,182
2026-09-23 05:00:00,4402.10009765625,4403.0,4399.10009765625,4402.0,436
2026-09-23 05:10:00,4401.5,4403.2998046875,4397.7001953125,4398.2001953125,317
2026-09-23 05:20:00,4398.39990234375,4403.5,4396.39990234375,4402.0,716
2026-09-23 05:30:00,4401.39990234375,4407.5,4399.39990234375,4401.0,561
2026-09-23 05:40:00,4400.5,4404.0,4399.89990234375,4401.2998046875,508
2026-09-23 05:50:00,4401.2998046875,4401.39990234375,4396.2001953125,4396.60009765625,369
2026-09-23 06:00:00,4396.2998046875,4399.2001953125,4392.2998046875,4394.89990234375,1262
2026-09-23 06:10:00,4394.7998046875,4398.2001953125,4393.2001953125,4394.5,1247
2026-09-23 06:20:00,4394.7001953125,4396.10009765625,4393.60009765625,4394.7998046875,418
2026-09-23 06:30:00,4395.0,4396.60009765625,4387.39990234375,4388.0,1561
2026-09-23 06:40:00,4387.7998046875,4387.89990234375,4382.89990234375,4385.39990234375,962
2026-09-23 06:50:00,4384.89990234375,4386.2998046875,4379.39990234375,4380.7001953125,794
2026-09-23 07:00:00,4380.60009765625,4383.39990234375,4378.60009765625,4382.7001953125,876
2026-09-23 07:10:00,4382.7001953125,4383.7001953125,4379.10009765625,4382.7001953125,622
2026-09-23 07:20:00,4382.39990234375,4383.5,4375.89990234375,4378.2998046875,670
2026-09-23 07:30:00,4378.2001953125,4378.2998046875,4374.7001953125,4375.39990234375,521
2026-09-23 07:40:00,4375.0,4376.5,4371.2998046875,4372.7001953125,767
2026-09-23 07:50:00,4372.5,4376.7001953125,4371.60009765625,4375.2998046875,604
2026-09-23 08:00:00,4375.5,4376.2001953125,4370.2001953125,4370.89990234375,723
2026-09-23 08:10:00,4370.89990234375,4374.89990234375,4370.7998046875,4372.0,379
2026-09-23 08:20:00,4372.2001953125,4373.7001953125,4370.10009765625,4370.7001953125,493
2026-09-23 08:30:00,4370.7001953125,4373.89990234375,4370.0,4372.7001953125,499
2026-09-23 08:40:00,4372.5,4376.60009765625,4372.39990234375,4373.5,463
2026-09-23 08:50:00,4373.2001953125,4377.2001953125,4373.0,4375.0,340
2026-09-23 09:00:00,4374.7001953125,4377.60009765625,4374.10009765625,4376.7001953125,253
2026-09-23 09:10:00,4376.7998046875,4379.7998046875,4376.7001953125,4379.0,370
2026-09-23 09:20:00,4379.0,4382.39990234375,4378.7001953125,4380.0,702
2026-09-23 09:30:00,4379.39990234375,4382.7001953125,4379.2001953125,4381.7001953125,479
2026-09-23 09:40:00,4381.60009765625,4384.2998046875,4381.10009765625,4383.89990234375,306
2026-09-23 09:50:00,4383.39990234375,4384.39990234375,4381.60009765625,4382.2998046875,132
2026-09-23 10:00:00,4382.39990234375,4383.7998046875,4381.2001953125,4381.60009765625,174
2026-09-23 10:10:00,4381.60009765625,4383.7998046875,4380.5,4383.7998046875,218
2026-09-23 10:20:00,4383.7998046875,4383.7998046875,4380.7001953125,4381.0,227
2026-09-23 10:30:00,4381.2001953125,4382.89990234375,4379.5,4381.0,510
2026-09-23 10:40:00,4380.7001953125,4380.7001953125,4378.7001953125,4379.5,473
2026-09-23 10:50:00,4379.39990234375,4380.7001953125,4377.2998046875,4378.2001953125,246
2026-09-23 11:00:00,4378.2001953125,4379.39990234375,4371.60009765625,4371.89990234375,764
2026-09-23 11:10:00,4372.0,4373.7998046875,4366.2001953125,4366.7001953125,1244
2026-09-23 11:20:00,4366.7001953125,4372.5,4365.10009765625,4372.2998046875,656
2026-09-23 11:30:00,4371.7998046875,4374.10009765625,4368.7001953125,4368.89990234375,845
2026-09-23 11:40:00,4368.5,4368.7998046875,4364.39990234375,4366.7001953125,864
2026-09-23 11:50:00,4366.5,4368.2998046875,4363.2998046875,4365.89990234375,721
2026-09-23 12:00:00,4366.2001953125,4370.60009765625,4365.7001953125,4370.5,579
2026-09-23 12:10:00,4370.7001953125,4374.10009765625,4368.10009765625,4372.89990234375,613
2026-09-23 12:20:00,4372.89990234375,4373.2001953125,4367.10009765625,4368.5,507
2026-09-23 12:30:00,4367.7998046875,4369.60009765625,4364.2001953125,4365.2001953125,852
2026-09-23 12:40:00,4365.2001953125,4365.5,4360.5,4362.89990234375,1860
2026-09-23 12:50:00,4362.7001953125,4364.0,4358.89990234375,4360.7998046875,1014
2026-09-23 13:00:00,4360.7001953125,4362.2001953125,4356.10009765625,4358.7001953125,1448
2026-09-23 13:10:00,4358.60009765625,4360.10009765625,4357.39990234375,4359.7001953125,759
2026-09-23 13:20:00,4359.7998046875,4362.2998046875,4355.10009765625,4356.2001953125,1179
2026-09-23 13:30:00,4356.2001953125,4358.39990234375,4354.39990234375,4355.2001953125,1108
2026-09-23 13:40:00,4355.5,4357.39990234375,4353.7998046875,4355.60009765625,691
2026-09-23 13:50:00,4355.5,4359.7998046875,4355.2001953125,4356.2001953125,801
2026-09-23 14:00:00,4356.0,4357.2998046875,4352.89990234375,4354.10009765625,819
2026-09-23 14:10:00,4354.10009765625,4356.2998046875,4352.2001953125,4356.0,538
2026-09-23 14:20:00,4355.7001953125,4356.2998046875,4353.5,4355.0,473
2026-09-23 14:30:00,4354.89990234375,4357.2998046875,4354.10009765625,4355.89990234375,462
2026-09-23 14:40:00,4356.0,4357.2998046875,4352.2998046875,4354.10009765625,429
2026-09-23 14:50:00,4354.0,4357.0,4352.7998046875,4354.0,553
2026-09-23 15:00:00,4353.89990234375,4356.0,4350.2001953125,4351.60009765625,758
2026-09-23 15:10:00,4351.5,4353.60009765625,4345.2998046875,4345.7001953125,1315
2026-09-23 15:20:00,4345.89990234375,4351.2998046875,4345.7001953125,4350.60009765625,759
2026-09-23 15:30:00,4351.10009765625,4355.89990234375,4350.5,4353.39990234375,1199
2026-09-23 15:40:00,4353.2998046875,4353.7998046875,4352.10009765625,4353.7001953125,259
2026-09-23 15:50:00,4353.5,4354.89990234375,4351.2001953125,4354.5,423
2026-09-23 16:00:00,4354.5,4356.0,4351.60009765625,4353.2001953125,525
2026-09-23 16:10:00,4353.0,4353.10009765625,4349.0,4349.89990234375,379
2026-09-23 16:20:00,4350.0,4352.89990234375,4350.0,4352.5,447
2026-09-23 16:30:00,4352.10009765625,4353.7001953125,4349.7001953125,4352.2001953125,389
2026-09-23 16:40:00,4352.39990234375,4354.0,4347.39990234375,4347.89990234375,350
2026-09-23 16:50:00,4348.0,4348.39990234375,4340.5,4342.89990234375,1962
2026-09-23 17:00:00,4343.10009765625,4343.5,4330.89990234375,4336.10009765625,2189
2026-09-23 17:10:00,4336.2998046875,4345.2001953125,4334.7001953125,4344.0,1514
2026-09-23 17:20:00,4344.10009765625,4346.7001953125,4342.5,4346.2998046875,643
2026-09-23 17:30:00,4346.39990234375,4352.0,4345.7998046875,4349.7998046875,1036
2026-09-23 17:40:00,4350.5,4355.60009765625,4349.60009765625,4351.60009765625,1379
2026-09-23 17:50:00,4351.39990234375,4351.5,4346.5,4347.7001953125,1746
2026-09-23 18:00:00,4347.60009765625,4347.7998046875,4339.7998046875,4340.0,1772
2026-09-23 18:10:00,4340.2998046875,4343.2998046875,4338.5,4340.60009765625,1658
2026-09-23 18:20:00,4340.2001953125,4347.39990234375,4337.2001953125,4346.2998046875,1545
2026-09-23 18:30:00,4346.2998046875,4347.2001953125,4337.7998046875,4338.5,1790
2026-09-23 18:40:00,4338.5,4342.89990234375,4334.7998046875,4339.2001953125,1443
2026-09-23 18:50:00,4339.39990234375,4349.2998046875,4339.2001953125,4349.2998046875,1210
2026-09-23 19:00:00,4349.10009765625,4350.60009765625,4335.2001953125,4340.2001953125,2341
2026-09-23 19:10:00,4339.7998046875,4341.2001953125,4317.2998046875,4321.2001953125,6937
2026-09-23 19:20:00,4321.2998046875,4326.10009765625,4317.89990234375,4320.39990234375,3902
2026-09-23 19:30:00,4320.10009765625,4330.2001953125,4320.0,4328.60009765625,3580
2026-09-23 19:40:00,4328.5,4329.0,4314.39990234375,4314.5,3400
2026-09-23 19:50:00,4314.7001953125,4321.5,4313.89990234375,4317.10009765625,2712
2026-09-23 20:00:00,4316.7998046875,4328.5,4316.5,4318.5,2944
2026-09-23 20:10:00,4318.60009765625,4324.39990234375,4318.60009765625,4322.10009765625,1847
2026-09-23 20:20:00,4322.2001953125,4335.0,4320.2001953125,4330.60009765625,4647
2026-09-23 20:30:00,4330.60009765625,4331.89990234375,4325.60009765625,4330.39990234375,1878
2026-09-23 20:40:00,4330.5,4333.60009765625,4326.2001953125,4329.2998046875,1436
2026-09-23 20:50:00,4329.2001953125,4330.2001953125,4319.10009765625,4319.60009765625,1675
2026-09-23 21:00:00,4319.7001953125,4322.0,4314.7001953125,4315.89990234375,2139
2026-09-23 21:10:00,4315.7001953125,4321.2998046875,4313.2998046875,4314.39990234375,1845
2026-09-23 21:20:00,4314.2001953125,4318.60009765625,4313.60009765625,4318.2998046875,1294
2026-09-23 21:30:00,4318.2998046875,4320.60009765625,4314.5,4318.7001953125,1016
2026-09-23 21:40:00,4318.7998046875,4321.2001953125,4318.0,4320.2998046875,690
2026-09-23 21:50:00,4320.2998046875,4322.0,4318.2998046875,4322.0,720
2026-09-23 22:00:00,4322.2001953125,4326.10009765625,4321.0,4324.60009765625,928
2026-09-23 22:10:00,4323.7998046875,4324.10009765625,4317.0,4319.0,1176
2026-09-23 22:20:00,4319.2998046875,4322.10009765625,4314.7001953125,4321.10009765625,1620
2026-09-23 22:30:00,4321.2001953125,4322.0,4311.5,4319.7998046875,2595
2026-09-23 22:40:00,4319.89990234375,4321.39990234375,4312.7001953125,4316.10009765625,1434
2026-09-23 22:50:00,4315.7998046875,4320.2998046875,4315.5,4318.60009765625,2375
2026-09-23 23:00:00,4318.39990234375,4318.7001953125,4311.7001953125,4312.7001953125,1267
2026-09-23 23:10:00,4312.5,4327.39990234375,4310.7001953125,4327.2998046875,2756
2026-09-23 23:20:00,4327.2998046875,4330.0,4325.2998046875,4329.5,951
2026-09-23 23:30:00,4329.60009765625,4331.5,4326.10009765625,4327.2001953125,712
2026-09-23 23:40:00,4326.7001953125,4327.7001953125,4324.5,4326.89990234375,541
2026-09-23 23:50:00,4326.2001953125,4327.10009765625,4319.89990234375,4322.2001953125,648
2026-09-24 00:00:00,4322.2998046875,4323.7998046875,4320.7998046875,4321.2001953125,377
2026-09-24 00:10:00,4321.39990234375,4323.2998046875,4319.0,4323.10009765625,425
2026-09-24 00:20:00,4322.89990234375,4327.0,4322.89990234375,4326.7998046875,837
2026-09-24 00:30:00,4326.7001953125,4329.89990234375,4324.2998046875,4325.89990234375,539
2026-09-24 00:40:00,4326.0,4326.5,4319.7001953125,4320.7001953125,849
2026-09-24 00:50:00,4320.7001953125,4323.89990234375,4319.89990234375,4323.2001953125,543
2026-09-24 01:00:00,4323.2001953125,4323.7998046875,4317.2998046875,4318.39990234375,765
2026-09-24 01:10:00,4318.60009765625,4323.2001953125,4318.0,4322.89990234375,582
2026-09-24 01:20:00,4323.10009765625,4323.5,4318.2998046875,4320.60009765625,1300
2026-09-24 01:30:00,4320.2998046875,4324.0,4319.5,4323.2998046875,642
2026-09-24 01:40:00,4323.2001953125,4323.39990234375,4319.2998046875,4319.2998046875,911
2026-09-24 01:50:00,4319.60009765625,4321.2001953125,4318.39990234375,4321.2001953125,278
2026-09-24 02:00:00,4321.7998046875,4322.2998046875,4318.60009765625,4320.2998046875,304
2026-09-24 02:10:00,4320.7998046875,4322.2001953125,4320.7001953125,4322.10009765625,211
2026-09-24 02:20:00,4322.2998046875,4326.5,4322.0,4322.7001953125,704
2026-09-24 02:30:00,4322.7001953125,4322.7001953125,4322.7001953125,4322.7001953125,1
2026-09-24 02:40:00,,,,,0
2026-09-24 02:50:00,,,,,0
2026-09-24 03:00:00,,,,,0
2026-09-24 03:10:00,,,,,0
2026-09-24 03:20:00,,,,,0
2026-09-24 03:30:00,4324.39990234375,4328.7998046875,4324.0,4326.89990234375,177
2026-09-24 03:40:00,4326.89990234375,4326.89990234375,4320.89990234375,4322.10009765625,1169
2026-09-24 03:50:00,4322.10009765625,4327.39990234375,4322.0,4323.7998046875,1445
2026-09-24 04:00:00,4323.5,4326.10009765625,4322.5,4324.39990234375,1418
2026-09-24 04:10:00,4323.7998046875,4326.0,4322.60009765625,4324.5,334
2026-09-24 04:20:00,4324.60009765625,4326.2001953125,4322.39990234375,4324.2001953125,601
2026-09-24 04:30:00,4324.0,4326.60009765625,4323.7998046875,4325.60009765625,271
2026-09-24 04:40:00,4325.60009765625,4328.7998046875,4324.10009765625,4325.2001953125,408
2026-09-24 04:50:00,4325.10009765625,4326.2001953125,4323.0,4323.2001953125,210
2026-09-24 05:00:00,4323.60009765625,4324.2001953125,4320.7001953125,4321.7998046875,332
2026-09-24 05:10:00,4321.5,4325.10009765625,4320.2001953125,4325.10009765625,454
2026-09-24 05:20:00,4324.7998046875,4327.10009765625,4323.7998046875,4323.7998046875,372
2026-09-24 05:30:00,4324.10009765625,4327.2001953125,4323.5,4326.60009765625,408
2026-09-24 05:40:00,4326.89990234375,4327.2998046875,4322.2001953125,4324.10009765625,504
2026-09-24 05:50:00,4324.10009765625,4327.7998046875,4319.0,4327.39990234375,959
2026-09-24 06:00:00,4327.10009765625,4329.7001953125,4325.60009765625,4327.39990234375,388
2026-09-24 06:10:00,4326.7001953125,4330.39990234375,4326.5,4327.7998046875,404
2026-09-24 06:20:00,4327.60009765625,4334.60009765625,4327.10009765625,4333.7001953125,782
2026-09-24 06:30:00,4333.7998046875,4334.2998046875,4324.5,4331.0,1673
2026-09-24 06:40:00,4330.7001953125,4338.0,4330.7001953125,4335.0,1151
2026-09-24 06:50:00,4334.7998046875,4335.7001953125,4330.2001953125,4334.10009765625,724
2026-09-24 07:00:00,4334.7001953125,4335.89990234375,4327.7998046875,4328.7001953125,1027
2026-09-24 07:10:00,4328.2998046875,4329.0,4317.89990234375,4318.89990234375,1024
2026-09-24 07:20:00,4318.89990234375,4323.60009765625,4312.60009765625,4314.7998046875,1552
2026-09-24 07:30:00,4314.0,4314.39990234375,4308.0,4311.0,3070
2026-09-24 07:40:00,4311.0,4321.39990234375,4310.2001953125,4319.39990234375,1190
2026-09-24 07:50:00,4319.60009765625,4322.5,4317.2001953125,4320.7998046875,725
2026-09-24 08:00:00,4321.10009765625,4330.7001953125,4319.2001953125,4330.10009765625,1191
2026-09-24 08:10:00,4329.7001953125,4332.0,4325.89990234375,4327.2001953125,1287
2026-09-24 08:20:00,4327.5,4327.7998046875,4321.89990234375,4325.7001953125,1229
2026-09-24 08:30:00,4325.39990234375,4328.7001953125,4320.2998046875,4321.89990234375,707
2026-09-24 08:40:00,4321.7998046875,4325.7001953125,4319.89990234375,4322.89990234375,432
2026-09-24 08:50:00,4322.89990234375,4323.89990234375,4320.2001953125,4320.7998046875,354
2026-09-24 09:00:00,4320.60009765625,4322.0,4317.7001953125,4320.10009765625,459
2026-09-24 09:10:00,4320.0,4320.5,4315.60009765625,4318.39990234375,463
2026-09-24 09:20:00,4318.5,4320.0,4316.39990234375,4318.89990234375,606
2026-09-24 09:30:00,4320.10009765625,4321.7998046875,4316.39990234375,4318.7001953125,428
2026-09-24 09:40:00,4318.7998046875,4322.7998046875,4318.2001953125,4320.7998046875,472
2026-09-24 09:50:00,4321.0,4322.10009765625,4318.7998046875,4321.0,119
2026-09-24 10:00:00,4321.2001953125,4323.89990234375,4320.7998046875,4322.0,151
2026-09-24 10:10:00,4321.7001953125,4323.7001953125,4320.39990234375,4323.5,240
2026-09-24 10:20:00,4323.2001953125,4325.10009765625,4322.5,4324.2998046875,186
2026-09-24 10:30:00,4324.39990234375,4331.2001953125,4324.39990234375,4328.7001953125,677
2026-09-24 10:40:00,4328.5,4328.60009765625,4320.89990234375,4324.39990234375,251
2026-09-24 10:50:00,4324.5,4326.10009765625,4322.7998046875,4325.10009765625,212
2026-09-24 11:00:00,4325.5,4325.7001953125,4318.2001953125,4318.7998046875,676
2026-09-24 11:10:00,4318.7001953125,4321.2001953125,4314.60009765625,4317.5,791
2026-09-24 11:20:00,4318.2998046875,4318.5,4312.0,4313.60009765625,474
2026-09-24 11:30:00,4313.7998046875,4320.89990234375,4313.39990234375,4320.7998046875,787
2026-09-24 11:40:00,4320.89990234375,4321.2998046875,4315.39990234375,4317.7001953125,664
2026-09-24 11:50:00,4317.7998046875,4321.0,4316.10009765625,4317.2998046875,489
2026-09-24 12:00:00,4316.7998046875,4318.5,4310.2001953125,4314.7998046875,1136
2026-09-24 12:10:00,4315.2001953125,4315.39990234375,4309.0,4310.39990234375,1269
2026-09-24 12:20:00,4310.2998046875,4313.0,4309.89990234375,4311.2998046875,452
2026-09-24 12:30:00,4311.2001953125,4320.0,4309.0,4318.5,1504
2026-09-24 12:40:00,4318.2998046875,4323.0,4316.7001953125,4321.89990234375,729
2026-09-24 12:50:00,4321.7001953125,4321.7001953125,4316.0,4320.0,522
2026-09-24 13:00:00,4320.0,4323.0,4317.10009765625,4319.60009765625,518
2026-09-24 13:10:00,4319.2001953125,4320.5,4314.60009765625,4314.89990234375,389
2026-09-24 13:20:00,4314.89990234375,4318.7998046875,4310.89990234375,4313.2998046875,712
2026-09-24 13:30:00,4313.39990234375,4320.2998046875,4312.39990234375,4317.2998046875,913
2026-09-24 13:40:00,4316.89990234375,4317.7001953125,4301.7998046875,4305.7001953125,2226
2026-09-24 13:50:00,4305.7001953125,4308.2001953125,4296.60009765625,4298.7001953125,2535
2026-09-24 14:00:00,4298.60009765625,4308.2001953125,4297.7001953125,4302.39990234375,1939
2026-09-24 14:10:00,4302.39990234375,4304.89990234375,4300.60009765625,4302.2998046875,584
2026-09-24 14:20:00,4301.39990234375,4302.5,4295.0,4295.5,1142
2026-09-24 14:30:00,4295.5,4301.7001953125,4293.10009765625,4297.5,1091
2026-09-24 14:40:00,4298.0,4299.7998046875,4295.2998046875,4297.2001953125,831
2026-09-24 14:50:00,4297.39990234375,4299.39990234375,4289.2998046875,4289.60009765625,952
2026-09-24 15:00:00,4289.89990234375,4294.89990234375,4288.7998046875,4291.7998046875,1076
2026-09-24 15:10:00,4291.60009765625,4292.39990234375,4285.0,4287.0,1387
2026-09-24 15:20:00,4287.10009765625,4290.7001953125,4286.89990234375,4289.7001953125,856
2026-09-24 15:30:00,4289.60009765625,4293.7998046875,4284.7001953125,4287.0,1347
2026-09-24 15:40:00,4287.10009765625,4291.7998046875,4283.89990234375,4286.2001953125,1808
2026-09-24 15:50:00,4286.7998046875,4287.7001953125,4279.0,4280.10009765625,2272
2026-09-24 16:00:00,4280.2001953125,4296.89990234375,4278.2998046875,4295.0,2201
2026-09-24 16:10:00,4295.0,4299.39990234375,4292.2998046875,4297.10009765625,1209
2026-09-24 16:20:00,4297.2001953125,4298.2998046875,4290.10009765625,4292.5,707
2026-09-24 16:30:00,4292.39990234375,4295.0,4286.39990234375,4289.2998046875,754
2026-09-24 16:40:00,4289.39990234375,4298.10009765625,4288.7001953125,4295.7998046875,1454
2026-09-24 16:50:00,4296.0,4302.39990234375,4296.0,4298.2001953125,1143
2026-09-24 17:00:00,4298.2001953125,4300.39990234375,4292.7998046875,4294.39990234375,564
2026-09-24 17:10:00,4294.60009765625,4296.0,4292.89990234375,4295.0,677
2026-09-24 17:20:00,4295.10009765625,4300.7998046875,4293.2998046875,4300.39990234375,587
2026-09-24 17:30:00,4300.2001953125,4301.60009765625,4295.0,4300.10009765625,727
2026-09-24 17:40:00,4299.89990234375,4305.39990234375,4299.2001953125,4303.60009765625,888
2026-09-24 17:50:00,4303.39990234375,4306.60009765625,4301.2998046875,4306.5,2071
2026-09-24 18:00:00,4305.60009765625,4307.60009765625,4299.39990234375,4303.0,1391
2026-09-24 18:10:00,4303.10009765625,4309.60009765625,4303.10009765625,4309.0,1216
2026-09-24 18:20:00,4309.2001953125,4318.2001953125,4307.2998046875,4316.0,2034
2026-09-24 18:30:00,4316.2001953125,4320.0,4311.7001953125,4314.2001953125,1970
2026-09-24 18:40:00,4314.39990234375,4317.7001953125,4311.10009765625,4312.7998046875,930
2026-09-24 18:50:00,4312.7001953125,4314.10009765625,4310.2998046875,4311.2998046875,1100
2026-09-24 19:00:00,4311.60009765625,4312.7998046875,4305.0,4306.60009765625,2537
2026-09-24 19:10:00,4306.2001953125,4311.5,4302.39990234375,4306.10009765625,2120
2026-09-24 19:20:00,4306.10009765625,4307.0,4299.7001953125,4302.5,2093
2026-09-24 19:30:00,4302.5,4308.39990234375,4300.39990234375,4305.2001953125,2287
2026-09-24 19:40:00,4305.5,4306.7998046875,4299.0,4299.89990234375,2079
2026-09-24 19:50:00,4300.0,4304.0,4295.7998046875,4302.39990234375,1726
2026-09-24 20:00:00,4302.2998046875,4302.2998046875,4290.2998046875,4291.5,2182
2026-09-24 20:10:00,4291.89990234375,4293.5,4288.7001953125,4292.5,1616
2026-09-24 20:20:00,4292.5,4297.2998046875,4287.39990234375,4288.0,2231
2026-09-24 20:30:00,4288.2998046875,4289.2998046875,4283.7001953125,4284.7001953125,2008
2026-09-24 20:40:00,4284.7998046875,4288.5,4279.5,4285.39990234375,2477
2026-09-24 20:50:00,4285.2001953125,4290.7001953125,4283.89990234375,4285.39990234375,1884
2026-09-24 21:00:00,4285.39990234375,4288.7998046875,4281.5,4288.7998046875,1511
2026-09-24 21:10:00,4288.60009765625,4291.60009765625,4287.2001953125,4289.7998046875,1461
2026-09-24 21:20:00,4289.39990234375,4295.10009765625,4288.89990234375,4291.2998046875,1068
2026-09-24 21:30:00,4291.5,4293.10009765625,4287.2001953125,4287.89990234375,887
2026-09-24 21:40:00,4287.7001953125,4324.2998046875,4287.7001953125,4308.89990234375,8337
2026-09-24 21:50:00,4310.0,4316.7998046875,4306.39990234375,4310.89990234375,2936
2026-09-24 22:00:00,4311.2001953125,4314.0,4305.39990234375,4312.5,2302
2026-09-24 22:10:00,4312.39990234375,4320.7001953125,4307.89990234375,4310.2998046875,2376
2026-09-24 22:20:00,4310.89990234375,4313.60009765625,4306.0,4308.7001953125,1294
2026-09-24 22:30:00,4308.0,4313.0,4303.7998046875,4306.39990234375,2154
2026-09-24 22:40:00,4305.7998046875,4307.0,4297.5,4297.60009765625,2332
2026-09-24 22:50:00,4297.89990234375,4301.0,4294.39990234375,4298.5,3106
2026-09-24 23:00:00,4298.5,4302.7001953125,4296.7001953125,4297.7001953125,1389
2026-09-24 23:10:00,4297.7001953125,4298.2001953125,4293.2001953125,4294.10009765625,1265
2026-09-24 23:20:00,4294.10009765625,4301.39990234375,4293.60009765625,4300.10009765625,1022
2026-09-24 23:30:00,4300.2001953125,4300.89990234375,4291.2998046875,4297.10009765625,2018
2026-09-24 23:40:00,4297.5,4307.2001953125,4297.5,4304.0,1200
2026-09-24 23:50:00,4304.39990234375,4310.5,4302.10009765625,4309.5,1199
2026-09-25 00:00:00,4309.60009765625,4317.2001953125,4302.7998046875,4312.7001953125,2354
2026-09-25 00:10:00,4312.60009765625,4312.7998046875,4305.10009765625,4307.7998046875,768
2026-09-25 00:20:00,4307.7998046875,4312.39990234375,4306.60009765625,4307.10009765625,871
2026-09-25 00:30:00,4307.2001953125,4308.0,4302.2001953125,4304.7998046875,829
2026-09-25 00:40:00,4304.60009765625,4306.10009765625,4302.39990234375,4305.89990234375,719
2026-09-25 00:50:00,4306.2998046875,4310.89990234375,4304.39990234375,4307.2998046875,541
2026-09-25 01:00:00,4307.39990234375,4310.7001953125,4306.2998046875,4310.7001953125,456
2026-09-25 01:10:00,4310.7001953125,4310.7001953125,4308.2998046875,4308.39990234375,752
2026-09-25 01:20:00,4308.60009765625,4310.0,4307.5,4309.39990234375,665
2026-09-25 01:30:00,4309.10009765625,4309.89990234375,4305.39990234375,4305.60009765625,1346
2026-09-25 01:40:00,4305.89990234375,4308.2001953125,4300.2001953125,4300.39990234375,971
2026-09-25 01:50:00,4300.39990234375,4302.2001953125,4299.7001953125,4300.7998046875,414
2026-09-25 02:00:00,4300.89990234375,4304.0,4300.39990234375,4304.0,383
2026-09-25 02:10:00,4304.39990234375,4308.0,4304.0,4307.60009765625,274
2026-09-25 02:20:00,4307.39990234375,4311.39990234375,4306.7998046875,4310.10009765625,463
2026-09-25 02:30:00,,,,,0
2026-09-25 02:40:00,,,,,0
2026-09-25 02:50:00,,,,,0
2026-09-25 03:00:00,,,,,0
2026-09-25 03:10:00,,,,,0
2026-09-25 03:20:00,,,,,0
2026-09-25 03:30:00,4309.5,4312.7998046875,4307.10009765625,4307.2998046875,76
2026-09-25 03:40:00,4307.39990234375,4307.39990234375,4303.5,4303.89990234375,293
2026-09-25 03:50:00,4304.0,4307.0,4303.10009765625,4306.5,352
2026-09-25 04:00:00,4306.39990234375,4308.5,4304.60009765625,4305.2998046875,458
2026-09-25 04:10:00,4305.2001953125,4307.60009765625,4304.0,4306.60009765625,722
2026-09-25 04:20:00,4306.60009765625,4309.7001953125,4305.7998046875,4307.5,470
2026-09-25 04:30:00,4307.7998046875,4310.2998046875,4306.89990234375,4308.39990234375,1106
2026-09-25 04:40:00,4308.2001953125,4310.10009765625,4306.7001953125,4308.7001953125,984
2026-09-25 04:50:00,4308.39990234375,4309.39990234375,4306.7998046875,4307.2001953125,392
2026-09-25 05:00:00,4307.2001953125,4311.39990234375,4306.0,4309.5,866
2026-09-25 05:10:00,4309.7998046875,4310.0,4306.7001953125,4306.7001953125,302
2026-09-25 05:20:00,4306.7998046875,4306.7998046875,4299.89990234375,4300.10009765625,431
2026-09-25 05:30:00,4299.89990234375,4305.5,4299.2998046875,4304.2998046875,516
2026-09-25 05:40:00,4303.5,4304.39990234375,4299.89990234375,4302.60009765625,622
2026-09-25 05:50:00,4302.39990234375,4305.5,4301.2998046875,4305.10009765625,221
2026-09-25 06:00:00,4305.10009765625,4305.39990234375,4302.2001953125,4304.39990234375,186
2026-09-25 06:10:00,4304.7998046875,4308.39990234375,4304.7998046875,4307.89990234375,262
2026-09-25 06:20:00,4307.89990234375,4315.5,4306.89990234375,4313.0,627
2026-09-25 06:30:00,4313.2001953125,4320.0,4311.7001953125,4318.89990234375,872
2026-09-25 06:40:00,4319.2998046875,4326.5,4318.89990234375,4324.7001953125,1167
2026-09-25 06:50:00,4324.89990234375,4329.5,4324.89990234375,4328.89990234375,713
2026-09-25 07:00:00,4328.89990234375,4330.89990234375,4326.60009765625,4329.7998046875,685
2026-09-25 07:10:00,4329.89990234375,4331.0,4322.7998046875,4323.7001953125,661
2026-09-25 07:20:00,4323.5,4324.5,4321.60009765625,4323.2001953125,434
2026-09-25 07:30:00,4323.2001953125,4330.5,4323.2001953125,4330.0,496
2026-09-25 07:40:00,4329.7001953125,4330.0,4323.60009765625,4326.10009765625,379
2026-09-25 07:50:00,4325.7001953125,4327.7001953125,4323.0,4323.2998046875,200
2026-09-25 08:00:00,4323.0,4323.60009765625,4319.39990234375,4320.39990234375,409
2026-09-25 08:10:00,4320.39990234375,4322.7001953125,4316.2998046875,4316.2998046875,651
2026-09-25 08:20:00,4316.2001953125,4319.10009765625,4313.0,4318.89990234375,585
2026-09-25 08:30:00,4319.0,4321.60009765625,4317.5,4319.60009765625,373
2026-09-25 08:40:00,4319.39990234375,4319.89990234375,4317.60009765625,4318.89990234375,195
2026-09-25 08:50:00,4319.39990234375,4319.7998046875,4313.10009765625,4313.10009765625,266
2026-09-25 09:00:00,4313.2998046875,4313.2998046875,4308.60009765625,4309.7998046875,690
2026-09-25 09:10:00,4309.5,4311.0,4306.0,4306.60009765625,342
2026-09-25 09:20:00,4306.2001953125,4308.0,4305.39990234375,4305.7001953125,208
2026-09-25 09:30:00,4304.7998046875,4306.7001953125,4303.2001953125,4305.5,494
2026-09-25 09:40:00,4305.2001953125,4305.39990234375,4302.2998046875,4303.2001953125,272
2026-09-25 09:50:00,4303.10009765625,4306.5,4303.10009765625,4306.0,295
2026-09-25 10:00:00,4306.0,4307.10009765625,4305.0,4305.39990234375,178
2026-09-25 10:10:00,4305.7998046875,4308.39990234375,4304.60009765625,4304.60009765625,339
2026-09-25 10:20:00,4304.5,4304.5,4297.0,4297.39990234375,1123
2026-09-25 10:30:00,4297.0,4298.60009765625,4293.2998046875,4294.2001953125,794
2026-09-25 10:40:00,4294.2001953125,4295.39990234375,4290.2998046875,4294.89990234375,778
2026-09-25 10:50:00,4295.0,4299.2998046875,4293.89990234375,4298.7001953125,441
2026-09-25 11:00:00,4298.5,4311.89990234375,4297.5,4307.7998046875,1625
2026-09-25 11:10:00,4308.39990234375,4310.5,4305.5,4305.5,439
2026-09-25 11:20:00,4305.2001953125,4306.89990234375,4300.39990234375,4301.2998046875,353
2026-09-25 11:30:00,4301.10009765625,4306.89990234375,4300.7998046875,4302.7001953125,636
2026-09-25 11:40:00,4303.2001953125,4316.39990234375,4303.0,4312.89990234375,1143
2026-09-25 11:50:00,4312.89990234375,4316.2998046875,4312.39990234375,4312.7001953125,219
