Datetime,Open,High,Low,Close,Volume
2025-07-14 09:30:00,3371.199951171875,3386.199951171875,3367.0,3382.699951171875,18326
2025-07-14 13:30:00,3382.699951171875,3386.39990234375,3374.10009765625,3374.39990234375,21028
2025-07-14 17:30:00,3374.199951171875,3376.699951171875,3348.5,3352.699951171875,67982
2025-07-14 21:30:00,3352.699951171875,3360.10009765625,3350.60009765625,3353.199951171875,36162
2025-07-15 01:30:00,3353.39990234375,3355.199951171875,3349.60009765625,3354.199951171875,2987
2025-07-15 05:30:00,3354.10009765625,3367.39990234375,3353.60009765625,3366.800048828125,14930
2025-07-15 09:30:00,3367.10009765625,3374.699951171875,3366.300048828125,3372.89990234375,15277
2025-07-15 13:30:00,3372.800048828125,3375.39990234375,3362.800048828125,3363.60009765625,23217
2025-07-15 17:30:00,3363.5,3369.800048828125,3332.5,3336.5,80892
2025-07-15 21:30:00,3336.300048828125,3338.5,3327.300048828125,3337.10009765625,33839
2025-07-16 01:30:00,3337.0,3338.800048828125,3329.39990234375,3337.699951171875,4091
2025-07-16 05:30:00,3337.699951171875,3341.89990234375,3331.5,3341.300048828125,16529
2025-07-16 09:30:00,3340.89990234375,3348.800048828125,3339.199951171875,3344.60009765625,15856
2025-07-16 13:30:00,3344.60009765625,3349.800048828125,3340.89990234375,3346.39990234375,19113
2025-07-16 17:30:00,3346.39990234375,3385.800048828125,3326.10009765625,3350.39990234375,142451
2025-07-16 21:30:00,3350.5,3364.60009765625,3346.0,3354.300048828125,33735
2025-07-17 01:30:00,3354.5,3358.199951171875,3350.60009765625,3352.0,2990
2025-07-17 05:30:00,3351.699951171875,3352.800048828125,3342.5,3347.699951171875,14698
2025-07-17 09:30:00,3347.5,3351.0,3330.300048828125,3331.39990234375,24398
2025-07-17 13:30:00,3331.39990234375,3337.800048828125,3327.5,3329.5,22224
2025-07-17 17:30:00,3329.5,3343.89990234375,3314.300048828125,3342.300048828125,73736
2025-07-17 21:30:00,3342.39990234375,3346.5,3340.60009765625,3345.199951171875,19493
2025-07-18 01:30:00,3345.5,3350.199951171875,3343.0,3345.60009765625,2561
2025-07-18 05:30:00,3345.699951171875,3350.300048828125,3340.10009765625,3341.10009765625,11423
2025-07-18 09:30:00,3340.60009765625,3356.199951171875,3337.199951171875,3355.89990234375,18047
2025-07-18 13:30:00,3356.0,3364.300048828125,3352.199951171875,3360.699951171875,21573
2025-07-18 17:30:00,3360.699951171875,3368.0,3357.5,3360.39990234375,37507
2025-07-18 21:30:00,3360.39990234375,3363.89990234375,3353.300048828125,3354.0,17741
2025-07-19 01:30:00,3353.89990234375,3358.300048828125,3353.39990234375,3358.300048828125,2057
2025-07-21 01:30:00,3355.60009765625,3356.800048828125,3351.0,3355.199951171875,4275
2025-07-21 05:30:00,3355.300048828125,3365.199951171875,3353.800048828125,3357.60009765625,12786
2025-07-21 09:30:00,3357.5,3378.300048828125,3356.89990234375,3372.10009765625,26571
2025-07-21 13:30:00,3372.10009765625,3383.39990234375,3370.300048828125,3383.10009765625,20788
2025-07-21 17:30:00,3382.89990234375,3416.89990234375,3382.199951171875,3411.10009765625,94137
2025-07-21 21:30:00,3411.199951171875,3413.10009765625,3405.300048828125,3409.800048828125,24547
2025-07-22 01:30:00,3409.89990234375,3416.300048828125,3408.39990234375,3410.89990234375,5847
2025-07-22 05:30:00,3411.10009765625,3411.199951171875,3399.60009765625,3405.60009765625,20195
2025-07-22 09:30:00,3405.60009765625,3405.60009765625,3395.39990234375,3399.300048828125,17913
2025-07-22 13:30:00,3399.300048828125,3402.699951171875,3394.89990234375,3401.10009765625,24749
2025-07-22 17:30:00,3401.10009765625,3446.5,3400.699951171875,3440.60009765625,114409
2025-07-22 21:30:00,3440.800048828125,3447.5,3440.0,3443.89990234375,30988
2025-07-23 01:30:00,3443.89990234375,3446.89990234375,3438.300048828125,3439.39990234375,8110
2025-07-23 05:30:00,3439.300048828125,3451.699951171875,3433.300048828125,3437.5,26543
2025-07-23 09:30:00,3436.800048828125,3443.10009765625,3429.800048828125,3434.300048828125,23783
2025-07-23 13:30:00,3434.39990234375,3445.800048828125,3432.39990234375,3440.5,36666
2025-07-23 17:30:00,3440.5,3442.0,3406.300048828125,3406.300048828125,91586
2025-07-23 21:30:00,3406.5,3406.5,3390.60009765625,3400.39990234375,68575
2025-07-24 01:30:00,3400.5,3401.10009765625,3394.89990234375,3397.10009765625,4825
2025-07-24 05:30:00,3397.199951171875,3400.300048828125,3379.10009765625,3388.800048828125,25597
2025-07-24 09:30:00,3388.5,3390.0,3370.699951171875,3372.60009765625,23205
2025-07-24 13:30:00,3372.60009765625,3379.39990234375,3365.39990234375,3366.39990234375,31781
2025-07-24 17:30:00,3366.300048828125,3381.199951171875,3355.199951171875,3375.60009765625,88360
2025-07-24 21:30:00,3375.60009765625,3376.89990234375,3369.0,3374.300048828125,29926
2025-07-25 01:30:00,3374.39990234375,3374.699951171875,3367.60009765625,3371.800048828125,4875
2025-07-25 05:30:00,3371.699951171875,3376.60009765625,3361.39990234375,3361.5,15265
2025-07-25 09:30:00,3360.89990234375,3365.60009765625,3354.60009765625,3355.89990234375,21500
2025-07-25 13:30:00,3356.10009765625,3357.699951171875,3339.800048828125,3342.10009765625,31122
2025-07-25 17:30:00,3342.10009765625,3348.699951171875,3325.5,3328.199951171875,91256
2025-07-25 21:30:00,3328.10009765625,3341.199951171875,3326.5,3339.199951171875,26634
2025-07-26 01:30:00,3339.10009765625,3340.0,3337.300048828125,3338.5,2786
2025-07-28 05:30:00,3334.39990234375,3343.0,3327.39990234375,3342.300048828125,14342
2025-07-28 09:30:00,3343.0,3345.39990234375,3333.39990234375,3334.60009765625,16361
2025-07-28 13:30:00,3334.60009765625,3340.800048828125,3331.199951171875,3336.10009765625,26641
2025-07-28 17:30:00,3336.300048828125,3338.10009765625,3300.0,3314.10009765625,77405
2025-07-28 21:30:00,3314.0,3317.39990234375,3307.89990234375,3316.5,26468
2025-07-29 01:30:00,3316.300048828125,3317.89990234375,3308.300048828125,3310.5,5389
2025-07-29 05:30:00,3310.300048828125,3318.800048828125,3305.800048828125,3311.10009765625,7657
2025-07-29 09:30:00,3311.199951171875,3320.300048828125,3307.39990234375,3315.60009765625,11040
2025-07-29 13:30:00,3315.800048828125,3328.0,3312.800048828125,3313.39990234375,19447
2025-07-29 17:30:00,3313.5,3332.300048828125,3309.89990234375,3318.39990234375,49290
2025-07-29 21:30:00,3318.5,3328.60009765625,3316.300048828125,3323.699951171875,15784
2025-07-30 01:30:00,3323.39990234375,3327.10009765625,3323.199951171875,3326.300048828125,1642
2025-07-30 05:30:00,3326.10009765625,3330.800048828125,3320.0,3326.39990234375,1806
2025-07-30 09:30:00,3325.199951171875,3386.39990234375,3320.10009765625,3383.0,26256
2025-07-30 13:30:00,3383.199951171875,3389.300048828125,3321.39990234375,3385.39990234375,25293
2025-07-30 17:30:00,3385.5,3386.300048828125,3286.300048828125,3344.39990234375,79477
2025-07-30 21:30:00,3287.199951171875,3358.5,3263.89990234375,3322.10009765625,62600
2025-07-31 01:30:00,3322.0,3336.39990234375,3266.89990234375,3335.800048828125,6713
2025-07-31 05:30:00,3335.800048828125,3348.39990234375,3279.10009765625,3344.199951171875,16858
2025-07-31 09:30:00,3344.39990234375,3360.89990234375,3288.89990234375,3356.10009765625,21452
2025-07-31 13:30:00,3356.199951171875,3366.699951171875,3293.199951171875,3358.89990234375,30343
2025-07-31 17:30:00,3358.699951171875,3364.10009765625,3289.0,3348.10009765625,56593
2025-07-31 21:30:00,3348.0,3351.39990234375,3287.5,3344.199951171875,22887
2025-08-01 01:30:00,3344.199951171875,3346.89990234375,3286.10009765625,3340.10009765625,4094
2025-08-01 05:30:00,3340.0,3347.699951171875,3281.0,3341.199951171875,17070
2025-08-01 09:30:00,3341.89990234375,3352.0,3283.10009765625,3337.699951171875,17089
2025-08-01 13:30:00,3337.60009765625,3355.300048828125,3283.0,3352.199951171875,19572
2025-08-01 17:30:00,3352.39990234375,3408.60009765625,3295.199951171875,3401.300048828125,123034
2025-08-01 21:30:00,3401.199951171875,3414.5,3341.5,3410.10009765625,37344
2025-08-02 01:30:00,3410.10009765625,3416.89990234375,3356.199951171875,3416.0,4229
2025-08-04 01:30:00,3399.800048828125,3417.800048828125,3359.10009765625,3414.800048828125,4644
2025-08-04 05:30:00,3415.10009765625,3415.300048828125,3347.39990234375,3412.5,16543
2025-08-04 09:30:00,3412.10009765625,3415.300048828125,3355.39990234375,3408.60009765625,16348
2025-08-04 13:30:00,3408.699951171875,3424.300048828125,3359.10009765625,3424.0,18177
2025-08-04 17:30:00,3424.0,3439.5,3370.199951171875,3428.39990234375,54680
2025-08-04 21:30:00,3428.5,3432.39990234375,3373.5,3430.5,18479
2025-08-05 01:30:00,3430.300048828125,3433.60009765625,3378.5,3431.5,2965
2025-08-05 05:30:00,3431.5,3435.89990234375,3380.5,3427.60009765625,11966
2025-08-05 09:30:00,3426.699951171875,3429.10009765625,3368.0,3428.300048828125,20201
2025-08-05 13:30:00,3428.300048828125,3429.199951171875,3351.199951171875,3405.199951171875,25222
2025-08-05 17:30:00,3405.0,3444.699951171875,3375.699951171875,3444.0,64059
2025-08-05 21:30:00,3444.10009765625,3444.89990234375,3382.699951171875,3433.5,24497
2025-08-06 01:30:00,3433.5,3438.60009765625,3432.39990234375,3438.10009765625,3321
2025-08-06 05:30:00,3437.89990234375,3440.5,3428.39990234375,3429.699951171875,15406
2025-08-06 09:30:00,3429.89990234375,3433.699951171875,3423.10009765625,3428.39990234375,15757
2025-08-06 13:30:00,3428.199951171875,3429.300048828125,3411.699951171875,3420.0,24726
2025-08-06 17:30:00,3419.699951171875,3438.10009765625,3414.300048828125,3436.199951171875,55561
2025-08-06 21:30:00,3436.5,3438.10009765625,3430.89990234375,3434.0,26985
2025-08-07 01:30:00,3433.89990234375,3436.800048828125,3429.699951171875,3436.199951171875,5489
2025-08-07 05:30:00,3436.300048828125,3447.0,3432.60009765625,3443.800048828125,24568
2025-08-07 09:30:00,3444.0,3470.300048828125,3438.5,3469.10009765625,41813
2025-08-07 13:30:00,3469.199951171875,3469.60009765625,3443.199951171875,3451.60009765625,48754
2025-08-07 17:30:00,3451.699951171875,3465.0,3436.0,3453.89990234375,76823
2025-08-07 21:30:00,3453.89990234375,3468.0,3450.800048828125,3466.800048828125,33605
2025-08-08 01:30:00,3466.89990234375,3534.10009765625,3465.5,3496.39990234375,17936
2025-08-08 05:30:00,3496.39990234375,3514.89990234375,3480.39990234375,3489.10009765625,46058
2025-08-08 09:30:00,3488.199951171875,3507.10009765625,3486.699951171875,3492.699951171875,36107
2025-08-08 13:30:00,3493.10009765625,3496.800048828125,3468.60009765625,3475.699951171875,32606
2025-08-08 17:30:00,3475.5,3506.5,3473.5,3492.300048828125,86407
2025-08-08 21:30:00,3492.39990234375,3493.300048828125,3445.0,3456.60009765625,77557
2025-08-09 01:30:00,3456.800048828125,3491.300048828125,3452.10009765625,3491.300048828125,6265
2025-08-11 01:30:00,3458.10009765625,3491.300048828125,3454.60009765625,3455.39990234375,7013
2025-08-11 05:30:00,3455.60009765625,3455.60009765625,3431.0,3440.60009765625,26142
2025-08-11 09:30:00,3440.199951171875,3442.699951171875,3411.800048828125,3415.10009765625,32137
2025-08-11 13:30:00,3415.10009765625,3421.10009765625,3404.300048828125,3410.199951171875,37579
2025-08-11 17:30:00,3410.0,3418.699951171875,3397.300048828125,3409.800048828125,65786
2025-08-11 21:30:00,3409.89990234375,3411.0,3399.300048828125,3402.0,43465
2025-08-12 01:30:00,3402.0,3402.699951171875,3393.0,3399.0,6491
2025-08-12 05:30:00,3398.89990234375,3408.699951171875,3397.5,3399.800048828125,15565
2025-08-12 09:30:00,3400.699951171875,3406.300048828125,3390.60009765625,3404.60009765625,21854
2025-08-12 13:30:00,3404.699951171875,3404.699951171875,3384.39990234375,3396.0,26043
2025-08-12 17:30:00,3395.89990234375,3410.800048828125,3379.10009765625,3400.300048828125,94503
2025-08-12 21:30:00,3400.39990234375,3402.39990234375,3395.699951171875,3398.89990234375,25227
2025-08-13 01:30:00,3398.800048828125,3404.89990234375,3397.10009765625,3401.39990234375,3756
2025-08-13 05:30:00,3401.5,3405.0,3392.699951171875,3398.800048828125,15623
2025-08-13 09:30:00,3398.89990234375,3410.0,3394.800048828125,3403.60009765625,16422
2025-08-13 13:30:00,3403.5,3417.699951171875,3401.5,3413.5,26865
2025-08-13 17:30:00,3413.5,3422.60009765625,3403.89990234375,3408.60009765625,47768
2025-08-13 21:30:00,3408.699951171875,3411.60009765625,3400.199951171875,3408.0,21132
2025-08-14 01:30:00,3407.89990234375,3412.699951171875,3406.10009765625,3411.89990234375,3099
2025-08-14 05:30:00,3412.0,3423.800048828125,3403.699951171875,3408.300048828125,19498
2025-08-14 09:30:00,3409.60009765625,3415.0,3392.10009765625,3394.39990234375,21627
2025-08-14 13:30:00,3394.199951171875,3407.800048828125,3389.199951171875,3404.199951171875,26325
2025-08-14 17:30:00,3404.0,3407.39990234375,3381.800048828125,3388.89990234375,62732
2025-08-14 21:30:00,3389.10009765625,3389.10009765625,3375.5,3385.300048828125,28060
2025-08-15 01:30:00,3385.300048828125,3385.800048828125,3377.699951171875,3381.10009765625,2903
2025-08-15 05:30:00,3380.89990234375,3391.199951171875,3378.0,3389.699951171875,10942
2025-08-15 09:30:00,3389.699951171875,3394.800048828125,3385.89990234375,3392.5,16298
2025-08-15 13:30:00,3392.39990234375,3394.60009765625,3382.39990234375,3388.300048828125,20716
2025-08-15 17:30:00,3388.39990234375,3393.10009765625,3379.300048828125,3388.300048828125,44151
2025-08-15 21:30:00,3388.39990234375,3388.39990234375,3379.800048828125,3383.89990234375,18900
2025-08-16 01:30:00,3383.800048828125,3384.199951171875,3381.0,3382.60009765625,1933
2025-08-18 01:30:00,3382.39990234375,3384.5,3368.0,3371.800048828125,6885
2025-08-18 05:30:00,3372.0,3398.0,3371.5,3392.89990234375,17231
2025-08-18 09:30:00,3392.89990234375,3403.60009765625,3391.199951171875,3393.800048828125,19080
2025-08-18 13:30:00,3394.0,3397.0,3389.5,3391.199951171875,16535
2025-08-18 17:30:00,3391.199951171875,3394.89990234375,3377.10009765625,3380.60009765625,38732
2025-08-18 21:30:00,3380.699951171875,3380.800048828125,3375.300048828125,3378.300048828125,15607
2025-08-19 01:30:00,3378.199951171875,3379.89990234375,3375.60009765625,3376.10009765625,3652
2025-08-19 05:30:00,3376.10009765625,3384.89990234375,3370.60009765625,3381.10009765625,16496
2025-08-19 09:30:00,3381.199951171875,3386.199951171875,3378.199951171875,3384.800048828125,13992
2025-08-19 13:30:00,3384.800048828125,3389.699951171875,3380.60009765625,3384.39990234375,15408
2025-08-19 17:30:00,3384.300048828125,3385.199951171875,3364.39990234375,3366.5,54234
2025-08-19 21:30:00,3366.5,3368.39990234375,3358.10009765625,3359.800048828125,23558
2025-08-20 01:30:00,3359.699951171875,3360.699951171875,3355.39990234375,3356.800048828125,4872
2025-08-20 05:30:00,3356.5,3360.89990234375,3353.39990234375,3359.60009765625,16798
2025-08-20 09:30:00,3359.89990234375,3370.10009765625,3359.5,3367.800048828125,14204
2025-08-20 13:30:00,3367.699951171875,3376.5,3363.60009765625,3375.89990234375,24522
2025-08-20 17:30:00,3375.89990234375,3394.300048828125,3375.5,3384.5,53104
2025-08-20 21:30:00,3384.5,3393.0,3384.5,3391.5,16688
2025-08-21 01:30:00,3391.39990234375,3394.39990234375,3389.10009765625,3389.39990234375,3516
2025-08-21 05:30:00,3389.39990234375,3389.39990234375,3382.10009765625,3382.60009765625,11863
2025-08-21 09:30:00,3382.39990234375,3384.0,3376.5,3381.89990234375,12971
2025-08-21 13:30:00,3381.89990234375,3385.10009765625,3367.39990234375,3376.10009765625,22218
2025-08-21 17:30:00,3376.300048828125,3391.89990234375,3376.300048828125,3387.5,54485
2025-08-21 21:30:00,3387.60009765625,3388.0,3381.10009765625,3383.199951171875,13895
2025-08-22 01:30:00,3383.300048828125,3385.0,3381.800048828125,3382.60009765625,1647
2025-08-22 05:30:00,3382.5,3383.699951171875,3374.5,3375.10009765625,11162
2025-08-22 09:30:00,3374.89990234375,3377.800048828125,3367.199951171875,3369.5,18094
2025-08-22 13:30:00,3369.5,3373.800048828125,3367.199951171875,3370.800048828125,14022
2025-08-22 17:30:00,3370.800048828125,3423.39990234375,3362.800048828125,3412.39990234375,111347
2025-08-22 21:30:00,3412.5,3420.800048828125,3412.300048828125,3417.699951171875,20541
2025-08-23 01:30:00,3417.60009765625,3418.5,3415.60009765625,3418.5,2180
2025-08-25 01:30:00,3417.60009765625,3418.5,3411.699951171875,3414.89990234375,4284
2025-08-25 05:30:00,3414.800048828125,3415.5,3405.5,3412.60009765625,13437
2025-08-25 09:30:00,3412.39990234375,3414.300048828125,3407.10009765625,3411.0,10681
2025-08-25 13:30:00,3411.10009765625,3416.5,3406.300048828125,3415.699951171875,14373
2025-08-25 17:30:00,3415.699951171875,3421.5,3406.300048828125,3418.89990234375,35229
2025-08-25 21:30:00,3419.0,3419.39990234375,3410.10009765625,3410.60009765625,14328
2025-08-26 01:30:00,3410.699951171875,3411.39990234375,3396.5,3399.800048828125,7203
2025-08-26 05:30:00,3399.699951171875,3434.699951171875,3396.10009765625,3420.89990234375,39366
2025-08-26 09:30:00,3420.300048828125,3426.60009765625,3413.10009765625,3423.0,18502
2025-08-26 13:30:00,3423.0,3428.300048828125,3412.89990234375,3425.0,23567
2025-08-26 17:30:00,3425.0,3437.5,3416.89990234375,3435.10009765625,51321
2025-08-26 21:30:00,3435.199951171875,3439.10009765625,3428.5,3437.699951171875,26006
2025-08-27 01:30:00,3437.699951171875,3444.300048828125,3437.39990234375,3440.699951171875,4526
2025-08-27 05:30:00,3440.60009765625,3443.39990234375,3430.39990234375,3431.0,14479
2025-08-27 09:30:00,3430.89990234375,3431.699951171875,3423.0,3430.5,19859
2025-08-27 13:30:00,3430.300048828125,3433.800048828125,3422.199951171875,3425.60009765625,23646
2025-08-27 17:30:00,3425.60009765625,3440.699951171875,3422.89990234375,3438.10009765625,50644
2025-08-27 21:30:00,3438.199951171875,3450.89990234375,3437.60009765625,3449.39990234375,32013
2025-08-28 01:30:00,3449.300048828125,3453.10009765625,3448.199951171875,3451.0,4990
2025-08-28 05:30:00,3450.89990234375,3453.800048828125,3442.5,3445.10009765625,13958
2025-08-28 09:30:00,3444.699951171875,3453.0,3443.199951171875,3450.800048828125,14071
2025-08-28 13:30:00,3450.699951171875,3465.800048828125,3449.0,3462.0,24448
2025-08-28 17:30:00,3462.300048828125,3471.0,3452.10009765625,3465.800048828125,58923
2025-08-28 21:30:00,3465.800048828125,3478.699951171875,3465.60009765625,3477.60009765625,32835
2025-08-29 01:30:00,3477.699951171875,3478.0,3475.0,3475.300048828125,4692
2025-08-29 05:30:00,3475.5,3479.60009765625,3469.89990234375,3470.89990234375,13899
2025-08-29 09:30:00,3470.199951171875,3472.199951171875,3466.10009765625,3471.199951171875,13632
2025-08-29 13:30:00,3471.10009765625,3472.60009765625,3463.0,3469.800048828125,17783
2025-08-29 17:30:00,3469.800048828125,3515.300048828125,3464.10009765625,3512.5,85974
2025-08-29 21:30:00,3512.60009765625,3518.5,3508.39990234375,3516.10009765625,41853
2025-08-30 01:30:00,3516.0,3517.60009765625,3514.0,3516.10009765625,4393
2025-09-01 01:30:00,3517.89990234375,3518.0,3509.699951171875,3512.10009765625,5063
2025-09-01 05:30:00,3511.89990234375,3552.39990234375,3506.0,3543.60009765625,41793
2025-09-02 09:30:00,3564.89990234375,3568.0,3538.5,3541.60009765625,26158
2025-09-02 13:30:00,3541.60009765625,3559.0,3537.5,3558.699951171875,28378
2025-09-02 17:30:00,3558.60009765625,3586.300048828125,3538.60009765625,3586.10009765625,99879
2025-09-02 21:30:00,3586.10009765625,3600.800048828125,3582.60009765625,3597.89990234375,44228
2025-09-03 01:30:00,3597.800048828125,3602.39990234375,3593.39990234375,3595.5,7332
2025-09-03 05:30:00,3595.699951171875,3616.89990234375,3595.10009765625,3596.60009765625,28149
2025-09-03 09:30:00,3596.699951171875,3604.10009765625,3592.39990234375,3598.39990234375,20140
2025-09-03 13:30:00,3598.39990234375,3617.39990234375,3598.39990234375,3616.0,26081
2025-09-03 17:30:00,3615.89990234375,3631.5,3607.300048828125,3628.60009765625,80622
2025-09-03 21:30:00,3628.60009765625,3640.10009765625,3617.199951171875,3619.300048828125,49547
2025-09-04 01:30:00,3619.5,3624.60009765625,3609.5,3613.60009765625,19072
2025-09-04 05:30:00,3613.89990234375,3621.60009765625,3573.699951171875,3587.89990234375,46229
2025-09-04 09:30:00,3587.60009765625,3600.10009765625,3581.5,3599.5,21385
2025-09-04 13:30:00,3599.699951171875,3609.0,3594.0,3603.10009765625,26304
2025-09-04 17:30:00,3602.800048828125,3617.800048828125,3592.199951171875,3612.300048828125,78200
2025-09-04 21:30:00,3612.300048828125,3615.5,3600.0,3605.89990234375,29606
2025-09-05 01:30:00,3605.89990234375,3611.800048828125,3595.39990234375,3609.60009765625,6230
2025-09-05 05:30:00,3609.699951171875,3618.5,3605.0,3618.199951171875,17706
2025-09-05 09:30:00,3617.60009765625,3619.199951171875,3606.10009765625,3607.5,16645
2025-09-05 13:30:00,3607.699951171875,3611.800048828125,3601.60009765625,3609.300048828125,19675
2025-09-05 17:30:00,3609.39990234375,3654.199951171875,3604.300048828125,3647.39990234375,129259
2025-09-05 21:30:00,3647.39990234375,3655.5,3645.60009765625,3646.5,35539
2025-09-06 01:30:00,3646.39990234375,3653.300048828125,3639.0,3653.300048828125,5208
2025-09-08 01:30:00,3635.0,3653.300048828125,3623.0,3630.800048828125,18118
2025-09-08 05:30:00,3630.89990234375,3637.89990234375,3625.0,3626.800048828125,29648
2025-09-08 09:30:00,3626.60009765625,3654.300048828125,3621.699951171875,3650.5,28937
2025-09-08 13:30:00,3650.60009765625,3662.5,3647.699951171875,3658.89990234375,28756
2025-09-08 17:30:00,3658.89990234375,3685.699951171875,3653.5,3680.10009765625,78247
2025-09-08 21:30:00,3680.199951171875,3682.39990234375,3673.199951171875,3676.199951171875,32388
2025-09-09 01:30:00,3676.199951171875,3678.800048828125,3669.800048828125,3674.800048828125,4627
2025-09-09 05:30:00,3675.0,3694.89990234375,3673.300048828125,3685.199951171875,33567
2025-09-09 09:30:00,3685.89990234375,3698.89990234375,3676.800048828125,3683.800048828125,30976
2025-09-09 13:30:00,3683.800048828125,3695.800048828125,3681.199951171875,3686.699951171875,23591
2025-09-09 17:30:00,3686.800048828125,3715.199951171875,3665.300048828125,3684.300048828125,131584
2025-09-09 21:30:00,3684.10009765625,3688.5,3667.199951171875,3668.300048828125,29158
2025-09-10 01:30:00,3668.300048828125,3677.800048828125,3651.39990234375,3671.10009765625,7646
2025-09-10 05:30:00,3670.89990234375,3675.800048828125,3656.5,3674.800048828125,23950
2025-09-10 09:30:00,3674.5,3687.199951171875,3674.5,3682.60009765625,20627
2025-09-10 13:30:00,3682.699951171875,3696.60009765625,3680.699951171875,3688.800048828125,27022
2025-09-10 17:30:00,3688.699951171875,3697.5,3677.5,3683.699951171875,67888
2025-09-10 21:30:00,3683.699951171875,3689.60009765625,3674.60009765625,3681.699951171875,23513
2025-09-11 01:30:00,3681.800048828125,3684.10009765625,3676.60009765625,3683.199951171875,5063
2025-09-11 05:30:00,3683.300048828125,3687.5,3666.5,3669.699951171875,23014
2025-09-11 09:30:00,3669.800048828125,3675.5,3660.60009765625,3667.60009765625,28970
2025-09-11 13:30:00,3667.699951171875,3669.5,3651.800048828125,3654.89990234375,31580
2025-09-11 17:30:00,3654.89990234375,3682.0,3651.0,3672.0,91532
2025-09-11 21:30:00,3671.89990234375,3680.60009765625,3669.300048828125,3675.39990234375,25293
2025-09-12 01:30:00,3675.300048828125,3676.60009765625,3669.0,3669.199951171875,3371
2025-09-12 05:30:00,3669.199951171875,3692.39990234375,3667.300048828125,3691.800048828125,24109
2025-09-12 09:30:00,3692.0,3695.5,3685.699951171875,3686.300048828125,20460
2025-09-12 13:30:00,3686.300048828125,3690.39990234375,3675.300048828125,3684.60009765625,27524
2025-09-12 17:30:00,3684.699951171875,3692.699951171875,3675.5,3682.300048828125,50283
2025-09-12 21:30:00,3682.300048828125,3689.5,3680.5,3682.699951171875,18489
2025-09-13 01:30:00,3682.699951171875,3686.39990234375,3679.300048828125,3686.39990234375,3411
2025-09-15 01:30:00,3680.199951171875,3686.39990234375,3673.60009765625,3675.199951171875,4534
2025-09-15 05:30:00,3675.0,3683.800048828125,3662.800048828125,3683.199951171875,23797
2025-09-15 09:30:00,3683.699951171875,3684.300048828125,3671.5,3680.699951171875,16867
2025-09-15 13:30:00,3680.699951171875,3683.39990234375,3673.39990234375,3679.60009765625,23165
2025-09-15 17:30:00,3679.699951171875,3722.199951171875,3673.699951171875,3720.39990234375,75985
2025-09-15 21:30:00,3720.5,3724.89990234375,3713.60009765625,3720.199951171875,36893
2025-09-16 01:30:00,3720.199951171875,3721.699951171875,3715.5,3716.10009765625,5705
2025-09-16 05:30:00,3716.0,3728.39990234375,3711.800048828125,3718.10009765625,25067
2025-09-16 09:30:00,3718.5,3731.89990234375,3717.10009765625,3724.5,23155
2025-09-16 13:30:00,3724.5,3737.60009765625,3724.10009765625,3734.5,27510
2025-09-16 17:30:00,3734.60009765625,3739.89990234375,3715.199951171875,3723.0,78801
2025-09-16 21:30:00,3723.0,3728.39990234375,3721.300048828125,3726.60009765625,26023
2025-09-17 01:30:00,3726.800048828125,3732.800048828125,3726.39990234375,3731.699951171875,5696
2025-09-17 05:30:00,3731.89990234375,3732.800048828125,3710.699951171875,3718.199951171875,24507
2025-09-17 09:30:00,3718.5,3722.699951171875,3702.800048828125,3703.699951171875,22960
2025-09-17 13:30:00,3703.699951171875,3707.10009765625,3695.39990234375,3701.199951171875,33243
2025-09-17 17:30:00,3701.39990234375,3722.0,3701.0,3718.60009765625,46349
2025-09-17 21:30:00,3718.800048828125,3744.0,3679.5,3696.199951171875,116140
2025-09-18 01:30:00,3696.199951171875,3705.60009765625,3688.199951171875,3703.0,7296
2025-09-18 05:30:00,3703.5,3703.89990234375,3686.60009765625,3693.0,24895
2025-09-18 09:30:00,3693.0,3693.800048828125,3667.300048828125,3692.5,43214
2025-09-18 13:30:00,3692.39990234375,3707.300048828125,3687.699951171875,3700.699951171875,28933
2025-09-18 17:30:00,3700.89990234375,3706.39990234375,3660.5,3674.5,84593
2025-09-18 21:30:00,3674.60009765625,3680.699951171875,3673.60009765625,3679.699951171875,27475
2025-09-19 01:30:00,3679.699951171875,3680.39990234375,3670.39990234375,3672.800048828125,3946
2025-09-19 05:30:00,3673.0,3689.60009765625,3664.39990234375,3686.60009765625,28931
2025-09-19 09:30:00,3686.800048828125,3694.10009765625,3675.89990234375,3686.0,26183
2025-09-19 13:30:00,3685.699951171875,3691.89990234375,3677.5,3680.5,22016
2025-09-19 17:30:00,3680.5,3709.5,3676.199951171875,3704.199951171875,64456
2025-09-19 21:30:00,3704.10009765625,3718.800048828125,3699.800048828125,3717.89990234375,32877
2025-09-20 01:30:00,3717.800048828125,3719.60009765625,3715.10009765625,3719.39990234375,3584
2025-09-22 01:30:00,3721.300048828125,3727.39990234375,3705.800048828125,3721.60009765625,8873
2025-09-22 05:30:00,3721.39990234375,3733.10009765625,3720.5,3730.89990234375,22859
2025-09-22 09:30:00,3728.60009765625,3753.39990234375,3725.5,3747.5,34042
2025-09-22 13:30:00,3747.39990234375,3763.10009765625,3746.60009765625,3758.800048828125,30697
2025-09-22 17:30:00,3758.89990234375,3770.300048828125,3746.0,3769.89990234375,66493
2025-09-22 21:30:00,3769.89990234375,3783.199951171875,3769.199951171875,3781.199951171875,44223
2025-09-23 01:30:00,3781.199951171875,3784.199951171875,3773.5,3782.199951171875,8437
2025-09-23 05:30:00,3782.199951171875,3795.10009765625,3772.39990234375,3780.60009765625,35623
2025-09-23 09:30:00,3780.89990234375,3793.0,3777.39990234375,3787.60009765625,27435
2025-09-23 13:30:00,3787.60009765625,3824.60009765625,3786.800048828125,3816.5,60962
2025-09-23 17:30:00,3816.60009765625,3821.60009765625,3799.0,3811.5,81462
2025-09-23 21:30:00,3811.699951171875,3819.0,3783.89990234375,3796.39990234375,69144
2025-09-24 01:30:00,3796.60009765625,3802.60009765625,3793.800048828125,3796.10009765625,6929
2025-09-24 05:30:00,3795.800048828125,3803.60009765625,3783.0,3799.10009765625,26493
2025-09-24 09:30:00,3798.39990234375,3812.60009765625,3795.39990234375,3810.89990234375,25401
2025-09-24 13:30:00,3810.89990234375,3811.300048828125,3792.39990234375,3802.300048828125,26324
2025-09-24 17:30:00,3802.199951171875,3806.39990234375,3772.60009765625,3774.10009765625,83697
2025-09-24 21:30:00,3774.199951171875,3778.39990234375,3749.699951171875,3762.5,61112
2025-09-25 01:30:00,3762.39990234375,3776.699951171875,3762.300048828125,3774.5,5963
2025-09-25 05:30:00,3774.300048828125,3782.199951171875,3760.5,3767.0,28367
2025-09-25 09:30:00,3767.199951171875,3785.60009765625,3762.199951171875,3782.5,28537
2025-09-25 13:30:00,3782.60009765625,3792.300048828125,3771.0,3784.0,43631
2025-09-25 17:30:00,3783.699951171875,3787.0,3751.89990234375,3766.89990234375,91444
2025-09-25 21:30:00,3766.89990234375,3789.5,3762.5,3777.5,53265
2025-09-26 01:30:00,3777.5,3783.89990234375,3768.5,3775.0,7524
2025-09-26 05:30:00,3775.0,3783.5,3764.0,3775.39990234375,19873
2025-09-26 09:30:00,3775.10009765625,3784.39990234375,3768.800048828125,3777.89990234375,20136
2025-09-26 13:30:00,3777.89990234375,3785.199951171875,3772.800048828125,3778.699951171875,22701
2025-09-26 17:30:00,3778.800048828125,3814.39990234375,3776.39990234375,3810.39990234375,87319
2025-09-26 21:30:00,3810.39990234375,3813.300048828125,3793.60009765625,3795.800048828125,43595
2025-09-27 01:30:00,3796.0,3798.800048828125,3789.0,3789.5,6250
2025-09-29 01:30:00,3796.800048828125,3801.60009765625,3794.89990234375,3795.89990234375,6154
2025-09-29 05:30:00,3795.800048828125,3828.5,3792.89990234375,3823.5,45612
2025-09-29 09:30:00,3824.0,3849.0,3822.10009765625,3836.10009765625,42943
2025-09-29 13:30:00,3836.199951171875,3860.60009765625,3836.199951171875,3858.199951171875,40687
2025-09-29 17:30:00,3858.10009765625,3862.199951171875,3838.60009765625,3859.300048828125,75674
2025-09-29 21:30:00,3859.199951171875,3862.199951171875,3850.89990234375,3857.10009765625,33872
2025-09-30 01:30:00,3857.0,3863.699951171875,3854.39990234375,3861.10009765625,6517
2025-09-30 05:30:00,3861.199951171875,3895.5,3859.5,3893.300048828125,39813
2025-09-30 09:30:00,3892.800048828125,3899.199951171875,3867.89990234375,3872.199951171875,43352
2025-09-30 13:30:00,3872.0,3875.60009765625,3820.60009765625,3842.60009765625,72465
2025-09-30 17:30:00,3842.39990234375,3882.300048828125,3836.5,3866.300048828125,98380
2025-09-30 21:30:00,3866.800048828125,3888.699951171875,3865.699951171875,3886.699951171875,37670
2025-10-01 01:30:00,3886.800048828125,3890.800048828125,3878.699951171875,3890.60009765625,8961
2025-10-01 05:30:00,3890.60009765625,3904.10009765625,3883.5,3889.699951171875,32679
2025-10-01 09:30:00,3889.5,3908.300048828125,3880.300048828125,3907.199951171875,34546
2025-10-01 13:30:00,3907.39990234375,3922.699951171875,3905.39990234375,3911.10009765625,48190
2025-10-01 17:30:00,3911.199951171875,3918.800048828125,3882.800048828125,3895.10009765625,116764
2025-10-01 21:30:00,3895.0,3898.5,3881.39990234375,3894.300048828125,39670
2025-10-02 01:30:00,3894.300048828125,3895.699951171875,3882.89990234375,3888.89990234375,8118
2025-10-02 05:30:00,3888.699951171875,3895.199951171875,3877.0,3891.5,19045
2025-10-02 09:30:00,3891.60009765625,3899.60009765625,3886.60009765625,3894.0,22991
2025-10-02 13:30:00,3893.60009765625,3911.699951171875,3889.699951171875,3911.199951171875,25873
2025-10-02 17:30:00,3911.300048828125,3923.300048828125,3842.800048828125,3851.800048828125,148438
2025-10-02 21:30:00,3851.699951171875,3883.39990234375,3850.699951171875,3880.10009765625,46793
2025-10-03 01:30:00,3880.300048828125,3888.10009765625,3876.0,3886.800048828125,5721
2025-10-03 05:30:00,3886.60009765625,3887.199951171875,3861.10009765625,3865.800048828125,26310
2025-10-03 09:30:00,3865.699951171875,3888.699951171875,3864.60009765625,3887.300048828125,23602
2025-10-03 13:30:00,3887.5,3891.5,3877.60009765625,3885.300048828125,24655
2025-10-03 17:30:00,3885.39990234375,3916.800048828125,3883.699951171875,3914.39990234375,94537
2025-10-03 21:30:00,3914.5,3914.800048828125,3901.699951171875,3910.89990234375,33276
2025-10-04 01:30:00,3910.89990234375,3912.699951171875,3908.5,3912.10009765625,3034
2025-10-06 01:30:00,3911.199951171875,3945.199951171875,3908.89990234375,3935.300048828125,23613
2025-10-06 05:30:00,3935.39990234375,3956.800048828125,3924.300048828125,3954.300048828125,35382
2025-10-06 09:30:00,3954.5,3969.0,3947.39990234375,3965.699951171875,32524
2025-10-06 13:30:00,3965.800048828125,3973.699951171875,3954.699951171875,3962.39990234375,37050
2025-10-06 17:30:00,3962.199951171875,3988.199951171875,3950.0,3986.39990234375,83692
2025-10-06 21:30:00,3986.39990234375,3994.5,3969.5,3983.199951171875,47850
2025-10-07 01:30:00,3983.199951171875,3999.0,3981.0,3992.39990234375,8229
2025-10-07 05:30:00,3992.300048828125,4000.10009765625,3978.699951171875,3996.300048828125,31263
2025-10-07 09:30:00,3995.300048828125,3999.199951171875,3965.60009765625,3968.60009765625,44275
2025-10-07 13:30:00,3968.60009765625,3992.10009765625,3963.39990234375,3989.800048828125,36447
2025-10-07 17:30:00,3989.699951171875,4014.60009765625,3983.39990234375,3988.699951171875,106197
2025-10-07 21:30:00,3989.0,4011.10009765625,3985.300048828125,4002.5,52597
2025-10-08 01:30:00,4002.699951171875,4018.0,4002.699951171875,4016.199951171875,9620
2025-10-08 05:30:00,4016.300048828125,4038.699951171875,4006.699951171875,4036.60009765625,45910
2025-10-08 09:30:00,4037.10009765625,4061.199951171875,4037.10009765625,4056.5,52991
2025-10-08 13:30:00,4056.39990234375,4071.5,4053.60009765625,4060.0,48669
2025-10-08 17:30:00,4060.10009765625,4072.39990234375,4047.5,4067.199951171875,99129
2025-10-08 21:30:00,4067.300048828125,4081.0,4052.5,4064.199951171875,73392
2025-10-09 01:30:00,4064.300048828125,4067.0,4019.199951171875,4030.10009765625,19395
2025-10-09 05:30:00,4030.0,4057.0,4022.39990234375,4045.0,57077
2025-10-09 09:30:00,4046.10009765625,4062.10009765625,4041.10009765625,4051.199951171875,31673
2025-10-09 13:30:00,4051.0,4066.89990234375,4049.800048828125,4063.699951171875,27473
2025-10-09 17:30:00,4063.699951171875,4077.89990234375,4018.10009765625,4029.60009765625,163128
2025-10-09 21:30:00,4029.5,4037.89990234375,3957.89990234375,3988.300048828125,139608
2025-10-10 01:30:00,3988.300048828125,4007.60009765625,3973.0,4006.60009765625,12938
2025-10-10 05:30:00,4006.60009765625,4009.699951171875,3975.0,3979.10009765625,38111
2025-10-10 09:30:00,3976.800048828125,3991.699951171875,3961.199951171875,3985.10009765625,44855
2025-10-10 13:30:00,3985.0,4020.5,3982.800048828125,4002.300048828125,45556
2025-10-10 17:30:00,4002.39990234375,4038.60009765625,3986.699951171875,4013.39990234375,127599
2025-10-10 21:30:00,4013.5,4038.0,3988.39990234375,4028.10009765625,75275
2025-10-11 01:30:00,4028.0,4038.5,4000.39990234375,4000.39990234375,7026
2025-10-13 01:30:00,4000.39990234375,4078.10009765625,4000.39990234375,4053.10009765625,17104
2025-10-13 05:30:00,4053.0,4079.300048828125,4042.10009765625,4070.199951171875,43720
2025-10-13 09:30:00,4069.800048828125,4096.7001953125,4068.89990234375,4089.699951171875,40631
2025-10-13 13:30:00,4089.60009765625,4104.2998046875,4087.39990234375,4093.199951171875,40590
2025-10-13 17:30:00,4093.199951171875,4127.5,4092.300048828125,4124.7998046875,87925
2025-10-13 21:30:00,4124.7998046875,4137.2001953125,4110.2998046875,4127.2998046875,51364
2025-10-14 01:30:00,4127.2998046875,4150.0,4124.7998046875,4145.89990234375,14774
2025-10-14 05:30:00,4145.7001953125,4178.60009765625,4137.0,4175.2998046875,60510
2025-10-14 09:30:00,4175.60009765625,4190.89990234375,4105.0,4141.7998046875,115452
2025-10-14 13:30:00,4141.60009765625,4161.7998046875,4136.7001953125,4148.60009765625,50079
2025-10-14 17:30:00,4148.7998046875,4159.10009765625,4113.60009765625,4154.2998046875,96710
2025-10-14 21:30:00,4154.5,4172.10009765625,4144.5,4159.2001953125,55330
2025-10-15 01:30:00,4159.2998046875,4185.39990234375,4156.39990234375,4179.60009765625,7970
2025-10-15 05:30:00,4179.60009765625,4210.0,4171.60009765625,4206.0,43858
2025-10-15 09:30:00,4206.0,4227.89990234375,4192.39990234375,4225.7998046875,35717
2025-10-15 13:30:00,4225.7001953125,4235.7998046875,4180.0,4214.2998046875,61837
2025-10-15 17:30:00,4214.5,4227.7001953125,4191.2001953125,4207.0,95649
2025-10-15 21:30:00,4207.0,4229.60009765625,4198.2001953125,4226.0,50278
2025-10-16 01:30:00,4226.0,4230.60009765625,4214.5,4223.2001953125,8871
2025-10-16 05:30:00,4223.10009765625,4255.39990234375,4218.39990234375,4249.2001953125,47625
2025-10-16 09:30:00,4247.60009765625,4253.2001953125,4216.39990234375,4244.5,52875
2025-10-16 13:30:00,4244.60009765625,4264.0,4238.10009765625,4256.10009765625,39956
2025-10-16 17:30:00,4256.2998046875,4292.7001953125,4241.89990234375,4289.39990234375,98975
2025-10-16 21:30:00,4289.5,4328.7001953125,4275.7001953125,4321.39990234375,102949
2025-10-17 01:30:00,4321.89990234375,4392.0,4321.7998046875,4378.7998046875,29298
2025-10-17 05:30:00,4378.2998046875,4383.5,4291.2998046875,4377.2001953125,94852
2025-10-17 09:30:00,4378.89990234375,4390.39990234375,4320.0,4354.5,67933
2025-10-17 13:30:00,4354.5,4363.7998046875,4298.0,4298.7001953125,73952
2025-10-17 17:30:00,4298.7001953125,4332.2998046875,4226.0,4251.39990234375,176534
2025-10-17 21:30:00,4251.5,4259.0,4196.0,4240.2998046875,97656
2025-10-18 01:30:00,4241.7001953125,4268.0,4213.2998046875,4213.2998046875,7250
2025-10-20 01:30:00,4269.0,4289.89990234375,4213.2998046875,4250.0,15805
2025-10-20 05:30:00,4249.39990234375,4283.0,4229.7001953125,4277.7998046875,41917
2025-10-20 09:30:00,4278.0,4281.5,4233.60009765625,4269.2998046875,38151
2025-10-20 13:30:00,4269.10009765625,4295.2998046875,4259.5,4294.7998046875,33773
2025-10-20 17:30:00,4294.60009765625,4372.2998046875,4287.60009765625,4366.0,129496
2025-10-20 21:30:00,4366.0,4398.0,4354.39990234375,4394.2998046875,56453
2025-10-21 01:30:00,4394.39990234375,4396.5,4363.7001953125,4377.2998046875,19793
2025-10-21 05:30:00,4377.39990234375,4390.0,4348.39990234375,4362.89990234375,45937
2025-10-21 09:30:00,4362.7998046875,4362.7998046875,4309.2998046875,4312.7998046875,50366
2025-10-21 13:30:00,4312.60009765625,4316.2998046875,4257.7001953125,4266.7998046875,78454
2025-10-21 17:30:00,4266.7998046875,4270.89990234375,4093.0,4150.60009765625,233480
2025-10-21 21:30:00,4150.5,4156.7001953125,4105.0,4124.2001953125,91358
2025-10-22 01:30:00,4124.5,4146.7001953125,4103.39990234375,4106.7001953125,17831
2025-10-22 05:30:00,4106.7998046875,4157.89990234375,4021.199951171875,4143.7001953125,88206
2025-10-22 09:30:00,4142.7998046875,4175.0,4121.89990234375,4146.2998046875,42208
2025-10-22 13:30:00,4146.2001953125,4149.5,4029.10009765625,4042.699951171875,92096
2025-10-22 17:30:00,4042.5,4101.0,4025.10009765625,4053.10009765625,137071
2025-10-22 21:30:00,4053.5,4131.39990234375,4039.39990234375,4120.0,77244
2025-10-23 01:30:00,4120.39990234375,4133.60009765625,4096.39990234375,4104.7001953125,13362
2025-10-23 05:30:00,4104.2001953125,4116.39990234375,4079.60009765625,4106.89990234375,29060
2025-10-23 09:30:00,4106.7001953125,4152.89990234375,4094.39990234375,4109.60009765625,43345
2025-10-23 13:30:00,4109.89990234375,4140.7001953125,4109.7998046875,4123.7001953125,37670
2025-10-23 17:30:00,4123.39990234375,4171.5,4113.7001953125,4158.60009765625,86887
2025-10-23 21:30:00,4158.60009765625,4165.39990234375,4132.5,4134.60009765625,50000
2025-10-24 01:30:00,4134.60009765625,4149.0,4121.2001953125,4136.7998046875,9707
2025-10-24 05:30:00,4137.10009765625,4159.0,4122.10009765625,4135.89990234375,35185
2025-10-24 09:30:00,4136.2001953125,4137.10009765625,4083.10009765625,4088.89990234375,46752
2025-10-24 13:30:00,4088.800048828125,4092.300048828125,4055.699951171875,4075.60009765625,44096
2025-10-24 17:30:00,4075.699951171875,4151.10009765625,4073.39990234375,4146.7001953125,105754
2025-10-24 21:30:00,4146.60009765625,4156.0,4117.5,4119.7001953125,47902
2025-10-25 01:30:00,4119.7001953125,4137.7998046875,4111.0,4137.7998046875,4840
2025-10-27 01:30:00,4103.2001953125,4137.7998046875,4074.199951171875,4078.199951171875,23834
2025-10-27 05:30:00,4078.699951171875,4112.0,4071.800048828125,4083.5,33157
2025-10-27 09:30:00,4082.0,4098.60009765625,4065.800048828125,4081.699951171875,28155
2025-10-27 13:30:00,4081.60009765625,4083.60009765625,4028.0,4038.0,54991
2025-10-27 17:30:00,4037.89990234375,4064.800048828125,3985.89990234375,4004.60009765625,122968
2025-10-27 21:30:00,4004.800048828125,4025.800048828125,3998.60009765625,4006.0,54247
2025-10-28 01:30:00,4005.800048828125,4019.0,3994.10009765625,4012.5,11950
2025-10-28 05:30:00,4012.800048828125,4034.199951171875,3987.199951171875,4006.60009765625,38667
2025-10-28 09:30:00,4007.0,4008.199951171875,3940.699951171875,3947.39990234375,53406
2025-10-28 13:30:00,3947.60009765625,3950.89990234375,3901.300048828125,3937.10009765625,74062
2025-10-28 17:30:00,3937.0,3983.800048828125,3919.199951171875,3978.60009765625,90803
2025-10-28 21:30:00,3978.699951171875,3985.699951171875,3959.10009765625,3975.800048828125,60105
2025-10-29 01:30:00,3975.39990234375,3982.5,3930.0,3979.0,9283
2025-10-29 05:30:00,3978.60009765625,3995.699951171875,3957.199951171875,3977.300048828125,33832
2025-10-29 09:30:00,3977.199951171875,4014.800048828125,3963.89990234375,4014.5,27246
2025-10-29 13:30:00,4014.800048828125,4043.699951171875,4013.39990234375,4030.199951171875,45080
2025-10-29 17:30:00,4031.0,4046.199951171875,4003.39990234375,4007.5,70030
2025-10-29 21:30:00,4007.800048828125,4021.699951171875,3940.39990234375,3959.199951171875,84171
2025-10-30 01:30:00,3958.699951171875,3967.800048828125,3925.10009765625,3963.89990234375,11449
2025-10-30 05:30:00,3964.10009765625,3978.199951171875,3927.60009765625,3947.300048828125,36558
2025-10-30 09:30:00,3949.5,3996.0,3946.699951171875,3972.800048828125,38159
2025-10-30 13:30:00,3973.0,4024.199951171875,3971.39990234375,3985.699951171875,41993
2025-10-30 17:30:00,3985.800048828125,4028.300048828125,3970.89990234375,4015.300048828125,76371
2025-10-30 21:30:00,4015.300048828125,4038.5,4004.60009765625,4035.199951171875,34258
2025-10-31 01:30:00,4035.199951171875,4059.89990234375,4029.300048828125,4048.60009765625,12063
2025-10-31 05:30:00,4048.699951171875,4051.39990234375,4003.60009765625,4009.0,34647
2025-10-31 09:30:00,4009.5,4036.60009765625,4001.89990234375,4032.60009765625,27697
2025-10-31 13:30:00,4032.39990234375,4038.5,4010.0,4022.300048828125,24685
2025-10-31 17:30:00,4022.39990234375,4049.199951171875,4020.800048828125,4025.0,63667
2025-10-31 21:30:00,4024.800048828125,4027.5,3982.300048828125,4012.89990234375,67434
2025-11-01 01:30:00,4012.699951171875,4018.89990234375,3996.5,3996.5,3231
2025-11-03 01:30:00,4001.89990234375,4009.0,3988.10009765625,3989.699951171875,5571
2025-11-03 05:30:00,3996.5,4025.39990234375,3971.300048828125,4021.300048828125,30542
2025-11-03 09:30:00,4021.39990234375,4024.60009765625,4011.699951171875,4013.5,4542
2025-11-03 10:30:00,4013.800048828125,4038.699951171875,4007.0,4029.89990234375,26419
2025-11-03 14:30:00,4030.199951171875,4036.89990234375,4003.300048828125,4025.300048828125,35962
2025-11-03 18:30:00,4025.199951171875,4043.10009765625,4006.0,4019.800048828125,79855
2025-11-03 22:30:00,4019.89990234375,4027.39990234375,4007.10009765625,4022.699951171875,30739
2025-11-04 02:30:00,4022.5,4022.699951171875,3988.10009765625,3996.10009765625,10801
2025-11-04 06:30:00,3996.300048828125,4009.199951171875,3984.199951171875,3995.300048828125,28625
2025-11-04 10:30:00,3994.60009765625,4011.60009765625,3975.0,4006.800048828125,32474
2025-11-04 14:30:00,4006.5,4010.699951171875,3992.89990234375,3994.699951171875,24437
2025-11-04 18:30:00,3994.5,4006.800048828125,3937.10009765625,3979.39990234375,95401
2025-11-04 22:30:00,3979.39990234375,3981.199951171875,3940.89990234375,3948.699951171875,46478
2025-11-05 02:30:00,3948.800048828125,3951.5,3935.699951171875,3948.0,10418
2025-11-05 06:30:00,3948.39990234375,3982.39990234375,3942.60009765625,3977.60009765625,25956
2025-11-05 10:30:00,3978.800048828125,3997.0,3970.300048828125,3990.0,26882
2025-11-05 14:30:00,3989.800048828125,3991.300048828125,3965.10009765625,3979.300048828125,25254
2025-11-05 18:30:00,3979.300048828125,4000.699951171875,3972.89990234375,3996.800048828125,53119
2025-11-05 22:30:00,3996.800048828125,4000.300048828125,3988.10009765625,3994.800048828125,27796
2025-11-06 02:30:00,3995.10009765625,3995.60009765625,3973.89990234375,3984.699951171875,5299
2025-11-06 06:30:00,3984.89990234375,3998.699951171875,3973.199951171875,3997.300048828125,15858
2025-11-06 10:30:00,3997.0,4026.0,3990.699951171875,4024.300048828125,25277
2025-11-06 14:30:00,4024.10009765625,4028.699951171875,4012.0,4014.5,27515
2025-11-06 18:30:00,4014.60009765625,4025.5,3983.5,3989.10009765625,67575
2025-11-06 22:30:00,3989.5,4003.699951171875,3973.199951171875,3988.800048828125,37308
2025-11-07 02:30:00,3989.0,4002.0,3981.60009765625,3996.0,5961
2025-11-07 06:30:00,3995.89990234375,4011.300048828125,3992.60009765625,4005.5,17430
2025-11-07 10:30:00,4006.0,4018.699951171875,3998.699951171875,4018.0,18586
2025-11-07 14:30:00,4017.89990234375,4022.60009765625,3998.89990234375,4003.300048828125,25512
2025-11-07 18:30:00,4003.39990234375,4035.800048828125,3991.0,4015.800048828125,70860
2025-11-07 22:30:00,4015.89990234375,4018.0,3999.60009765625,4012.10009765625,58048
2025-11-08 02:30:00,4011.800048828125,4013.10009765625,4006.300048828125,4009.800048828125,2020
2025-11-10 02:30:00,4017.800048828125,4032.10009765625,4009.800048828125,4028.300048828125,11152
2025-11-10 06:30:00,4027.89990234375,4065.89990234375,4026.800048828125,4062.89990234375,38946
2025-11-10 10:30:00,4062.800048828125,4093.699951171875,4058.699951171875,4090.300048828125,31327
2025-11-10 14:30:00,4090.5,4108.7001953125,4079.5,4106.10009765625,33349
2025-11-10 18:30:00,4105.89990234375,4115.0,4082.39990234375,4103.2001953125,69315
2025-11-10 22:30:00,4103.10009765625,4123.89990234375,4101.2998046875,4118.7998046875,54430
2025-11-11 02:30:00,4118.89990234375,4139.89990234375,4117.60009765625,4137.2998046875,12080
2025-11-11 06:30:00,4137.2998046875,4155.0,4133.89990234375,4148.89990234375,32725
2025-11-11 10:30:00,4149.10009765625,4150.60009765625,4131.2001953125,4142.2998046875,28166
2025-11-11 14:30:00,4142.39990234375,4152.39990234375,4139.39990234375,4140.7001953125,22683
2025-11-11 18:30:00,4140.7998046875,4153.39990234375,4102.7998046875,4119.2001953125,94533
2025-11-11 22:30:00,4119.0,4138.5,4112.39990234375,4135.7001953125,43433
2025-11-12 02:30:00,4135.60009765625,4151.5,4131.7001953125,4139.0,8576
2025-11-12 06:30:00,4139.0,4143.2001953125,4109.39990234375,4116.5,30508
2025-11-12 10:30:00,4116.5,4138.2001953125,4104.39990234375,4136.7998046875,29982
2025-11-12 14:30:00,4136.7001953125,4145.89990234375,4123.39990234375,4136.39990234375,26604
2025-11-12 18:30:00,4136.39990234375,4204.60009765625,4128.7001953125,4203.0,100355
2025-11-12 22:30:00,4203.2001953125,4218.5,4196.0,4201.2998046875,73605
2025-11-13 02:30:00,4201.2998046875,4212.5,4189.10009765625,4209.2998046875,13353
2025-11-13 06:30:00,4209.2001953125,4223.89990234375,4183.2001953125,4214.60009765625,37303
2025-11-13 10:30:00,4213.2998046875,4244.2998046875,4206.89990234375,4237.5,37228
2025-11-13 14:30:00,4237.39990234375,4250.0,4224.0,4247.39990234375,35639
2025-11-13 18:30:00,4247.2001953125,4248.7001953125,4188.60009765625,4210.7998046875,87910
2025-11-13 22:30:00,4211.0,4212.7998046875,4148.5,4168.10009765625,84598
2025-11-14 02:30:00,4167.89990234375,4192.60009765625,4165.0,4186.89990234375,10695
2025-11-14 06:30:00,4186.5,4215.10009765625,4176.2001953125,4206.2001953125,25344
2025-11-14 10:30:00,4206.2998046875,4206.60009765625,4162.10009765625,4179.10009765625,37698
2025-11-14 14:30:00,4178.60009765625,4183.60009765625,4109.0,4118.2998046875,57613
2025-11-14 18:30:00,4117.7998046875,4121.2998046875,4032.60009765625,4107.10009765625,148921
2025-11-14 22:30:00,4107.39990234375,4112.7001953125,4077.5,4088.89990234375,49308
2025-11-15 02:30:00,4088.60009765625,4088.800048828125,4078.800048828125,4084.39990234375,3721
2025-11-17 02:30:00,4100.0,4107.60009765625,4081.0,4084.39990234375,10162
2025-11-17 06:30:00,4084.300048828125,4103.60009765625,4070.5,4078.800048828125,28745
2025-11-17 10:30:00,4079.800048828125,4097.10009765625,4051.10009765625,4078.800048828125,38204
2025-11-17 14:30:00,4078.39990234375,4091.0,4062.300048828125,4078.5,32015
2025-11-17 18:30:00,4078.60009765625,4093.5,4053.10009765625,4071.10009765625,52958
2025-11-17 22:30:00,4071.199951171875,4082.5,4006.800048828125,4041.199951171875,62609
2025-11-18 02:30:00,4041.0,4055.39990234375,4026.89990234375,4039.800048828125,9552
2025-11-18 06:30:00,4040.10009765625,4044.800048828125,4002.5,4011.0,32425
2025-11-18 10:30:00,4010.10009765625,4042.5,3997.39990234375,4036.800048828125,42592
2025-11-18 14:30:00,4036.10009765625,4050.199951171875,4028.10009765625,4031.699951171875,25759
2025-11-18 18:30:00,4031.89990234375,4082.300048828125,4030.39990234375,4067.39990234375,86380
2025-11-18 22:30:00,4067.199951171875,4083.699951171875,4059.300048828125,4069.800048828125,27923
2025-11-19 02:30:00,4069.699951171875,4078.199951171875,4064.89990234375,4069.0,5011
2025-11-19 06:30:00,4068.89990234375,4081.300048828125,4056.10009765625,4075.300048828125,18472
2025-11-19 10:30:00,4075.199951171875,4100.0,4073.89990234375,4083.60009765625,28600
2025-11-19 14:30:00,4083.800048828125,4121.0,4081.10009765625,4115.10009765625,32304
2025-11-19 18:30:00,4115.0,4134.2998046875,4068.300048828125,4075.699951171875,91415
2025-11-19 22:30:00,4074.699951171875,4092.39990234375,4055.60009765625,4076.5,47693
2025-11-20 02:30:00,4076.300048828125,4109.60009765625,4065.0,4102.0,9020
2025-11-20 06:30:00,4102.0,4108.0,4034.0,4075.10009765625,37065
2025-11-20 10:30:00,4074.199951171875,4077.0,4037.39990234375,4062.39990234375,34742
2025-11-20 14:30:00,4062.39990234375,4081.60009765625,4049.60009765625,4081.199951171875,33847
2025-11-20 18:30:00,4081.39990234375,4106.89990234375,4043.5,4047.60009765625,97965
2025-11-20 22:30:00,4047.5,4087.300048828125,4042.60009765625,4077.300048828125,50681
2025-11-21 02:30:00,4077.300048828125,4089.39990234375,4071.0,4073.60009765625,5393
2025-11-21 06:30:00,4073.39990234375,4079.10009765625,4045.5,4049.39990234375,23958
2025-11-21 10:30:00,4050.300048828125,4063.39990234375,4018.10009765625,4037.89990234375,39462
2025-11-21 14:30:00,4037.800048828125,4070.5,4028.10009765625,4064.199951171875,47112
2025-11-21 18:30:00,4064.5,4100.60009765625,4053.39990234375,4099.7001953125,83129
2025-11-21 22:30:00,4099.60009765625,4101.0,4053.5,4064.5,47663
2025-11-22 02:30:00,4064.39990234375,4066.10009765625,4052.199951171875,4062.800048828125,4134
2025-11-24 02:30:00,4068.5,4074.800048828125,4054.800048828125,4064.699951171875,7471
2025-11-24 06:30:00,4064.800048828125,4070.60009765625,4037.199951171875,4039.89990234375,23082
2025-11-24 10:30:00,4040.800048828125,4064.5,4036.39990234375,4060.699951171875,21011
2025-11-24 14:30:00,4060.199951171875,4081.60009765625,4059.89990234375,4077.89990234375,28796
2025-11-24 18:30:00,4078.0,4097.39990234375,4066.0,4096.2001953125,71965
2025-11-24 22:30:00,4096.60009765625,4132.89990234375,4086.5,4130.5,60206
2025-11-25 02:30:00,4130.2998046875,4142.7998046875,4124.0,4126.60009765625,6791
2025-11-25 06:30:00,4126.7001953125,4152.0,4120.5,4138.7998046875,12034
2025-11-25 10:30:00,4138.5,4166.7001953125,4106.7001953125,4113.0,45022
2025-11-25 14:30:00,4150.0,4172.89990234375,4111.0,4127.10009765625,47571
2025-11-25 18:30:00,4127.10009765625,4185.60009765625,4106.7998046875,4132.2001953125,102533
2025-11-25 22:30:00,4132.2001953125,4194.0,4125.60009765625,4166.7001953125,184447
2025-11-26 02:30:00,4129.10009765625,4178.7001953125,4124.39990234375,4177.2001953125,4555
2025-11-26 06:30:00,4177.60009765625,4204.89990234375,4135.89990234375,4197.2998046875,23341
2025-11-26 10:30:00,4197.5,4204.0,4144.10009765625,4195.39990234375,23904
2025-11-26 14:30:00,4195.10009765625,4209.0,4145.39990234375,4190.39990234375,29363
2025-11-26 18:30:00,4189.89990234375,4203.0,4132.89990234375,4201.60009765625,72185
2025-11-26 22:30:00,4201.5,4206.60009765625,4155.60009765625,4196.89990234375,29975
2025-11-27 02:30:00,4196.89990234375,4200.89990234375,4158.39990234375,4197.10009765625,3027
2025-11-27 06:30:00,4197.0,4198.2001953125,4140.0,4182.7001953125,19248
2025-11-28 20:00:00,4217.60009765625,4251.7001953125,4185.10009765625,4251.39990234375,48166
2025-12-01 02:30:00,4245.10009765625,4269.7998046875,4214.89990234375,4267.2001953125,16312
2025-12-01 06:30:00,4266.7001953125,4291.7998046875,4223.0,4280.5,36994
2025-12-01 10:30:00,4280.5,4288.7998046875,4220.2998046875,4279.2001953125,33101
2025-12-01 14:30:00,4279.2998046875,4297.7998046875,4250.89990234375,4280.7998046875,26792
2025-12-01 18:30:00,4280.60009765625,4299.60009765625,4219.2998046875,4258.89990234375,78093
2025-12-01 22:30:00,4259.10009765625,4278.7998046875,4222.89990234375,4270.7998046875,30347
2025-12-02 02:30:00,4270.7998046875,4274.10009765625,4230.5,4259.60009765625,5794
2025-12-02 06:30:00,4259.7001953125,4260.0,4199.7001953125,4249.10009765625,30799
2025-12-02 10:30:00,4249.7001953125,4258.10009765625,4209.2998046875,4241.39990234375,22747
2025-12-02 14:30:00,4241.2001953125,4244.39990234375,4182.10009765625,4239.7998046875,32638
2025-12-02 18:30:00,4239.7998046875,4262.2001953125,4167.0,4215.7001953125,86289
2025-12-02 22:30:00,4215.2998046875,4244.10009765625,4187.7001953125,4241.60009765625,31367
2025-12-03 02:30:00,4241.60009765625,4248.0,4206.89990234375,4243.0,6521
2025-12-03 06:30:00,4243.2001953125,4260.10009765625,4215.7001953125,4252.60009765625,17267
2025-12-03 10:30:00,4253.5,4254.7998046875,4202.89990234375,4236.60009765625,23769
2025-12-03 14:30:00,4236.89990234375,4245.0,4195.7001953125,4244.5,22544
2025-12-03 18:30:00,4244.5,4273.2998046875,4209.0,4231.89990234375,70189
2025-12-03 22:30:00,4231.60009765625,4246.89990234375,4199.2001953125,4237.2001953125,27375
2025-12-04 02:30:00,4237.39990234375,4245.60009765625,4232.2998046875,4241.2998046875,4983
2025-12-04 06:30:00,4241.2001953125,4246.89990234375,4211.0,4224.7001953125,20193
2025-12-04 10:30:00,4225.60009765625,4227.60009765625,4175.0,4213.89990234375,25876
2025-12-04 14:30:00,4213.7001953125,4236.39990234375,4184.2998046875,4219.89990234375,22457
2025-12-04 18:30:00,4219.89990234375,4251.10009765625,4203.2001953125,4245.89990234375,56192
2025-12-04 22:30:00,4246.2001953125,4248.10009765625,4202.0,4240.2001953125,24709
2025-12-05 02:30:00,4240.2001953125,4240.89990234375,4207.0,4231.7001953125,4249
2025-12-05 06:30:00,4231.7001953125,4247.0,4204.10009765625,4246.0,19398
2025-12-05 10:30:00,4246.39990234375,4261.10009765625,4243.60009765625,4250.7001953125,21691
2025-12-05 14:30:00,4250.5,4260.0,4245.7998046875,4259.0,14689
2025-12-05 18:30:00,4259.0,4290.5,4207.39990234375,4244.10009765625,94707
2025-12-05 22:30:00,4244.0,4251.0,4205.10009765625,4231.60009765625,29529
2025-12-06 02:30:00,4231.39990234375,4231.7001953125,4194.5,4227.7001953125,3823
2025-12-08 02:30:00,4228.10009765625,4241.2998046875,4224.5,4240.2001953125,6798
2025-12-08 06:30:00,4240.39990234375,4241.89990234375,4204.7998046875,4236.2998046875,15276
2025-12-08 10:30:00,4237.0,4247.89990234375,4208.5,4239.2001953125,16544
2025-12-08 14:30:00,4238.89990234375,4245.10009765625,4203.39990234375,4243.2998046875,16709
2025-12-08 18:30:00,4243.2998046875,4244.39990234375,4175.5,4220.7001953125,62497
2025-12-08 22:30:00,4220.7998046875,4225.0,4182.89990234375,4221.10009765625,24003
2025-12-09 02:30:00,4221.2001953125,4224.89990234375,4190.7001953125,4219.60009765625,4367
2025-12-09 06:30:00,4219.5,4227.60009765625,4194.10009765625,4216.60009765625,18927
2025-12-09 10:30:00,4215.89990234375,4220.2998046875,4177.7001953125,4220.2998046875,30104
2025-12-09 14:30:00,4220.10009765625,4242.2998046875,4191.10009765625,4233.39990234375,25083
2025-12-09 18:30:00,4233.60009765625,4251.7001953125,4198.7001953125,4242.10009765625,68301
2025-12-09 22:30:00,4242.39990234375,4246.0,4205.2998046875,4240.7998046875,24568
2025-12-10 02:30:00,4240.89990234375,4241.7998046875,4209.0,4236.89990234375,4161
2025-12-10 06:30:00,4237.2001953125,4247.89990234375,4216.60009765625,4235.89990234375,13990
2025-12-10 10:30:00,4235.7998046875,4242.60009765625,4224.7998046875,4225.7998046875,18127
2025-12-10 14:30:00,4225.60009765625,4230.2998046875,4215.2998046875,4224.5,19598
2025-12-10 18:30:00,4224.60009765625,4235.2998046875,4190.7998046875,4233.2001953125,43025
2025-12-10 22:30:00,4233.0,4268.7998046875,4183.60009765625,4259.10009765625,77868
2025-12-11 02:30:00,4259.10009765625,4274.60009765625,4251.0,4266.5,10396
2025-12-11 06:30:00,4266.5,4277.7001953125,4224.0,4241.2001953125,28726
2025-12-11 10:30:00,4240.60009765625,4247.39990234375,4214.2998046875,4244.0,16439
2025-12-11 14:30:00,4244.0,4253.89990234375,4216.60009765625,4248.0,19169
2025-12-11 18:30:00,4248.0,4309.39990234375,4217.39990234375,4304.39990234375,95289
2025-12-11 22:30:00,4304.10009765625,4317.2998046875,4277.0,4304.7998046875,47004
2025-12-12 02:30:00,4304.89990234375,4313.5,4279.2001953125,4299.60009765625,8041
2025-12-12 06:30:00,4299.5,4307.60009765625,4276.39990234375,4299.39990234375,14848
2025-12-12 10:30:00,4297.5,4340.7001953125,4289.0,4339.10009765625,27234
2025-12-12 14:30:00,4339.39990234375,4376.7998046875,4315.0,4361.10009765625,51656
2025-12-12 18:30:00,4361.39990234375,4387.7998046875,4260.0,4312.7998046875,138240
2025-12-12 22:30:00,4312.7998046875,4336.10009765625,4298.89990234375,4329.7001953125,41653
2025-12-13 02:30:00,4329.7998046875,4335.0,4302.7001953125,4329.7998046875,2367
2025-12-15 02:30:00,4337.2998046875,4339.7001953125,4308.2998046875,4339.5,5668
2025-12-15 06:30:00,4339.7001953125,4363.10009765625,4337.7001953125,4358.89990234375,19227
2025-12-15 10:30:00,4359.0,4382.60009765625,4340.89990234375,4380.39990234375,22606
2025-12-15 14:30:00,4380.2998046875,4384.2998046875,4346.5,4379.89990234375,20802
2025-12-15 18:30:00,4379.89990234375,4380.7001953125,4292.89990234375,4328.2001953125,95917
2025-12-15 22:30:00,4328.10009765625,4347.0,4301.7001953125,4333.7001953125,33764
2025-12-16 02:30:00,4333.89990234375,4341.89990234375,4303.89990234375,4335.7998046875,5486
2025-12-16 06:30:00,4336.0,4345.2998046875,4307.2001953125,4315.10009765625,24995
2025-12-16 10:30:00,4315.39990234375,4318.89990234375,4270.5,4311.7998046875,22766
2025-12-16 14:30:00,4311.5,4323.39990234375,4301.2001953125,4323.2001953125,22754
2025-12-16 18:30:00,4323.0,4367.89990234375,4318.7001953125,4332.0,95712
2025-12-16 22:30:00,4332.10009765625,4346.2001953125,4326.2998046875,4334.10009765625,33122
2025-12-17 02:30:00,4334.10009765625,4343.60009765625,4302.89990234375,4342.2001953125,3747
2025-12-17 06:30:00,4342.0,4361.60009765625,4320.2998046875,4359.7998046875,21498
2025-12-17 10:30:00,4359.5,4373.60009765625,4334.7001953125,4348.2998046875,25903
2025-12-17 14:30:00,4348.10009765625,4353.7001953125,4325.0,4347.5,17994
2025-12-17 18:30:00,4347.7998046875,4383.60009765625,4332.7001953125,4365.2001953125,97410
2025-12-17 22:30:00,4365.10009765625,4379.0,4338.0,4373.39990234375,36287
2025-12-18 02:30:00,4373.2998046875,4379.39990234375,4365.39990234375,4366.89990234375,4932
2025-12-18 06:30:00,4366.89990234375,4369.5,4355.2001953125,4362.0,14262
2025-12-18 10:30:00,4361.60009765625,4368.7001953125,4352.2998046875,4357.39990234375,14616
2025-12-18 14:30:00,4357.10009765625,4360.89990234375,4348.60009765625,4352.89990234375,20001
2025-12-18 18:30:00,4352.7001953125,4409.5,4338.0,4394.60009765625,117055
2025-12-18 22:30:00,4394.60009765625,4397.7001953125,4352.60009765625,4365.89990234375,56009
2025-12-19 02:30:00,4365.7001953125,4368.39990234375,4355.5,4356.10009765625,4429
2025-12-19 06:30:00,4356.2001953125,4357.39990234375,4336.2998046875,4350.7998046875,20528
2025-12-19 10:30:00,4350.89990234375,4359.7001953125,4344.89990234375,4355.0,13048
2025-12-19 14:30:00,4354.60009765625,4362.39990234375,4349.7998046875,4356.0,16929
2025-12-19 18:30:00,4356.2001953125,4388.0,4350.7001953125,4383.7998046875,71389
2025-12-19 22:30:00,4383.5,4389.0,4368.0,4370.2998046875,33593
2025-12-20 02:30:00,4370.60009765625,4387.2998046875,4367.7998046875,4387.2998046875,1582
2025-12-22 02:30:00,4373.2998046875,4397.10009765625,4372.7998046875,4396.5,10850
2025-12-22 06:30:00,4396.60009765625,4433.7001953125,4391.7001953125,4431.10009765625,30573
2025-12-22 10:30:00,4431.0,4453.0,4429.60009765625,4441.2998046875,32667
2025-12-22 14:30:00,4441.5,4449.89990234375,4439.5,4449.5,21398
2025-12-22 18:30:00,4449.5,4477.7001953125,4445.89990234375,4474.0,70117
2025-12-22 22:30:00,4473.7998046875,4477.2998046875,4464.10009765625,4472.5,26761
2025-12-23 02:30:00,4472.5,4504.7998046875,4472.5,4504.5,11034
2025-12-23 06:30:00,4504.5,4530.7998046875,4502.2001953125,4514.2001953125,34333
2025-12-23 10:30:00,4514.5,4524.5,4502.60009765625,4520.7998046875,22068
2025-12-23 14:30:00,4520.7998046875,4526.2998046875,4510.0,4518.60009765625,20856
2025-12-23 18:30:00,4518.5,4529.2998046875,4457.7001953125,4501.39990234375,107641
2025-12-23 22:30:00,4501.60009765625,4526.2001953125,4496.60009765625,4523.7998046875,41347
2025-12-24 02:30:00,4523.7998046875,4547.0,4512.2001953125,4539.7001953125,10084
2025-12-24 06:30:00,4539.5,4555.10009765625,4496.5,4524.89990234375,35716
2025-12-24 20:00:00,4516.10009765625,4518.2001953125,4474.2998046875,4505.60009765625,53548
2025-12-26 10:30:00,4538.7998046875,4550.7001953125,4535.7001953125,4549.2998046875,14571
2025-12-26 14:30:00,4549.2001953125,4554.0,4531.2001953125,4539.0,15773
2025-12-26 18:30:00,4538.7998046875,4584.0,4533.10009765625,4570.2998046875,65141
2025-12-26 22:30:00,4570.39990234375,4571.60009765625,4543.39990234375,4560.39990234375,40974
2025-12-27 02:30:00,4560.60009765625,4565.89990234375,4552.7001953125,4552.7001953125,3246
2025-12-29 02:30:00,4570.5,4571.7998046875,4490.2998046875,4516.89990234375,29438
2025-12-29 06:30:00,4516.89990234375,4545.0,4511.60009765625,4538.60009765625,26053
2025-12-29 10:30:00,4537.60009765625,4541.39990234375,4463.2998046875,4481.10009765625,45361
2025-12-29 14:30:00,4481.2001953125,4496.60009765625,4454.39990234375,4484.5,34616
2025-12-29 18:30:00,4484.2998046875,4488.7001953125,4316.0,4359.7998046875,126060
2025-12-29 22:30:00,4360.2001953125,4362.5,4332.7998046875,4354.2998046875,39403
2025-12-30 02:30:00,4354.0,4366.0,4338.7998046875,4354.7001953125,7875
2025-12-30 06:30:00,4354.7001953125,4384.0,4339.0,4377.60009765625,25917
2025-12-30 10:30:00,4378.2998046875,4398.5,4366.60009765625,4380.7998046875,25073
2025-12-30 14:30:00,4381.0,4418.7998046875,4379.7998046875,4417.0,24037
2025-12-30 18:30:00,4417.60009765625,4420.5,4370.5,4393.5,60872
2025-12-30 22:30:00,4393.60009765625,4397.7998046875,4352.39990234375,4357.5,35705
2025-12-31 02:30:00,4358.0,4366.10009765625,4338.10009765625,4354.89990234375,9572
2025-12-31 06:30:00,4354.60009765625,4384.89990234375,4342.89990234375,4344.60009765625,26234
2025-12-31 10:30:00,4345.10009765625,4354.2998046875,4284.2998046875,4319.39990234375,39844
2025-12-31 14:30:00,4319.2998046875,4349.0,4315.0,4326.10009765625,20191
2025-12-31 18:30:00,4326.60009765625,4367.7998046875,4320.2001953125,4336.7998046875,38343
2025-12-31 22:30:00,4337.10009765625,4345.7001953125,4316.7998046875,4326.0,23465
2026-01-01 02:30:00,4326.89990234375,4333.2001953125,4320.7001953125,4332.10009765625,1696
2026-01-02 10:30:00,4386.0,4409.5,4383.5,4399.2001953125,17513
2026-01-02 14:30:00,4398.89990234375,4411.7998046875,4395.60009765625,4407.0,15451
2026-01-02 18:30:00,4407.0,4414.7998046875,4325.2998046875,4337.5,64142
2026-01-02 22:30:00,4337.10009765625,4344.5,4319.7001953125,4341.2998046875,28519
2026-01-03 02:30:00,4341.39990234375,4342.7001953125,4329.60009765625,4329.60009765625,1786
2026-01-05 02:30:00,4368.7998046875,4406.39990234375,4363.2998046875,4404.5,17072
2026-01-05 06:30:00,4404.60009765625,4430.7001953125,4397.10009765625,4415.10009765625,28255
2026-01-05 10:30:00,4413.39990234375,4444.0,4410.0,4439.89990234375,27905
2026-01-05 14:30:00,4439.7998046875,4451.7001953125,4416.7001953125,4421.39990234375,28904
2026-01-05 18:30:00,4421.5,4467.60009765625,4407.0,4452.7001953125,70205
2026-01-05 22:30:00,4452.89990234375,4461.0,4443.2001953125,4454.89990234375,27735
2026-01-06 02:30:00,4455.10009765625,4471.60009765625,4440.7001953125,4447.39990234375,5737
2026-01-06 06:30:00,4447.39990234375,4479.39990234375,4437.89990234375,4478.0,19195
2026-01-06 10:30:00,4477.89990234375,4486.0,4460.2001953125,4478.7998046875,23051
2026-01-06 14:30:00,4479.0,4479.2001953125,4452.5,4474.39990234375,23016
2026-01-06 18:30:00,4474.2001953125,4501.7998046875,4464.10009765625,4498.7001953125,59721
2026-01-06 22:30:00,4498.7001953125,4504.7001953125,4488.0,4504.2001953125,32305
2026-01-07 02:30:00,4504.10009765625,4512.39990234375,4493.2001953125,4502.89990234375,6459
2026-01-07 06:30:00,4503.2001953125,4506.89990234375,4471.2998046875,4474.39990234375,24789
2026-01-07 10:30:00,4474.7001953125,4485.0,4451.5,4478.2998046875,27043
2026-01-07 14:30:00,4477.89990234375,4478.5,4448.60009765625,4454.5,19838
2026-01-07 18:30:00,4454.2998046875,4478.39990234375,4432.89990234375,4474.2001953125,82745
2026-01-07 22:30:00,4474.10009765625,4475.5,4455.0,4462.60009765625,32964
2026-01-08 02:30:00,4462.5,4475.2001953125,4455.10009765625,4459.0,5066
2026-01-08 06:30:00,4458.60009765625,4469.39990234375,4438.39990234375,4440.60009765625,18712
2026-01-08 10:30:00,4439.7998046875,4448.39990234375,4423.60009765625,4439.39990234375,25408
2026-01-08 14:30:00,4439.2001953125,4443.2998046875,4415.0,4434.7001953125,23118
2026-01-08 18:30:00,4435.10009765625,4474.5,4425.0,4472.5,65906
2026-01-08 22:30:00,4472.7001953125,4487.7001953125,4453.7001953125,4485.10009765625,49241
2026-01-09 02:30:00,4485.2001953125,4493.7001953125,4469.39990234375,4472.39990234375,7557
2026-01-09 06:30:00,4472.5,4485.5,4461.7998046875,4474.5,15942
2026-01-09 10:30:00,4473.39990234375,4486.0,4466.60009765625,4476.89990234375,16208
2026-01-09 14:30:00,4477.10009765625,4489.60009765625,4469.5,4474.5,17405
2026-01-09 18:30:00,4474.60009765625,4527.0,4467.0,4516.5,80816
2026-01-09 22:30:00,4516.39990234375,4521.5,4491.39990234375,4516.10009765625,56968
2026-01-10 02:30:00,4516.0,4520.2998046875,4513.60009765625,4517.89990234375,2292
2026-01-12 02:30:00,4538.10009765625,4612.7001953125,4531.39990234375,4600.0,32587
2026-01-12 06:30:00,4600.2001953125,4606.10009765625,4573.10009765625,4579.39990234375,33827
2026-01-12 10:30:00,4580.0,4608.5,4576.89990234375,4607.0,26101
2026-01-12 14:30:00,4606.89990234375,4609.60009765625,4587.60009765625,4600.39990234375,24902
2026-01-12 18:30:00,4600.39990234375,4640.5,4595.10009765625,4627.0,100447
2026-01-12 22:30:00,4626.7998046875,4630.7001953125,4601.0,4603.2998046875,56470
2026-01-13 02:30:00,4603.39990234375,4616.89990234375,4586.39990234375,4595.7998046875,7849
2026-01-13 06:30:00,4596.2001953125,4608.7998046875,4584.2998046875,4606.39990234375,18196
2026-01-13 10:30:00,4605.60009765625,4611.2001953125,4582.7998046875,4601.60009765625,23080
2026-01-13 14:30:00,4601.10009765625,4604.10009765625,4586.2001953125,4602.0,22945
2026-01-13 18:30:00,4601.7001953125,4644.0,4599.10009765625,4622.2001953125,97231
2026-01-13 22:30:00,4622.2998046875,4624.89990234375,4576.7001953125,4594.10009765625,72891
2026-01-14 02:30:00,4594.2001953125,4618.39990234375,4590.7001953125,4616.89990234375,8611
2026-01-14 06:30:00,4617.2001953125,4638.89990234375,4613.7001953125,4636.0,26402
2026-01-14 10:30:00,4636.7998046875,4647.60009765625,4624.7001953125,4641.7998046875,35463
2026-01-14 14:30:00,4641.89990234375,4650.10009765625,4634.10009765625,4646.89990234375,29938
2026-01-14 18:30:00,4647.0,4649.7998046875,4605.89990234375,4624.10009765625,87568
2026-01-14 22:30:00,4624.0,4650.5,4607.7001953125,4639.2001953125,97704
2026-01-15 02:30:00,4639.2998046875,4639.7998046875,4607.2001953125,4619.2998046875,9818
2026-01-15 06:30:00,4619.5,4622.0,4584.5,4596.60009765625,44412
2026-01-15 10:30:00,4595.7001953125,4618.0,4584.60009765625,4608.2001953125,24932
2026-01-15 14:30:00,4608.10009765625,4627.0,4604.60009765625,4617.89990234375,23676
2026-01-15 18:30:00,4618.0,4630.10009765625,4584.0,4610.2001953125,76897
2026-01-15 22:30:00,4610.39990234375,4626.5,4604.2001953125,4609.7998046875,36805
2026-01-16 02:30:00,4609.5,4625.5,4602.39990234375,4604.39990234375,7213
2026-01-16 06:30:00,4603.7998046875,4612.2998046875,4594.60009765625,4604.60009765625,21386
2026-01-16 10:30:00,4604.5,4620.2001953125,4597.10009765625,4606.7998046875,26075
2026-01-16 14:30:00,4606.7998046875,4620.5,4601.0,4605.7001953125,21865
2026-01-16 18:30:00,4605.7998046875,4624.60009765625,4539.10009765625,4595.7998046875,130547
2026-01-16 22:30:00,4596.2001953125,4601.10009765625,4581.0,4587.2998046875,31453
2026-01-17 02:30:00,4587.2001953125,4602.10009765625,4587.2001953125,4595.39990234375,3758
2026-01-19 06:30:00,4595.39990234375,4672.2998046875,4595.39990234375,4671.2001953125,997
2026-01-20 10:30:00,4700.89990234375,4738.0,4700.0,4735.60009765625,46752
2026-01-20 14:30:00,4735.5,4742.89990234375,4727.2001953125,4733.2998046875,32281
2026-01-20 18:30:00,4733.39990234375,4762.0,4720.0,4758.0,102567
2026-01-20 22:30:00,4757.7001953125,4771.5,4750.2998046875,4761.39990234375,48901
2026-01-21 02:30:00,4761.5,4792.89990234375,4761.10009765625,4789.60009765625,8980
2026-01-21 06:30:00,4789.60009765625,4873.60009765625,4788.5,4867.5,59383
2026-01-21 10:30:00,4868.39990234375,4891.10009765625,4835.2001953125,4856.89990234375,53023
2026-01-21 14:30:00,4856.89990234375,4879.39990234375,4854.5,4868.0,39369
2026-01-21 18:30:00,4868.2001953125,4884.5,4813.7998046875,4836.5,123917
2026-01-21 22:30:00,4836.7001953125,4857.2001953125,4757.10009765625,4830.0,96372
2026-01-22 02:30:00,4829.60009765625,4842.7998046875,4779.2998046875,4798.7998046875,12150
2026-01-22 06:30:00,4798.39990234375,4810.60009765625,4772.7001953125,4797.7001953125,24469
2026-01-22 10:30:00,4798.10009765625,4841.10009765625,4794.7001953125,4832.2001953125,26776
2026-01-22 14:30:00,4832.2001953125,4839.5,4815.2998046875,4821.5,32005
2026-01-22 18:30:00,4821.60009765625,4888.10009765625,4809.60009765625,4880.7998046875,91494
2026-01-22 22:30:00,4880.7998046875,4932.2001953125,4871.0,4920.5,65737
2026-01-23 02:30:00,4920.7001953125,4968.5,4918.2998046875,4967.60009765625,12693
2026-01-23 06:30:00,4968.0,4970.0,4938.0,4958.0,29590
2026-01-23 10:30:00,4957.7998046875,4969.0,4901.89990234375,4915.2998046875,39018
2026-01-23 14:30:00,4914.7998046875,4943.39990234375,4901.2001953125,4940.0,34032
2026-01-23 18:30:00,4940.2001953125,4989.89990234375,4924.2998046875,4981.39990234375,93301
2026-01-23 22:30:00,4981.7001953125,4991.39990234375,4959.5,4981.39990234375,53721
2026-01-24 02:30:00,4981.39990234375,4990.2001953125,4978.60009765625,4979.7001953125,5214
2026-01-26 02:30:00,5023.7998046875,5051.39990234375,5010.89990234375,5041.0,20870
2026-01-26 06:30:00,5040.7998046875,5091.5,5028.0,5068.60009765625,49008
2026-01-26 10:30:00,5067.89990234375,5107.89990234375,5049.7001953125,5081.2998046875,50679
2026-01-26 14:30:00,5081.2998046875,5097.39990234375,5073.10009765625,5076.2001953125,42601
2026-01-26 18:30:00,5076.60009765625,5103.0,5052.0,5086.39990234375,136441
2026-01-26 22:30:00,5087.0,5102.10009765625,5002.7001953125,5049.39990234375,98969
2026-01-27 02:30:00,5049.60009765625,5056.0,4983.60009765625,5027.10009765625,21411
2026-01-27 06:30:00,5027.2998046875,5074.7998046875,5013.0,5061.10009765625,27077
2026-01-27 10:30:00,5062.60009765625,5097.2998046875,5051.89990234375,5075.60009765625,36620
2026-01-27 14:30:00,5075.0,5096.2998046875,5062.2001953125,5081.60009765625,34250
2026-01-27 18:30:00,5081.5,5100.2998046875,5042.0,5085.10009765625,115390
2026-01-27 22:30:00,5085.2001953125,5184.2001953125,5074.0,5174.7001953125,78652
2026-01-28 02:30:00,5175.0,5190.7998046875,5154.7998046875,5168.5,14571
2026-01-28 06:30:00,5168.89990234375,5244.0,5165.10009765625,5242.7001953125,14744
2026-01-28 10:30:00,5240.89990234375,5345.0,5237.10009765625,5327.0,89075
2026-01-28 14:30:00,5326.7998046875,5331.2001953125,5271.0,5311.7001953125,48766
2026-01-28 18:30:00,5311.60009765625,5334.5,5266.5,5333.60009765625,135821
2026-01-28 22:30:00,5334.0,5425.10009765625,5301.0,5409.39990234375,97972
2026-01-29 02:30:00,5409.7998046875,5626.7998046875,5409.39990234375,5548.5,30104
2026-01-29 06:30:00,5548.89990234375,5595.0,5472.39990234375,5589.7998046875,64747
2026-01-29 10:30:00,5585.5,5625.89990234375,5503.89990234375,5540.60009765625,66287
2026-01-29 14:30:00,5540.10009765625,5573.2998046875,5501.0,5564.5,48332
2026-01-29 18:30:00,5565.2001953125,5581.2998046875,5126.0,5292.5,228020
2026-01-29 22:30:00,5292.89990234375,5438.60009765625,5292.2001953125,5423.2998046875,79327
2026-01-30 02:30:00,5422.89990234375,5480.2001953125,5400.0,5435.2998046875,19753
2026-01-30 06:30:00,5436.0,5438.89990234375,5145.7998046875,5243.10009765625,75129
2026-01-30 10:30:00,5242.10009765625,5269.2001953125,5075.10009765625,5145.0,46446
2026-01-30 14:30:00,5143.7998046875,5175.60009765625,4962.7001953125,5092.0,74093
2026-01-30 18:30:00,5093.10009765625,5142.2998046875,4961.10009765625,5011.7001953125,114665
2026-01-30 22:30:00,5009.60009765625,5012.2998046875,4700.39990234375,4870.7998046875,154191
2026-01-31 02:30:00,4871.2001953125,4917.89990234375,4855.5,4907.5,8153
2026-02-02 02:30:00,4828.5,4905.60009765625,4705.2998046875,4790.60009765625,31417
2026-02-02 06:30:00,4791.2998046875,4809.2001953125,4604.2998046875,4701.39990234375,67801
2026-02-02 10:30:00,4698.0,4717.10009765625,4423.2001953125,4662.10009765625,72234
2026-02-02 14:30:00,4661.5,4837.60009765625,4623.0,4816.10009765625,46110
2026-02-02 18:30:00,4816.0,4828.0,4617.60009765625,4687.5,99946
2026-02-02 22:30:00,4687.5,4737.7001953125,4639.60009765625,4676.2998046875,50574
2026-02-03 02:30:00,4677.89990234375,4853.7001953125,4667.0,4802.7001953125,11866
2026-02-03 06:30:00,4803.10009765625,4882.0,4768.5,4832.60009765625,29039
2026-02-03 10:30:00,4832.7998046875,4975.5,4831.2998046875,4935.7998046875,36070
2026-02-03 14:30:00,4935.7998046875,4959.5,4905.2001953125,4938.2001953125,31941
2026-02-03 18:30:00,4938.39990234375,5018.10009765625,4917.60009765625,4978.2001953125,79520
2026-02-03 22:30:00,4978.2998046875,4992.7001953125,4900.5,4967.5,57784
2026-02-04 02:30:00,4967.10009765625,5039.7001953125,4930.39990234375,5038.10009765625,10215
2026-02-04 06:30:00,5038.60009765625,5101.0,5006.39990234375,5100.2001953125,27428
2026-02-04 10:30:00,5100.10009765625,5113.89990234375,5071.0,5106.5,26783
2026-02-04 14:30:00,5105.89990234375,5109.7001953125,5036.0,5064.60009765625,26218
2026-02-04 18:30:00,5064.2998046875,5087.0,4867.7001953125,4926.89990234375,97263
2026-02-04 22:30:00,4926.5,4979.39990234375,4893.89990234375,4961.60009765625,48328
2026-02-05 02:30:00,4960.89990234375,5045.0,4960.0,5028.10009765625,6124
2026-02-05 06:30:00,5028.7001953125,5033.7001953125,4805.0,4888.5,51162
2026-02-05 10:30:00,4881.7001953125,4962.0,4842.0,4934.0,25618
2026-02-05 14:30:00,4934.39990234375,4937.10009765625,4831.0,4876.2001953125,31085
2026-02-05 18:30:00,4876.10009765625,4930.0,4820.7998046875,4912.0,73214
2026-02-05 22:30:00,4910.89990234375,4913.2998046875,4814.60009765625,4833.60009765625,29618
2026-02-06 02:30:00,4833.2001953125,4848.5,4670.0,4779.89990234375,25980
2026-02-06 06:30:00,4779.10009765625,4863.5,4710.0,4831.89990234375,27666
2026-02-06 10:30:00,4830.39990234375,4921.60009765625,4824.5,4884.7998046875,25120
2026-02-06 14:30:00,4884.10009765625,4926.0,4862.2001953125,4921.7001953125,19879
2026-02-06 18:30:00,4922.0,4988.7998046875,4916.2001953125,4975.2998046875,45976
2026-02-06 22:30:00,4975.2998046875,4995.60009765625,4960.39990234375,4977.2001953125,22457
2026-02-07 02:30:00,4977.2001953125,4992.10009765625,4970.10009765625,4979.7998046875,2361
2026-02-09 02:30:00,5000.0,5069.0,4991.2998046875,5041.2001953125,10328
2026-02-09 06:30:00,5042.10009765625,5064.2001953125,4989.2998046875,5034.7001953125,16385
2026-02-09 10:30:00,5034.0,5067.60009765625,5015.2001953125,5048.10009765625,14193
2026-02-09 14:30:00,5048.7001953125,5062.60009765625,5002.60009765625,5035.7001953125,15146
2026-02-09 18:30:00,5035.39990234375,5106.7998046875,5016.89990234375,5096.89990234375,37054
2026-02-09 22:30:00,5097.7998046875,5111.10009765625,5064.39990234375,5102.89990234375,20417
2026-02-10 02:30:00,5103.60009765625,5107.10009765625,5011.0,5042.60009765625,5080
2026-02-10 06:30:00,5042.89990234375,5079.0,5035.5,5052.7998046875,10283
2026-02-10 10:30:00,5052.89990234375,5077.10009765625,5032.7998046875,5063.7998046875,9879
2026-02-10 14:30:00,5063.60009765625,5085.2998046875,5042.0,5054.89990234375,16162
2026-02-10 18:30:00,5055.0,5102.7001953125,5021.2998046875,5046.5,38666
2026-02-10 22:30:00,5046.39990234375,5068.89990234375,5026.7001953125,5052.89990234375,17927
2026-02-11 02:30:00,5052.0,5077.39990234375,5043.0,5060.89990234375,3255
2026-02-11 06:30:00,5060.39990234375,5085.0,5053.39990234375,5073.2001953125,8164
2026-02-11 10:30:00,5071.2001953125,5093.2998046875,5067.60009765625,5077.0,12747
2026-02-11 14:30:00,5077.39990234375,5144.5,5070.39990234375,5107.2001953125,31261
2026-02-11 18:30:00,5107.5,5115.0,5036.2998046875,5099.2001953125,45188
2026-02-11 22:30:00,5098.7001953125,5123.39990234375,5090.10009765625,5111.39990234375,22321
2026-02-12 02:30:00,5111.39990234375,5122.7998046875,5071.0,5084.89990234375,4147
2026-02-12 06:30:00,5083.0,5096.0,5065.0,5090.39990234375,7761
2026-02-12 10:30:00,5090.0,5099.2998046875,5068.89990234375,5090.0,10913
2026-02-12 14:30:00,5089.5,5102.5,5070.60009765625,5074.2001953125,12522
2026-02-12 18:30:00,5074.39990234375,5106.7001953125,4900.0,4976.2998046875,80532
2026-02-12 22:30:00,4974.5,5004.39990234375,4926.89990234375,4935.10009765625,36231
2026-02-13 02:30:00,4935.7001953125,4967.7001953125,4907.10009765625,4946.7001953125,5457
2026-02-13 06:30:00,4946.7001953125,5016.39990234375,4945.60009765625,4994.0,11393
2026-02-13 10:30:00,4996.10009765625,5009.5,4963.2001953125,5001.89990234375,13984
2026-02-13 14:30:00,5002.7998046875,5002.7998046875,4952.7998046875,4988.7998046875,17339
2026-02-13 18:30:00,4990.0,5056.7998046875,4977.10009765625,5030.0,47256
2026-02-13 22:30:00,5030.0,5069.10009765625,5027.7998046875,5054.0,19992
2026-02-14 02:30:00,5053.89990234375,5067.39990234375,5046.2998046875,5046.2998046875,1712
2026-02-16 02:30:00,5046.2998046875,5051.60009765625,5018.2001953125,5035.0,2630
2026-02-16 06:30:00,5034.10009765625,5051.39990234375,4986.0,4994.7001953125,8229
2026-02-17 10:30:00,4970.7998046875,4972.2998046875,4875.2001953125,4939.5,19745
2026-02-17 14:30:00,4939.0,4964.0,4926.2998046875,4951.60009765625,13912
2026-02-17 18:30:00,4951.2998046875,4953.0,4854.2001953125,4887.7001953125,50060
2026-02-17 22:30:00,4887.5,4931.0,4868.0,4896.7001953125,21090
2026-02-18 02:30:00,4896.2001953125,4905.2001953125,4868.5,4891.7998046875,2845
2026-02-18 06:30:00,4891.7998046875,4961.7998046875,4891.7998046875,4951.60009765625,7416
2026-02-18 10:30:00,4953.5,4962.2001953125,4936.2998046875,4937.7001953125,8064
2026-02-18 14:30:00,4937.5,4967.5,4925.89990234375,4963.5,15373
2026-02-18 18:30:00,4963.2998046875,5031.89990234375,4962.89990234375,5021.2001953125,39521
2026-02-18 22:30:00,5021.39990234375,5024.2001953125,4993.7001953125,5005.2998046875,17919
2026-02-19 02:30:00,5004.89990234375,5007.7998046875,4971.5,4980.2001953125,2530
2026-02-19 06:30:00,4980.2001953125,5004.7001953125,4979.10009765625,5002.7998046875,5023
2026-02-19 10:30:00,5002.5,5040.89990234375,5002.5,5035.5,9008
2026-02-19 14:30:00,5035.7998046875,5039.10009765625,4997.10009765625,5004.39990234375,14969
2026-02-19 18:30:00,5005.10009765625,5042.7998046875,4982.0,5014.2001953125,34970
2026-02-19 22:30:00,5014.2001953125,5022.2001953125,4994.0,5020.60009765625,13610
2026-02-20 02:30:00,5020.7001953125,5026.5,5003.5,5024.5,2699
2026-02-20 06:30:00,5024.60009765625,5033.39990234375,4999.2998046875,5017.5,6345
2026-02-20 10:30:00,5018.10009765625,5050.60009765625,5015.89990234375,5048.7001953125,11822
2026-02-20 14:30:00,5048.5,5063.0,5025.7001953125,5044.5,20054
2026-02-20 18:30:00,5044.10009765625,5089.7998046875,5005.5,5087.0,54690
2026-02-20 22:30:00,5087.0,5120.7001953125,5075.10009765625,5119.39990234375,28794
2026-02-21 02:30:00,5119.5,5131.0,5080.89990234375,5080.89990234375,3745
2026-02-23 02:30:00,5157.0,5194.2001953125,5151.0,5165.89990234375,13308
2026-02-23 06:30:00,5166.2998046875,5198.7998046875,5161.60009765625,5181.2998046875,11535
2026-02-23 10:30:00,5182.0,5183.2998046875,5142.7998046875,5161.0,14779
2026-02-23 14:30:00,5160.7001953125,5186.39990234375,5159.39990234375,5185.0,17866
2026-02-23 18:30:00,5185.0,5240.89990234375,5161.5,5230.39990234375,48521
2026-02-23 22:30:00,5231.10009765625,5257.2998046875,5211.2001953125,5255.60009765625,22069
2026-02-24 02:30:00,5255.2001953125,5269.39990234375,5236.7998046875,5243.10009765625,7577
2026-02-24 06:30:00,5243.0,5243.0,5164.10009765625,5188.39990234375,23468
2026-02-24 10:30:00,5188.10009765625,5205.60009765625,5173.60009765625,5193.0,15784
2026-02-24 14:30:00,5192.2998046875,5201.0,5162.2001953125,5168.7998046875,16359
2026-02-24 18:30:00,5169.2001953125,5180.10009765625,5109.5,5159.7001953125,54088
2026-02-24 22:30:00,5159.7001953125,5191.39990234375,5159.39990234375,5181.7998046875,21388
2026-02-25 02:30:00,5181.89990234375,5183.89990234375,5135.89990234375,5171.0,3623
2026-02-25 06:30:00,5171.10009765625,5212.0,5162.7998046875,5201.2998046875,12803
2026-02-25 10:30:00,5202.10009765625,5230.0,5199.5,5204.5,13190
2026-02-25 14:30:00,5204.2998046875,5214.7001953125,5173.2001953125,5201.0,18224
2026-02-25 18:30:00,5201.89990234375,5233.60009765625,5177.0,5231.7001953125,37857
2026-02-25 22:30:00,5232.0,5237.2998046875,5163.2998046875,5169.89990234375,17102
2026-02-26 02:30:00,5171.2001953125,5207.39990234375,5168.60009765625,5203.2001953125,7875
2026-02-26 06:30:00,5203.7998046875,5215.39990234375,5188.7998046875,5208.7001953125,10415
2026-02-26 10:30:00,5208.7998046875,5221.89990234375,5182.89990234375,5195.7998046875,14828
2026-02-26 14:30:00,5195.39990234375,5206.39990234375,5173.10009765625,5200.0,20423
2026-02-26 18:30:00,5200.10009765625,5210.10009765625,5144.7998046875,5196.2998046875,46161
2026-02-26 22:30:00,5196.7001953125,5218.2001953125,5176.2998046875,5213.5,26352
2026-02-27 02:30:00,5213.7998046875,5217.7998046875,5186.0,5191.60009765625,4686
2026-02-27 06:30:00,5191.10009765625,5216.2001953125,5182.89990234375,5200.5,10850
2026-02-27 10:30:00,5198.10009765625,5217.5,5191.10009765625,5195.10009765625,14238
2026-02-27 14:30:00,5195.39990234375,5207.0,5183.2001953125,5204.2998046875,14670
2026-02-27 18:30:00,5204.5,5276.60009765625,5203.5,5246.89990234375,68886
2026-02-27 22:30:00,5247.10009765625,5283.7998046875,5237.39990234375,5281.2998046875,27394
2026-02-28 02:30:00,5281.60009765625,5299.0,5247.89990234375,5247.89990234375,4487
2026-03-02 02:30:00,5364.2001953125,5409.7001953125,5353.89990234375,5360.60009765625,18501
2026-03-02 06:30:00,5360.5,5380.0,5315.2998046875,5369.7998046875,23295
2026-03-02 10:30:00,5368.2001953125,5434.10009765625,5353.39990234375,5408.89990234375,28785
2026-03-02 14:30:00,5409.10009765625,5418.39990234375,5386.0,5412.39990234375,25112
2026-03-02 18:30:00,5412.2001953125,5432.2001953125,5272.89990234375,5304.0,84099
2026-03-02 22:30:00,5303.60009765625,5360.89990234375,5300.39990234375,5346.10009765625,26347
2026-03-03 02:30:00,5346.5,5376.89990234375,5334.89990234375,5364.5,5057
2026-03-03 06:30:00,5364.89990234375,5394.2001953125,5346.7001953125,5377.89990234375,15264
2026-03-03 10:30:00,5374.7001953125,5381.5,5292.10009765625,5308.7998046875,26846
2026-03-03 14:30:00,5308.5,5317.39990234375,5081.39990234375,5234.5,78990
2026-03-03 18:30:00,5234.60009765625,5234.60009765625,5005.0,5117.89990234375,96210
2026-03-03 22:30:00,5117.7998046875,5161.5,5075.10009765625,5109.2998046875,34576
2026-03-04 02:30:00,5108.60009765625,5149.5,5092.7998046875,5147.2998046875,5816
2026-03-04 06:30:00,5148.2001953125,5200.7001953125,5147.89990234375,5166.39990234375,19850
2026-03-04 10:30:00,5165.7001953125,5192.7998046875,5130.0,5178.60009765625,19009
2026-03-04 14:30:00,5177.89990234375,5218.2998046875,5167.89990234375,5182.0,24819
2026-03-04 18:30:00,5182.2001953125,5207.5,5140.2001953125,5161.5,42521
2026-03-04 22:30:00,5160.89990234375,5165.0,5119.39990234375,5146.7998046875,21718
2026-03-05 02:30:00,5146.89990234375,5191.5,5141.39990234375,5183.89990234375,4381
2026-03-05 06:30:00,5184.10009765625,5204.2998046875,5175.2001953125,5179.7001953125,12177
2026-03-05 10:30:00,5181.0,5185.89990234375,5129.0,5176.0,17987
2026-03-05 14:30:00,5175.89990234375,5192.5,5156.89990234375,5173.0,15684
2026-03-05 18:30:00,5173.60009765625,5174.89990234375,5062.39990234375,5086.5,64509
2026-03-05 22:30:00,5086.60009765625,5104.39990234375,5058.89990234375,5086.60009765625,28677
2026-03-06 02:30:00,5086.2998046875,5119.2001953125,5082.0,5092.5,4276
2026-03-06 06:30:00,5092.39990234375,5151.2998046875,5074.0,5137.2001953125,13913
2026-03-06 10:30:00,5136.0,5138.89990234375,5104.5,5116.7001953125,12621
2026-03-06 14:30:00,5117.60009765625,5117.7998046875,5071.0,5091.89990234375,20338
2026-03-06 18:30:00,5091.60009765625,5182.0,5073.89990234375,5149.5,64043
2026-03-06 22:30:00,5150.10009765625,5183.7998046875,5138.7001953125,5161.39990234375,29893
2026-03-07 02:30:00,5161.10009765625,5185.0,5158.7001953125,5158.7001953125,0
2026-03-09 02:30:00,5165.5,5180.0,5035.5,5056.89990234375,27255
2026-03-09 06:30:00,5056.7001953125,5109.10009765625,5021.2001953125,5098.0,20622
2026-03-09 09:30:00,5098.0,5147.60009765625,5087.10009765625,5106.7001953125,16391
2026-03-09 13:30:00,5106.7998046875,5140.5,5086.5,5095.7001953125,24175
2026-03-09 17:30:00,5096.2001953125,5124.7001953125,5066.89990234375,5108.5,46239
2026-03-09 21:30:00,5108.10009765625,5154.7001953125,5097.7001953125,5150.5,33570
2026-03-10 01:30:00,5150.89990234375,5165.60009765625,5127.10009765625,5149.7998046875,4734
2026-03-10 05:30:00,5149.2998046875,5195.7998046875,5134.0,5166.39990234375,18584
2026-03-10 09:30:00,5165.2998046875,5191.2998046875,5162.39990234375,5190.5,10937
2026-03-10 13:30:00,5190.60009765625,5204.0,5165.60009765625,5184.2001953125,24566
2026-03-10 17:30:00,5184.60009765625,5248.7001953125,5171.39990234375,5238.0,62648
2026-03-10 21:30:00,5238.10009765625,5245.10009765625,5169.0,5207.0,44399
2026-03-11 01:30:00,5206.7001953125,5207.7001953125,5191.2998046875,5204.89990234375,3109
2026-03-11 05:30:00,5205.0,5230.89990234375,5194.0,5211.10009765625,13307
2026-03-11 09:30:00,5211.5,5218.39990234375,5192.10009765625,5203.7001953125,12036
2026-03-11 13:30:00,5203.2998046875,5206.7001953125,5182.2998046875,5189.2001953125,19870
2026-03-11 17:30:00,5188.7001953125,5207.5,5155.89990234375,5173.39990234375,47576
2026-03-11 21:30:00,5173.39990234375,5191.2001953125,5158.39990234375,5191.0,32664
2026-03-12 01:30:00,5190.7998046875,5191.5,5135.0,5140.0,6352
2026-03-12 05:30:00,5139.39990234375,5180.60009765625,5130.0,5158.2001953125,15813
2026-03-12 09:30:00,5158.39990234375,5190.89990234375,5142.0,5188.39990234375,11464
2026-03-12 13:30:00,5188.2001953125,5197.7998046875,5178.60009765625,5184.7998046875,16067
2026-03-12 17:30:00,5185.0,5192.5,5114.60009765625,5138.0,47320
2026-03-12 21:30:00,5138.10009765625,5144.2998046875,5084.5,5091.7001953125,37989
2026-03-13 01:30:00,5092.0,5104.39990234375,5058.2001953125,5101.5,4991
2026-03-13 05:30:00,5101.0,5132.39990234375,5100.39990234375,5119.2001953125,16830
2026-03-13 09:30:00,5118.89990234375,5121.10009765625,5075.5,5089.5,17125
2026-03-13 13:30:00,5089.7998046875,5112.89990234375,5066.0,5112.89990234375,20105
2026-03-13 17:30:00,5113.0,5128.5,5032.2001953125,5039.10009765625,54756
2026-03-13 21:30:00,5038.7998046875,5068.10009765625,5014.10009765625,5022.0,37428
2026-03-14 01:30:00,5022.2998046875,5061.7001953125,5017.0,5061.7001953125,0
2026-03-16 01:30:00,5027.60009765625,5030.0,4970.10009765625,5000.60009765625,11366
2026-03-16 05:30:00,5001.10009765625,5035.39990234375,4986.0,5022.5,17306
2026-03-16 09:30:00,5023.2001953125,5039.7998046875,4992.89990234375,4998.89990234375,15830
2026-03-16 13:30:00,4998.7001953125,5028.2001953125,4973.5,5001.89990234375,34858
2026-03-16 17:30:00,5001.7001953125,5044.5,4988.5,4991.89990234375,56897
2026-03-16 21:30:00,4991.5,5026.5,4978.60009765625,5019.2998046875,27751
2026-03-17 01:30:00,5018.89990234375,5028.0,5003.89990234375,5018.0,3690
2026-03-17 05:30:00,5018.0,5037.5,4998.7001953125,5030.2998046875,9049
2026-03-17 09:30:00,5031.10009765625,5049.39990234375,5009.0,5025.0,16052
2026-03-17 13:30:00,5025.2001953125,5033.5,4994.7998046875,5007.2998046875,21570
2026-03-17 17:30:00,5007.0,5036.7001953125,4977.0,5002.60009765625,44179
2026-03-17 21:30:00,5002.5,5013.7001953125,4995.60009765625,5005.10009765625,20275
2026-03-18 01:30:00,5004.89990234375,5011.60009765625,4996.89990234375,5006.60009765625,2280
2026-03-18 05:30:00,5006.60009765625,5022.0,4988.5,4992.7001953125,12575
2026-03-18 09:30:00,4994.5,5020.5,4984.89990234375,4999.10009765625,14739
2026-03-18 13:30:00,4999.0,5001.7001953125,4928.0,4933.2998046875,44619
2026-03-18 17:30:00,4933.89990234375,4935.89990234375,4837.10009765625,4866.2998046875,83626
2026-03-18 21:30:00,4866.2001953125,4904.5,4841.39990234375,4846.7998046875,41093
2026-03-19 01:30:00,4846.5,4852.10009765625,4806.0,4839.2001953125,9852
2026-03-19 05:30:00,4838.39990234375,4868.7001953125,4833.7001953125,4852.7001953125,13087
2026-03-19 09:30:00,4852.39990234375,4855.7001953125,4727.2998046875,4729.60009765625,31136
2026-03-19 13:30:00,4729.2998046875,4742.2001953125,4652.39990234375,4654.39990234375,62223
2026-03-19 17:30:00,4654.89990234375,4657.0,4505.0,4598.2998046875,132484
2026-03-19 21:30:00,4598.0,4666.89990234375,4576.7001953125,4647.89990234375,48597
2026-03-20 01:30:00,4647.5,4679.5,4635.7998046875,4645.5,5576
2026-03-20 05:30:00,4645.5,4738.2001953125,4640.5,4725.2001953125,22535
2026-03-20 09:30:00,4726.2998046875,4728.0,4661.60009765625,4707.2001953125,22070
2026-03-20 13:30:00,4707.7001953125,4736.2998046875,4638.2001953125,4673.39990234375,35858
2026-03-20 17:30:00,4673.39990234375,4696.89990234375,4542.10009765625,4555.2998046875,74190
2026-03-20 21:30:00,4554.89990234375,4616.2998046875,4478.39990234375,4503.7998046875,56639
2026-03-21 01:30:00,4503.5,4574.89990234375,4488.5,4492.0,4003
2026-03-23 01:30:00,4511.7001953125,4537.10009765625,4453.2001953125,4465.89990234375,13077
2026-03-23 05:30:00,4466.2001953125,4474.7998046875,4322.0,4355.2998046875,61437
2026-03-23 09:30:00,4355.89990234375,4385.0,4100.0,4205.7001953125,84146
2026-03-23 13:30:00,4206.5,4466.2998046875,4203.60009765625,4379.2001953125,83743
2026-03-23 17:30:00,4380.10009765625,4516.5,4338.0,4365.60009765625,94316
2026-03-23 21:30:00,4364.10009765625,4469.5,4354.10009765625,4401.5,49293
2026-03-24 01:30:00,4400.7001953125,4450.5,4363.5,4442.7998046875,5681
2026-03-24 05:30:00,4442.7001953125,4448.39990234375,4306.2998046875,4346.7998046875,26602
2026-03-24 09:30:00,4347.39990234375,4437.60009765625,4319.89990234375,4420.2001953125,23398
2026-03-24 13:30:00,4420.10009765625,4443.2001953125,4372.39990234375,4408.0,37217
2026-03-24 17:30:00,4408.2001953125,4435.0,4350.39990234375,4412.7998046875,66632
2026-03-24 21:30:00,4412.39990234375,4428.89990234375,4372.2001953125,4400.89990234375,36822
2026-03-25 01:30:00,4400.7998046875,4555.0,4397.7001953125,4549.2001953125,18762
2026-03-25 05:30:00,4549.0,4601.0,4540.5,4567.7998046875,39991
2026-03-25 09:30:00,4568.5,4573.2001953125,4532.5,4539.0,26161
2026-03-25 13:30:00,4539.2001953125,4586.2001953125,4525.7001953125,4577.39990234375,35321
2026-03-25 17:30:00,4577.7998046875,4582.5,4519.5,4557.39990234375,69425
2026-03-25 21:30:00,4557.10009765625,4566.60009765625,4484.2998046875,4528.7001953125,49361
2026-03-26 01:30:00,4528.2998046875,4539.60009765625,4485.60009765625,4495.2998046875,7906
2026-03-26 05:30:00,4495.2998046875,4541.60009765625,4495.2001953125,4510.2001953125,14463
2026-03-26 09:30:00,4513.2998046875,4520.89990234375,4412.10009765625,4449.39990234375,29704
2026-03-26 13:30:00,4448.7001953125,4456.0,4409.2998046875,4419.7001953125,45221
2026-03-26 17:30:00,4420.10009765625,4476.60009765625,4412.7001953125,4434.0,74784
2026-03-26 21:30:00,4434.0,4438.89990234375,4356.39990234375,4361.2998046875,56379
2026-03-27 01:30:00,4361.10009765625,4416.7998046875,4348.2001953125,4400.2998046875,13508
2026-03-27 05:30:00,4399.39990234375,4440.2001953125,4370.5,4432.0,4092
2026-03-27 09:30:00,4431.7998046875,4483.2001953125,4426.2001953125,4475.2001953125,35997
2026-03-27 13:30:00,4475.2998046875,4478.2001953125,4432.2001953125,4447.5,31298
2026-03-27 17:30:00,4447.60009765625,4585.2998046875,4439.7998046875,4554.39990234375,78457
2026-03-27 21:30:00,4554.60009765625,4563.7998046875,4515.0,4543.10009765625,45097
2026-03-28 01:30:00,4543.5,4549.2998046875,4518.89990234375,4521.2998046875,4464
2026-03-30 01:30:00,4510.10009765625,4538.89990234375,4472.0,4476.89990234375,9844
2026-03-30 05:30:00,4477.0,4548.0,4444.7001953125,4528.10009765625,25619
2026-03-30 09:30:00,4526.5,4579.2001953125,4514.89990234375,4555.2001953125,17970
2026-03-30 13:30:00,4555.10009765625,4611.39990234375,4551.2998046875,4589.0,24952
2026-03-30 17:30:00,4589.5,4609.0,4542.0,4578.10009765625,46067
2026-03-30 21:30:00,4578.39990234375,4580.0,4522.7001953125,4543.2001953125,25678
2026-03-31 01:30:00,4543.7001953125,4552.5,4520.7998046875,4542.10009765625,4109
2026-03-31 05:30:00,4541.39990234375,4649.5,4510.0,4584.89990234375,30662
2026-03-31 09:30:00,4585.89990234375,4610.2001953125,4571.7998046875,4594.7001953125,16948
2026-03-31 13:30:00,4594.5,4623.89990234375,4558.89990234375,4612.7998046875,25600
2026-03-31 17:30:00,4613.2998046875,4662.0,4597.7998046875,4640.0,50286
2026-03-31 21:30:00,4640.10009765625,4716.2998046875,4637.5,4713.2998046875,39262
2026-04-01 01:30:00,4713.39990234375,4728.7998046875,4690.0,4723.60009765625,6804
2026-04-01 05:30:00,4723.60009765625,4751.89990234375,4704.5,4707.0,21782
2026-04-01 09:30:00,4707.60009765625,4774.2001953125,4693.0,4739.39990234375,28450
2026-04-01 13:30:00,4739.60009765625,4791.5,4737.0,4780.2001953125,23338
2026-04-01 17:30:00,4780.2001953125,4816.2001953125,4743.2998046875,4814.39990234375,48997
2026-04-01 21:30:00,4814.2998046875,4821.0,4768.2001953125,4791.7001953125,25776
2026-04-02 01:30:00,4791.7001953125,4825.89990234375,4776.60009765625,4808.89990234375,5079
2026-04-02 05:30:00,4809.2998046875,4823.89990234375,4675.7001953125,4707.10009765625,41662
2026-04-02 09:30:00,4703.60009765625,4708.60009765625,4580.39990234375,4668.2001953125,38859
2026-04-02 13:30:00,4668.10009765625,4674.5,4618.7998046875,4626.2001953125,23109
2026-04-02 17:30:00,4626.60009765625,4726.39990234375,4605.5,4687.5,53494
2026-04-02 21:30:00,4686.89990234375,4708.60009765625,4668.60009765625,4697.89990234375,21668
2026-04-03 01:30:00,4698.60009765625,4703.60009765625,4690.39990234375,4701.2998046875,1922
2026-04-06 01:30:00,4675.0,4699.2998046875,4631.0,4636.7998046875,11036
2026-04-06 05:30:00,4637.2001953125,4697.5,4626.2001953125,4666.2998046875,13247
2026-04-06 09:30:00,4665.2998046875,4714.2998046875,4665.10009765625,4710.5,10928
2026-04-06 13:30:00,4710.39990234375,4733.10009765625,4703.39990234375,4704.60009765625,11821
2026-04-06 17:30:00,4704.89990234375,4724.0,4677.39990234375,4693.39990234375,25387
2026-04-06 21:30:00,4693.5,4698.0,4671.39990234375,4682.2001953125,14052
2026-04-07 01:30:00,4682.60009765625,4694.89990234375,4674.60009765625,4685.89990234375,1779
2026-04-07 05:30:00,4685.89990234375,4692.0,4641.39990234375,4674.89990234375,17807
2026-04-07 09:30:00,4675.2001953125,4690.2998046875,4648.39990234375,4671.10009765625,15244
2026-04-07 13:30:00,4671.2001953125,4721.2001953125,4653.89990234375,4684.60009765625,32157
2026-04-07 17:30:00,4685.2001953125,4696.2998046875,4631.89990234375,4681.2998046875,41079
2026-04-07 21:30:00,4681.7998046875,4745.7001953125,4678.10009765625,4727.2998046875,30029
2026-04-08 01:30:00,4727.2998046875,4863.5,4723.0,4860.7001953125,15648
2026-04-08 05:30:00,4860.7001953125,4888.0,4817.2001953125,4828.2001953125,38734
2026-04-08 09:30:00,4826.7998046875,4872.2001953125,4819.7998046875,4839.7001953125,25997
2026-04-08 13:30:00,4839.89990234375,4846.0,4798.2001953125,4826.39990234375,26799
2026-04-08 17:30:00,4826.2998046875,4834.7998046875,4757.60009765625,4782.0,55895
2026-04-08 21:30:00,4782.2001953125,4791.10009765625,4720.60009765625,4755.2998046875,33835
2026-04-09 01:30:00,4755.2001953125,4757.7001953125,4728.5,4738.7998046875,4060
2026-04-09 05:30:00,4739.39990234375,4756.60009765625,4718.60009765625,4735.0,16653
2026-04-09 09:30:00,4734.60009765625,4755.2001953125,4727.2001953125,4748.39990234375,19315
2026-04-09 13:30:00,4748.2998046875,4782.7001953125,4744.10009765625,4781.2998046875,16056
2026-04-09 17:30:00,4781.7001953125,4823.89990234375,4759.60009765625,4817.39990234375,45513
2026-04-09 21:30:00,4817.7001953125,4826.0,4790.7001953125,4793.0,24832
2026-04-10 01:30:00,4793.0,4810.0,4779.7998046875,4787.0,3378
2026-04-10 05:30:00,4786.60009765625,4800.39990234375,4760.39990234375,4789.10009765625,18729
2026-04-10 09:30:00,4790.39990234375,4794.60009765625,4764.60009765625,4773.0,11867
2026-04-10 13:30:00,4773.2998046875,4792.89990234375,4752.7001953125,4792.0,16319
2026-04-10 17:30:00,4792.10009765625,4820.0,4779.2998046875,4785.7998046875,40813
2026-04-10 21:30:00,4785.89990234375,4797.7001953125,4768.39990234375,4783.60009765625,22390
2026-04-11 01:30:00,4783.5,4783.5,4764.0,4771.0,3254
2026-04-13 01:30:00,4688.7001953125,4707.39990234375,4664.60009765625,4693.60009765625,10751
2026-04-13 05:30:00,4693.7001953125,4749.5,4686.89990234375,4741.60009765625,15099
2026-04-13 09:30:00,4740.0,4762.5,4729.2001953125,4756.39990234375,12199
2026-04-13 13:30:00,4756.7001953125,4761.2001953125,4725.2001953125,4729.10009765625,13693
2026-04-13 17:30:00,4728.60009765625,4768.0,4722.5,4736.89990234375,33848
2026-04-13 21:30:00,4737.2001953125,4774.39990234375,4731.5,4765.5,31988
2026-04-14 01:30:00,4765.2998046875,4789.7001953125,4762.2001953125,4781.2998046875,3144
2026-04-14 05:30:00,4781.7001953125,4802.7998046875,4775.5,4792.2998046875,10656
2026-04-14 09:30:00,4790.0,4820.39990234375,4780.0,4800.2001953125,16245
2026-04-14 13:30:00,4799.60009765625,4813.7001953125,4773.2998046875,4797.10009765625,19931
2026-04-14 17:30:00,4797.10009765625,4842.0,4784.2001953125,4831.89990234375,44113
2026-04-14 21:30:00,4832.10009765625,4870.0,4829.0,4868.7001953125,29162
2026-04-15 01:30:00,4869.2001953125,4874.60009765625,4857.2001953125,4861.7001953125,4032
2026-04-15 05:30:00,4861.5,4895.39990234375,4841.0,4849.60009765625,18560
2026-04-15 09:30:00,4848.0,4854.2998046875,4827.39990234375,4834.10009765625,12868
2026-04-15 13:30:00,4833.7998046875,4845.39990234375,4808.39990234375,4835.7001953125,19075
2026-04-15 17:30:00,4835.0,4854.60009765625,4807.89990234375,4823.5,29053
2026-04-15 21:30:00,4824.0,4835.0,4812.2001953125,4818.2998046875,16958
2026-04-16 01:30:00,4818.7001953125,4848.60009765625,4810.5,4845.39990234375,3867
2026-04-16 05:30:00,4845.39990234375,4859.7001953125,4832.89990234375,4847.7001953125,12414
2026-04-16 09:30:00,4846.2998046875,4861.2998046875,4836.0,4843.0,20584
2026-04-16 13:30:00,4842.7998046875,4844.2998046875,4825.60009765625,4843.89990234375,12033
2026-04-16 17:30:00,4844.10009765625,4846.2001953125,4792.10009765625,4828.2001953125,38545
2026-04-16 21:30:00,4828.60009765625,4831.39990234375,4802.0,4814.5,15864
2026-04-17 01:30:00,4814.7998046875,4818.7998046875,4806.0,4812.5,1833
2026-04-17 05:30:00,4812.0,4822.2001953125,4785.89990234375,4814.10009765625,10974
2026-04-17 09:30:00,4813.89990234375,4827.2001953125,4800.0,4805.5,11985
2026-04-17 13:30:00,4806.10009765625,4834.0,4802.60009765625,4822.0,14261
2026-04-17 17:30:00,4821.7001953125,4917.7001953125,4819.7998046875,4889.7001953125,70800
2026-04-17 21:30:00,4889.5,4896.0,4873.60009765625,4875.5,14934
2026-04-18 01:30:00,4875.60009765625,4876.2998046875,4848.0,4849.39990234375,5343
2026-04-20 01:30:00,4813.39990234375,4815.0,4752.0,4775.0,11575
2026-04-20 05:30:00,4774.39990234375,4834.5,4764.2001953125,4813.2998046875,17137
2026-04-20 13:30:00,4879.60009765625,4879.60009765625,4804.60009765625,4830.89990234375,32519
2026-04-20 17:30:00,4830.7998046875,4847.89990234375,4811.89990234375,4819.89990234375,39006
2026-04-20 21:30:00,4819.7998046875,4842.10009765625,4812.5,4834.7998046875,14539
2026-04-21 01:30:00,4835.0,4854.7998046875,4832.7998046875,4842.39990234375,3193
2026-04-21 05:30:00,4843.0,4851.2001953125,4811.2001953125,4816.2998046875,11960
2026-04-21 09:30:00,4816.10009765625,4828.7998046875,4790.7998046875,4804.89990234375,22869
2026-04-21 13:30:00,4804.5,4818.0,4793.2998046875,4814.2001953125,14775
2026-04-21 17:30:00,4814.39990234375,4816.7001953125,4740.89990234375,4759.7998046875,63304
2026-04-21 21:30:00,4760.2998046875,4765.89990234375,4685.7998046875,4698.2998046875,47492
2026-04-22 01:30:00,4698.5,4758.39990234375,4688.39990234375,4755.7998046875,10008
2026-04-22 05:30:00,4756.2998046875,4782.7001953125,4753.5,4777.0,14341
2026-04-22 09:30:00,4776.10009765625,4790.7998046875,4769.89990234375,4779.5,15962
2026-04-22 13:30:00,4779.60009765625,4781.39990234375,4764.2998046875,4768.89990234375,13893
2026-04-22 17:30:00,4769.2001953125,4779.39990234375,4743.2001953125,4746.2001953125,31047
2026-04-22 21:30:00,4746.10009765625,4770.2001953125,4742.10009765625,4759.0,15166
2026-04-23 01:30:00,4759.39990234375,4763.60009765625,4740.60009765625,4745.0,2991
2026-04-23 05:30:00,4745.0,4771.2998046875,4710.39990234375,4720.0,26431
2026-04-23 09:30:00,4719.0,4739.0,4705.7001953125,4736.10009765625,20339
2026-04-23 13:30:00,4735.60009765625,4742.10009765625,4700.0,4737.39990234375,20490
2026-04-23 17:30:00,4737.10009765625,4761.7001953125,4733.2998046875,4737.2998046875,37121
2026-04-23 21:30:00,4737.60009765625,4754.10009765625,4680.10009765625,4712.7998046875,39404
2026-04-24 01:30:00,4712.5,4719.7998046875,4702.0,4710.7998046875,3160
2026-04-24 05:30:00,4711.7001953125,4726.7001953125,4683.5,4687.5,12192
2026-04-24 09:30:00,4686.89990234375,4710.7001953125,4672.2001953125,4709.39990234375,14843
2026-04-24 13:30:00,4710.10009765625,4733.89990234375,4689.60009765625,4723.2001953125,20741
2026-04-24 17:30:00,4723.2001953125,4757.10009765625,4705.39990234375,4743.89990234375,34924
2026-04-24 21:30:00,4743.60009765625,4747.0,4729.5,4732.10009765625,12738
2026-04-25 01:30:00,4731.89990234375,4733.39990234375,4721.10009765625,4725.39990234375,2765
2026-04-27 01:30:00,4696.10009765625,4704.0,4689.10009765625,4694.7998046875,3266
2026-04-27 05:30:00,4695.2998046875,4744.7998046875,4686.60009765625,4739.7998046875,13741
2026-04-27 09:30:00,4739.7998046875,4745.7998046875,4724.0,4727.89990234375,8653
2026-04-27 13:30:00,4728.39990234375,4730.0,4713.5,4719.7001953125,10053
2026-04-27 17:30:00,4720.10009765625,4728.0,4681.2001953125,4684.7998046875,30044
2026-04-27 21:30:00,4684.60009765625,4700.89990234375,4681.5,4696.2001953125,15013
2026-04-28 01:30:00,4695.89990234375,4710.2998046875,4691.7998046875,4707.10009765625,1945
2026-04-28 05:30:00,4707.10009765625,4716.5,4679.89990234375,4685.60009765625,11008
2026-04-28 09:30:00,4684.60009765625,4685.10009765625,4634.39990234375,4646.60009765625,24985
2026-04-28 13:30:00,4647.0,4649.39990234375,4568.0,4575.2001953125,32173
2026-04-28 17:30:00,4575.60009765625,4613.7998046875,4567.60009765625,4600.10009765625,49345
2026-04-28 21:30:00,4600.0,4615.89990234375,4591.39990234375,4609.60009765625,16664
2026-04-29 01:30:00,4609.39990234375,4614.0,4602.0,4609.7001953125,2444
2026-04-29 05:30:00,4609.5,4624.2998046875,4589.10009765625,4609.60009765625,12484
2026-04-29 09:30:00,4609.10009765625,4621.2998046875,4580.5,4581.39990234375,13597
2026-04-29 13:30:00,4581.60009765625,4594.2998046875,4564.5,4574.7001953125,18488
2026-04-29 17:30:00,4574.2001953125,4582.10009765625,4522.2001953125,4560.2001953125,44568
2026-04-29 21:30:00,4560.60009765625,4578.2998046875,4532.0,4560.7998046875,28975
2026-04-30 01:30:00,4561.2001953125,4574.2001953125,4550.7998046875,4573.7998046875,3263
2026-04-30 05:30:00,4573.60009765625,4594.10009765625,4566.89990234375,4567.89990234375,12620
2026-04-30 09:30:00,4567.39990234375,4617.2998046875,4552.2001953125,4610.60009765625,18551
2026-04-30 13:30:00,4610.5,4658.7998046875,4609.2001953125,4643.0,28591
2026-04-30 17:30:00,4643.2998046875,4658.60009765625,4621.2998046875,4628.10009765625,32442
2026-04-30 21:30:00,4628.2001953125,4640.2998046875,4618.0,4630.0,18683
2026-05-01 01:30:00,4630.39990234375,4652.0,4628.2998046875,4638.89990234375,2398
2026-05-01 05:30:00,4639.0,4648.10009765625,4625.89990234375,4638.60009765625,7381
2026-05-01 09:30:00,4637.7998046875,4640.2998046875,4586.7998046875,4589.5,12143
2026-05-01 13:30:00,4589.7001953125,4594.0,4570.0,4590.0,11650
2026-05-01 17:30:00,4589.5,4673.0,4586.0,4654.39990234375,40145
2026-05-01 21:30:00,4654.0,4661.2998046875,4621.0,4623.0,16065
2026-05-02 01:30:00,4623.0,4644.5,4619.0,4644.5,1556
2026-05-04 01:30:00,4633.2998046875,4640.89990234375,4622.39990234375,4625.0,2495
2026-05-04 05:30:00,4624.7998046875,4629.89990234375,4602.0,4627.7998046875,9469
2026-05-04 09:30:00,4626.5,4626.5,4588.60009765625,4589.7001953125,10267
2026-05-04 13:30:00,4589.89990234375,4595.2998046875,4535.0,4571.10009765625,22513
2026-05-04 17:30:00,4571.2998046875,4594.7001953125,4520.60009765625,4531.60009765625,38702
2026-05-04 21:30:00,4531.39990234375,4541.7998046875,4510.10009765625,4527.60009765625,28192
2026-05-05 01:30:00,4527.5,4535.89990234375,4521.2998046875,4528.10009765625,2589
2026-05-05 05:30:00,4528.60009765625,4556.39990234375,4522.7001953125,4544.7001953125,9243
2026-05-05 09:30:00,4543.5,4568.10009765625,4537.0,4555.39990234375,11067
2026-05-05 13:30:00,4555.39990234375,4575.5,4550.0,4572.89990234375,13405
2026-05-05 17:30:00,4572.7001953125,4597.5,4564.2001953125,4579.39990234375,31953
2026-05-05 21:30:00,4579.39990234375,4579.89990234375,4562.2998046875,4566.0,16332
2026-05-06 01:30:00,4566.0,4606.2001953125,4556.10009765625,4604.5,4295
2026-05-06 05:30:00,4604.10009765625,4662.0,4598.2998046875,4653.5,19640
2026-05-06 09:30:00,4653.60009765625,4693.2001953125,4653.2998046875,4692.39990234375,22787
2026-05-06 13:30:00,4692.7001953125,4734.60009765625,4682.7998046875,4703.2998046875,40426
2026-05-06 17:30:00,4703.2998046875,4728.7001953125,4671.0,4699.2998046875,45259
2026-05-06 21:30:00,4699.0,4711.2998046875,4689.7998046875,4703.0,18566
2026-05-07 01:30:00,4703.5,4710.39990234375,4695.7998046875,4708.2001953125,3511
2026-05-07 05:30:00,4708.2998046875,4730.5,4694.0,4709.0,13003
2026-05-07 09:30:00,4707.7001953125,4760.5,4700.39990234375,4752.5,18546
2026-05-07 13:30:00,4753.2001953125,4763.60009765625,4732.0,4752.0,19269
2026-05-07 17:30:00,4752.10009765625,4775.2001953125,4694.2998046875,4739.10009765625,46159
2026-05-07 21:30:00,4739.2998046875,4739.89990234375,4696.60009765625,4712.89990234375,47505
2026-05-08 01:30:00,4713.0,4729.10009765625,4671.0,4713.2001953125,5697
2026-05-08 05:30:00,4713.39990234375,4741.39990234375,4702.7001953125,4729.0,12628
2026-05-08 09:30:00,4728.60009765625,4743.5,4706.2001953125,4717.39990234375,14572
2026-05-08 13:30:00,4717.2001953125,4737.7998046875,4715.89990234375,4727.5,11980
2026-05-08 17:30:00,4727.5,4760.39990234375,4709.60009765625,4716.60009765625,47580
2026-05-08 21:30:00,4716.39990234375,4738.60009765625,4715.0,4733.39990234375,20472
2026-05-09 01:30:00,4733.7998046875,4733.89990234375,4723.2998046875,4730.7001953125,2075
2026-05-11 01:30:00,4696.7998046875,4707.5,4690.0,4700.2998046875,3887
2026-05-11 05:30:00,4699.89990234375,4714.10009765625,4678.39990234375,4687.0,19275
2026-05-11 09:30:00,4686.39990234375,4688.7998046875,4655.10009765625,4676.39990234375,17584
2026-05-11 13:30:00,4676.2998046875,4687.5,4658.7001953125,4683.2998046875,16848
2026-05-11 17:30:00,4682.89990234375,4758.39990234375,4675.89990234375,4741.7998046875,50917
2026-05-11 21:30:00,4742.0,4746.5,4716.7998046875,4743.5,23900
2026-05-12 01:30:00,4743.7001953125,4780.2998046875,4739.5,4777.2001953125,7031
2026-05-12 05:30:00,4776.7001953125,4783.39990234375,4726.7998046875,4729.0,16044
2026-05-12 09:30:00,4729.10009765625,4739.60009765625,4692.39990234375,4707.7998046875,18192
2026-05-12 13:30:00,4707.5,4717.2001953125,4692.7998046875,4714.60009765625,14958
2026-05-12 17:30:00,4714.5,4719.7998046875,4645.2001953125,4673.10009765625,52027
2026-05-12 21:30:00,4673.5,4723.2998046875,4671.2998046875,4723.2001953125,24959
2026-05-13 01:30:00,4722.7998046875,4731.60009765625,4719.39990234375,4724.7001953125,4658
2026-05-13 05:30:00,4724.5,4734.7998046875,4696.0,4703.0,14527
2026-05-13 09:30:00,4704.5,4723.10009765625,4701.2998046875,4710.39990234375,12570
2026-05-13 13:30:00,4710.2998046875,4718.2001953125,4692.2998046875,4705.2001953125,15534
2026-05-13 17:30:00,4704.89990234375,4709.39990234375,4676.0,4703.2998046875,37080
2026-05-13 21:30:00,4703.0,4717.89990234375,4685.5,4696.10009765625,26250
2026-05-14 01:30:00,4696.0,4709.0,4693.7001953125,4703.5,1891
2026-05-14 05:30:00,4703.10009765625,4714.0,4679.2998046875,4680.7998046875,11254
2026-05-14 09:30:00,4680.7998046875,4725.7998046875,4673.2001953125,4700.10009765625,17219
2026-05-14 13:30:00,4699.5,4713.60009765625,4694.60009765625,4700.39990234375,11748
2026-05-14 17:30:00,4700.2001953125,4716.89990234375,4671.2998046875,4691.89990234375,34499
2026-05-14 21:30:00,4692.10009765625,4693.5,4658.0,4659.5,20302
2026-05-15 01:30:00,4659.60009765625,4670.10009765625,4649.2998046875,4656.7001953125,5796
2026-05-15 05:30:00,4656.39990234375,4662.7998046875,4611.0,4619.7998046875,23090
2026-05-15 09:30:00,4619.2998046875,4625.89990234375,4560.10009765625,4575.7001953125,31407
2026-05-15 13:30:00,4575.60009765625,4577.0,4535.39990234375,4555.89990234375,30852
2026-05-15 17:30:00,4556.0,4570.89990234375,4513.7998046875,4543.7998046875,49131
2026-05-15 21:30:00,4543.7998046875,4568.7001953125,4533.2001953125,4549.7998046875,19547
2026-05-16 01:30:00,4550.2001953125,4561.89990234375,4537.0,4561.89990234375,2058
2026-05-18 01:30:00,4557.39990234375,4558.60009765625,4535.10009765625,4540.89990234375,4049
2026-05-18 05:30:00,4541.0,4551.39990234375,4483.5,4546.7998046875,27276
2026-05-18 09:30:00,4545.2001953125,4564.0,4533.10009765625,4550.0,23191
2026-05-18 13:30:00,4550.0,4571.89990234375,4533.5,4554.2001953125,21417
2026-05-18 17:30:00,4554.39990234375,4588.60009765625,4536.2001953125,4547.7001953125,45164
2026-05-18 21:30:00,4548.60009765625,4569.5,4537.60009765625,4562.89990234375,26362
2026-05-19 01:30:00,4563.2998046875,4593.2001953125,4562.39990234375,4585.5,3479
2026-05-19 05:30:00,4585.39990234375,4593.10009765625,4545.2001953125,4548.89990234375,15007
2026-05-19 09:30:00,4547.7998046875,4562.7001953125,4533.89990234375,4560.7001953125,17012
2026-05-19 13:30:00,4560.7001953125,4562.5,4528.60009765625,4534.0,17116
2026-05-19 17:30:00,4533.7998046875,4550.89990234375,4467.10009765625,4511.7001953125,65598
2026-05-19 21:30:00,4512.0,4516.0,4484.7998046875,4487.0,15612
2026-05-20 01:30:00,4486.89990234375,4499.5,4480.0,4491.7998046875,3943
2026-05-20 05:30:00,4492.2001953125,4512.0,4455.0,4467.10009765625,19054
2026-05-20 09:30:00,4465.7998046875,4488.7001953125,4458.60009765625,4480.89990234375,16240
2026-05-20 13:30:00,4481.10009765625,4503.7001953125,4475.10009765625,4501.2001953125,23686
2026-05-20 17:30:00,4501.0,4558.39990234375,4469.10009765625,4532.10009765625,62776
2026-05-20 21:30:00,4532.10009765625,4553.7998046875,4527.10009765625,4548.10009765625,20192
2026-05-21 01:30:00,4548.39990234375,4553.2001953125,4535.60009765625,4548.0,3656
2026-05-21 05:30:00,4548.2998046875,4572.39990234375,4528.2998046875,4529.89990234375,14046
2026-05-21 09:30:00,4529.39990234375,4541.60009765625,4513.2001953125,4520.7998046875,14274
2026-05-21 13:30:00,4520.89990234375,4544.2001953125,4505.7001953125,4515.0,19557
2026-05-21 17:30:00,4515.2001953125,4522.2998046875,4488.2998046875,4513.0,61248
2026-05-21 21:30:00,4513.2001953125,4561.2001953125,4513.10009765625,4544.10009765625,32283
2026-05-22 01:30:00,4543.89990234375,4547.0,4532.7001953125,4536.0,3451
2026-05-22 05:30:00,4536.2001953125,4541.89990234375,4519.39990234375,4529.89990234375,8092
2026-05-22 09:30:00,4530.60009765625,4535.39990234375,4508.2001953125,4522.7001953125,11997
2026-05-22 13:30:00,4522.7001953125,4537.60009765625,4511.39990234375,4521.5,19117
2026-05-22 17:30:00,4521.10009765625,4537.39990234375,4488.0,4521.0,43653
2026-05-22 21:30:00,4521.2998046875,4529.89990234375,4505.60009765625,4510.0,20181
2026-05-23 01:30:00,4510.10009765625,4523.2001953125,4505.39990234375,4523.2001953125,1621
2026-05-26 09:30:00,4542.7001953125,4543.60009765625,4521.7998046875,4538.60009765625,18635
2026-05-26 13:30:00,4539.0,4540.89990234375,4503.0,4507.5,41159
2026-05-26 17:30:00,4507.10009765625,4532.2998046875,4500.2001953125,4506.7001953125,66720
2026-05-26 21:30:00,4506.5,4512.0,4480.0,4508.7001953125,40188
2026-05-27 01:30:00,4509.0,4528.10009765625,4498.89990234375,4519.60009765625,2545
2026-05-27 05:30:00,4517.39990234375,4525.7998046875,4496.2001953125,4496.2998046875,2723
2026-05-27 09:30:00,4496.0,4520.60009765625,4478.5,4513.2001953125,30002
2026-05-27 13:30:00,4513.10009765625,4529.5,4454.2998046875,4458.2998046875,49992
2026-05-27 17:30:00,4458.5,4496.5,4431.0,4468.0,88245
2026-05-27 21:30:00,4468.10009765625,4490.0,4465.60009765625,4483.0,25758
2026-05-28 01:30:00,4482.7998046875,4502.0,4473.2001953125,4477.7001953125,3419
2026-05-28 05:30:00,4477.39990234375,4489.5,4398.0,4405.2998046875,21364
2026-05-28 09:30:00,4404.2001953125,4426.0,4395.60009765625,4417.2001953125,19084
2026-05-28 13:30:00,4417.5,4434.2998046875,4405.5,4418.2001953125,17418
2026-05-28 17:30:00,4417.89990234375,4515.89990234375,4409.7998046875,4512.5,57929
2026-05-28 21:30:00,4512.89990234375,4547.10009765625,4507.5,4528.7001953125,26476
2026-05-29 01:30:00,4528.7001953125,4531.7001953125,4519.5,4525.60009765625,3035
2026-05-29 05:30:00,4525.5,4551.2001953125,4522.5,4530.89990234375,11405
2026-05-29 09:30:00,4531.39990234375,4557.2001953125,4531.39990234375,4555.5,16746
2026-05-29 13:30:00,4555.0,4574.39990234375,4540.0,4569.10009765625,19191
2026-05-29 17:30:00,4569.2001953125,4627.10009765625,4543.39990234375,4602.10009765625,54002
2026-05-29 21:30:00,4602.10009765625,4604.5,4574.10009765625,4576.7998046875,19052
2026-05-30 01:30:00,4576.89990234375,4593.0,4567.2998046875,4593.0,1797
2026-06-01 01:30:00,4555.2998046875,4576.39990234375,4554.10009765625,4570.7001953125,3322
2026-06-01 05:30:00,4570.5,4577.2998046875,4540.2998046875,4546.0,10687
2026-06-01 09:30:00,4546.89990234375,4555.39990234375,4522.10009765625,4532.7001953125,12748
2026-06-01 13:30:00,4533.0,4542.7998046875,4518.60009765625,4536.0,15102
2026-06-01 17:30:00,4535.7998046875,4540.39990234375,4476.0,4504.10009765625,48604
2026-06-01 21:30:00,4504.7001953125,4525.60009765625,4493.10009765625,4511.10009765625,19687
2026-06-02 01:30:00,4511.2001953125,4518.60009765625,4508.2001953125,4514.2998046875,2962
2026-06-02 05:30:00,4514.39990234375,4530.0,4492.2998046875,4528.39990234375,13974
2026-06-02 09:30:00,4529.2998046875,4571.2998046875,4528.0,4565.2001953125,19493
2026-06-02 13:30:00,4565.2001953125,4569.2998046875,4550.89990234375,4557.2998046875,13796
2026-06-02 17:30:00,4557.5,4563.7998046875,4519.39990234375,4531.7001953125,30722
2026-06-02 21:30:00,4531.7001953125,4532.7998046875,4508.0,4517.7001953125,15808
2026-06-03 01:30:00,4517.7998046875,4522.7001953125,4490.5,4502.89990234375,6422
2026-06-03 05:30:00,4502.60009765625,4525.10009765625,4491.2001953125,4512.0,13222
2026-06-03 09:30:00,4512.39990234375,4516.10009765625,4481.10009765625,4481.60009765625,14562
2026-06-03 13:30:00,4481.7998046875,4496.5,4467.2001953125,4490.60009765625,18939
2026-06-03 17:30:00,4490.89990234375,4495.60009765625,4454.0,4469.7998046875,31275
2026-06-03 21:30:00,4470.0,4480.0,4461.10009765625,4472.0,14920
2026-06-04 01:30:00,4471.89990234375,4491.2001953125,4450.10009765625,4483.5,5034
2026-06-04 05:30:00,4484.0,4504.2001953125,4470.0,4490.60009765625,11770
2026-06-04 09:30:00,4490.60009765625,4511.2001953125,4486.2001953125,4488.5,11853
2026-06-04 13:30:00,4488.39990234375,4542.39990234375,4485.39990234375,4539.2001953125,18593
2026-06-04 17:30:00,4539.10009765625,4543.2001953125,4483.7998046875,4504.89990234375,41783
2026-06-04 21:30:00,4504.89990234375,4513.2001953125,4500.0,4508.89990234375,17144
2026-06-05 01:30:00,4508.5,4509.2998046875,4487.7001953125,4488.39990234375,3268
2026-06-05 05:30:00,4488.2001953125,4497.0,4461.2001953125,4468.39990234375,15292
2026-06-05 09:30:00,4468.7001953125,4494.2001953125,4454.7998046875,4487.7001953125,14182
2026-06-05 13:30:00,4487.2998046875,4502.2001953125,4484.7998046875,4497.0,12226
2026-06-05 17:30:00,4497.39990234375,4502.7998046875,4358.7998046875,4360.39990234375,85345
2026-06-05 21:30:00,4360.2998046875,4372.0,4338.2998046875,4343.5,37820
2026-06-06 01:30:00,4343.7001953125,4365.2998046875,4336.60009765625,4365.2998046875,4141
2026-06-08 01:30:00,4342.2001953125,4371.0,4337.2998046875,4367.89990234375,5697
2026-06-08 05:30:00,4367.0,4377.5,4323.60009765625,4339.7998046875,19737
2026-06-08 09:30:00,4342.0,4346.39990234375,4293.0,4319.89990234375,21790
2026-06-08 13:30:00,4319.2998046875,4358.5,4297.10009765625,4356.2998046875,28715
2026-06-08 17:30:00,4355.7001953125,4371.5,4339.0,4366.10009765625,41080
2026-06-08 21:30:00,4365.89990234375,4371.0,4346.60009765625,4350.2998046875,19152
2026-06-09 01:30:00,4350.5,4363.39990234375,4336.0,4340.89990234375,3290
2026-06-09 05:30:00,4340.89990234375,4366.5,4338.7998046875,4359.7998046875,11593
2026-06-09 09:30:00,4360.7998046875,4375.7001953125,4346.0,4350.2001953125,13082
2026-06-09 13:30:00,4350.10009765625,4368.2998046875,4344.5,4364.2998046875,13242
2026-06-09 17:30:00,4364.39990234375,4388.60009765625,4287.10009765625,4296.7001953125,53475
2026-06-09 21:30:00,4296.5,4305.2998046875,4259.89990234375,4282.7001953125,38233
2026-06-10 01:30:00,4282.7998046875,4286.10009765625,4233.0,4245.10009765625,6527
2026-06-10 05:30:00,4245.2001953125,4251.10009765625,4195.5,4208.2001953125,23047
2026-06-10 09:30:00,4208.89990234375,4245.5,4194.2001953125,4209.7001953125,18044
2026-06-10 13:30:00,4209.39990234375,4211.0,4168.2001953125,4170.2001953125,33716
2026-06-10 17:30:00,4169.89990234375,4209.5,4129.60009765625,4151.89990234375,75665
2026-06-10 21:30:00,4152.7001953125,4158.7998046875,4105.0,4106.2001953125,36042
2026-06-11 01:30:00,4106.0,4106.39990234375,4046.199951171875,4069.699951171875,10277
2026-06-11 05:30:00,4070.89990234375,4138.5,4058.0,4095.5,35745
2026-06-11 09:30:00,4094.39990234375,4131.5,4091.199951171875,4125.7998046875,19192
2026-06-11 13:30:00,4125.7001953125,4133.60009765625,4098.10009765625,4100.7001953125,17598
2026-06-11 17:30:00,4100.89990234375,4116.7998046875,4072.800048828125,4110.0,48891
2026-06-11 21:30:00,4110.2001953125,4241.2998046875,4092.89990234375,4229.89990234375,59917
2026-06-12 01:30:00,4230.2001953125,4267.7998046875,4226.2001953125,4240.60009765625,7423
2026-06-12 05:30:00,4240.10009765625,4251.7001953125,4192.89990234375,4220.89990234375,17233
2026-06-12 09:30:00,4219.0,4222.60009765625,4191.10009765625,4215.2001953125,13704
2026-06-12 13:30:00,4215.89990234375,4249.60009765625,4213.2001953125,4227.7998046875,22309
2026-06-12 17:30:00,4227.89990234375,4256.7998046875,4197.5,4232.39990234375,46989
2026-06-12 21:30:00,4232.2998046875,4256.2001953125,4223.2001953125,4231.89990234375,22683
2026-06-13 01:30:00,4231.60009765625,4240.60009765625,4230.7001953125,4238.7998046875,1729
2026-06-15 01:30:00,4325.60009765625,4327.0,4300.0,4314.2998046875,8295
2026-06-15 05:30:00,4314.2998046875,4356.7998046875,4306.39990234375,4345.7001953125,18448
2026-06-15 09:30:00,4346.39990234375,4353.89990234375,4321.60009765625,4344.2998046875,13538
2026-06-15 13:30:00,4344.10009765625,4368.89990234375,4342.7001953125,4356.60009765625,19940
2026-06-15 17:30:00,4356.60009765625,4391.5,4345.2998046875,4377.60009765625,41646
2026-06-15 21:30:00,4377.7998046875,4380.2998046875,4338.2001953125,4342.39990234375,19019
2026-06-16 01:30:00,4342.60009765625,4343.89990234375,4326.7001953125,4337.2998046875,4267
2026-06-16 05:30:00,4336.60009765625,4354.10009765625,4327.39990234375,4351.39990234375,10828
2026-06-16 09:30:00,4352.10009765625,4357.10009765625,4334.2001953125,4356.60009765625,9436
2026-06-16 13:30:00,4356.39990234375,4370.60009765625,4354.2001953125,4361.39990234375,15321
2026-06-16 17:30:00,4361.60009765625,4376.5,4333.7001953125,4355.7001953125,32298
2026-06-16 21:30:00,4355.60009765625,4368.10009765625,4346.39990234375,4355.60009765625,15230
2026-06-17 01:30:00,4355.2998046875,4358.0,4348.7001953125,4350.7998046875,1717
2026-06-17 05:30:00,4350.89990234375,4369.7998046875,4348.2001953125,4351.2001953125,7726
2026-06-17 09:30:00,4352.2001953125,4353.7998046875,4337.10009765625,4344.7001953125,9765
2026-06-17 13:30:00,4344.7998046875,4355.10009765625,4335.60009765625,4342.60009765625,9271
2026-06-17 17:30:00,4342.7998046875,4385.5,4338.7001953125,4383.60009765625,35178
2026-06-17 21:30:00,4383.2998046875,4403.60009765625,4237.39990234375,4254.2998046875,84923
2026-06-18 01:30:00,4254.2001953125,4303.0,4253.2998046875,4297.2001953125,9824
2026-06-18 05:30:00,4297.60009765625,4350.2001953125,4296.2001953125,4339.60009765625,18016
2026-06-18 09:30:00,4340.0,4345.2001953125,4307.10009765625,4308.39990234375,14309
2026-06-18 13:30:00,4308.60009765625,4312.60009765625,4257.89990234375,4260.60009765625,23136
2026-06-18 17:30:00,4260.5,4296.2001953125,4241.7001953125,4245.5,46578
2026-06-18 21:30:00,4245.7998046875,4252.5,4220.2998046875,4236.2001953125,25636
2026-06-19 01:30:00,4236.2001953125,4238.7001953125,4205.0,4206.7998046875,3348
2026-06-19 05:30:00,4206.89990234375,4216.89990234375,4162.7001953125,4167.5,11665
2026-06-22 01:30:00,4163.89990234375,4181.5,4151.39990234375,4157.0,6943
2026-06-22 05:30:00,4157.2998046875,4238.10009765625,4156.60009765625,4189.60009765625,19489
2026-06-22 09:30:00,4189.2001953125,4225.39990234375,4172.89990234375,4208.5,10338
2026-06-22 13:30:00,4208.2998046875,4233.7001953125,4172.89990234375,4225.2998046875,12822
2026-06-22 17:30:00,4225.89990234375,4229.89990234375,4172.89990234375,4201.0,37656
2026-06-22 21:30:00,4200.7998046875,4211.89990234375,4172.89990234375,4209.39990234375,12616
2026-06-23 01:30:00,4209.39990234375,4213.60009765625,4172.89990234375,4205.5,1829
2026-06-23 05:30:00,4205.0,4216.0,4148.39990234375,4162.2001953125,17290
2026-06-23 09:30:00,4161.7998046875,4164.7998046875,4114.0,4116.0,20070
2026-06-23 13:30:00,4116.2998046875,4151.10009765625,4108.2001953125,4141.10009765625,18540
2026-06-23 17:30:00,4141.0,4163.5,4122.7998046875,4156.7001953125,40393
2026-06-23 21:30:00,4156.7998046875,4161.7998046875,4129.10009765625,4129.60009765625,15157
2026-06-24 01:30:00,4129.89990234375,4132.39990234375,4097.89990234375,4116.60009765625,5477
2026-06-24 05:30:00,4117.0,4129.7001953125,4067.0,4079.89990234375,19707
2026-06-24 09:30:00,4080.10009765625,4114.7001953125,4071.60009765625,4091.5,14024
2026-06-24 13:30:00,4091.60009765625,4104.7998046875,4053.89990234375,4063.199951171875,17832
2026-06-24 17:30:00,4063.39990234375,4065.199951171875,3980.300048828125,4019.5,87394
2026-06-24 21:30:00,4019.39990234375,4039.699951171875,3975.699951171875,4004.89990234375,34253
2026-06-25 01:30:00,4005.5,4033.89990234375,4001.60009765625,4026.60009765625,6162
2026-06-25 05:30:00,4028.300048828125,4031.5,3976.300048828125,4012.39990234375,20036
2026-06-25 09:30:00,4011.10009765625,4015.699951171875,3986.60009765625,4003.5,16728
2026-06-25 13:30:00,4003.60009765625,4017.89990234375,3988.60009765625,3995.300048828125,16023
2026-06-25 17:30:00,3995.39990234375,4058.699951171875,3993.5,4057.5,58823
2026-06-25 21:30:00,4057.199951171875,4060.0,4036.800048828125,4041.60009765625,24346
2026-06-26 01:30:00,4042.10009765625,4051.60009765625,4027.5,4030.199951171875,2767
2026-06-26 05:30:00,4029.89990234375,4044.800048828125,3998.10009765625,4018.60009765625,15436
2026-06-26 09:30:00,4019.39990234375,4055.5,4013.800048828125,4046.39990234375,16140
2026-06-26 13:30:00,4046.10009765625,4071.5,4041.199951171875,4061.0,16408
2026-06-26 17:30:00,4061.10009765625,4111.5,4050.60009765625,4106.2998046875,43697
2026-06-26 21:30:00,4106.10009765625,4109.2001953125,4079.0,4086.199951171875,17037
2026-06-27 01:30:00,4086.39990234375,4104.39990234375,4079.0,4096.2998046875,2400
2026-06-29 01:30:00,4089.800048828125,4092.39990234375,4065.89990234375,4076.699951171875,4888
2026-06-29 05:30:00,4076.300048828125,4090.39990234375,4062.60009765625,4083.199951171875,11612
2026-06-29 09:30:00,4082.800048828125,4083.199951171875,4053.800048828125,4076.300048828125,13546
2026-06-29 13:30:00,4075.699951171875,4081.0,4038.10009765625,4053.300048828125,20295
2026-06-29 17:30:00,4053.5,4067.0,4012.0,4041.5,35187
2026-06-29 21:30:00,4041.5,4046.699951171875,4019.199951171875,4030.39990234375,15308
2026-06-30 01:30:00,4030.60009765625,4036.699951171875,4023.5,4029.39990234375,2535
2026-06-30 05:30:00,4028.60009765625,4028.89990234375,3955.39990234375,3983.800048828125,27348
2026-06-30 09:30:00,3982.5,4048.699951171875,3981.300048828125,4046.300048828125,19317
2026-06-30 13:30:00,4046.39990234375,4051.800048828125,4025.89990234375,4047.5,15397
2026-06-30 17:30:00,4048.0,4078.10009765625,4022.10009765625,4044.199951171875,40558
2026-06-30 21:30:00,4043.800048828125,4048.699951171875,4029.10009765625,4030.199951171875,14834
2026-07-01 01:30:00,4030.199951171875,4036.0,4018.0,4018.89990234375,4097
2026-07-01 05:30:00,4018.89990234375,4022.699951171875,3983.0,3992.89990234375,14464
2026-07-01 09:30:00,3993.39990234375,3995.39990234375,3973.0,3988.699951171875,18271
2026-07-01 13:30:00,3988.800048828125,4049.39990234375,3982.5,4044.0,18407
2026-07-01 17:30:00,4044.5,4131.0,4026.60009765625,4095.10009765625,64194
2026-07-01 21:30:00,4095.5,4102.89990234375,4048.39990234375,4052.300048828125,18301
2026-07-02 01:30:00,4052.199951171875,4057.199951171875,4042.10009765625,4047.39990234375,4825
2026-07-02 05:30:00,4047.10009765625,4086.300048828125,4042.800048828125,4082.300048828125,13396
2026-07-02 09:30:00,4082.10009765625,4092.5,4065.199951171875,4076.60009765625,12022
2026-07-02 13:30:00,4076.5,4092.60009765625,4069.699951171875,4077.5,14444
2026-07-02 17:30:00,4077.300048828125,4157.10009765625,4073.39990234375,4141.39990234375,58422
2026-07-02 21:30:00,4141.7001953125,4143.2001953125,4113.0,4134.0,18011
2026-07-03 01:30:00,4134.2001953125,4149.10009765625,4129.39990234375,4139.2001953125,4570
2026-07-03 05:30:00,4139.0,4208.2998046875,4135.89990234375,4188.5,17613
2026-07-06 01:30:00,4187.5,4214.10009765625,4184.39990234375,4195.2001953125,6643
2026-07-06 05:30:00,4195.7998046875,4215.5,4172.7001953125,4177.0,13878
2026-07-06 09:30:00,4177.0,4187.2998046875,4156.39990234375,4175.7001953125,10509
2026-07-06 13:30:00,4176.39990234375,4187.2998046875,4148.39990234375,4167.39990234375,12333
2026-07-06 17:30:00,4167.39990234375,4187.2998046875,4140.60009765625,4159.89990234375,29226
2026-07-06 21:30:00,4160.10009765625,4187.2998046875,4152.0,4175.5,14422
2026-07-07 01:30:00,4175.39990234375,4187.2998046875,4168.0,4168.7001953125,1381
2026-07-07 05:30:00,4168.5,4174.5,4135.2001953125,4141.7998046875,12004
2026-07-07 09:30:00,4142.39990234375,4152.39990234375,4127.7001953125,4135.7998046875,10479
2026-07-07 13:30:00,4135.39990234375,4170.0,4130.60009765625,4168.60009765625,15227
2026-07-07 17:30:00,4168.60009765625,4192.39990234375,4146.89990234375,4150.10009765625,40371
2026-07-07 21:30:00,4150.39990234375,4159.7998046875,4102.7001953125,4125.10009765625,25639
2026-07-08 01:30:00,4125.2998046875,4126.7001953125,4104.0,4108.7998046875,5125
2026-07-08 05:30:00,4108.5,4142.2998046875,4106.7998046875,4133.7001953125,14873
2026-07-08 09:30:00,4134.2001953125,4144.7001953125,4125.39990234375,4132.0,11079
2026-07-08 13:30:00,4132.0,4132.5,4050.0,4072.300048828125,42758
2026-07-08 17:30:00,4071.89990234375,4096.7998046875,4032.5,4044.10009765625,53416
2026-07-08 21:30:00,4044.5,4101.60009765625,4043.39990234375,4090.199951171875,32625
2026-07-09 01:30:00,4090.5,4093.5,4081.10009765625,4085.60009765625,3459
2026-07-09 05:30:00,4087.5,4099.10009765625,4063.39990234375,4072.10009765625,13261
2026-07-09 09:30:00,4073.60009765625,4121.0,4065.89990234375,4117.89990234375,18333
2026-07-09 13:30:00,4117.89990234375,4127.39990234375,4102.7998046875,4118.7001953125,15009
2026-07-09 17:30:00,4118.7001953125,4147.39990234375,4114.7998046875,4136.39990234375,40088
2026-07-09 21:30:00,4136.7998046875,4148.39990234375,4128.2998046875,4132.39990234375,22554
2026-07-10 01:30:00,4132.10009765625,4136.7998046875,4130.0,4132.60009765625,1561
2026-07-10 05:30:00,4132.5,4144.60009765625,4118.2998046875,4129.5,11572
2026-07-10 09:30:00,4128.7998046875,4130.5,4113.0,4117.89990234375,9734
2026-07-10 13:30:00,4117.60009765625,4121.7998046875,4103.0,4111.0,14449
2026-07-10 17:30:00,4111.39990234375,4127.0,4081.699951171875,4122.10009765625,35670
2026-07-10 21:30:00,4122.39990234375,4124.7998046875,4106.2998046875,4116.60009765625,17125
2026-07-11 01:30:00,4116.39990234375,4129.0,4113.7001953125,4113.7001953125,1563
2026-07-13 01:30:00,4097.89990234375,4102.2001953125,4075.800048828125,4092.89990234375,4830
2026-07-13 05:30:00,4093.10009765625,4099.7001953125,4060.699951171875,4067.39990234375,17637
2026-07-13 09:30:00,4068.10009765625,4080.89990234375,4052.0,4072.800048828125,15298
2026-07-13 13:30:00,4072.800048828125,4089.10009765625,4055.0,4064.0,17514
2026-07-13 17:30:00,4064.0,4075.5,4005.800048828125,4023.300048828125,52213
2026-07-13 21:30:00,4023.10009765625,4025.5,3992.89990234375,4009.300048828125,33594
2026-07-14 01:30:00,4009.39990234375,4015.5,3999.10009765625,4007.89990234375,3838
2026-07-14 05:30:00,4008.60009765625,4025.699951171875,3990.39990234375,4022.60009765625,16215
2026-07-14 09:30:00,4023.699951171875,4040.39990234375,4019.89990234375,4027.300048828125,12085
2026-07-14 13:30:00,4027.300048828125,4039.0,4020.10009765625,4038.10009765625,13522
2026-07-14 17:30:00,4038.5,4112.5,4029.800048828125,4073.10009765625,71392
2026-07-14 21:30:00,4073.199951171875,4073.800048828125,4049.199951171875,4062.10009765625,26929
2026-07-15 01:30:00,4062.10009765625,4063.10009765625,4052.699951171875,4058.800048828125,3367
2026-07-15 05:30:00,4059.0,4068.60009765625,4033.89990234375,4037.89990234375,12221
2026-07-15 09:30:00,4036.89990234375,4044.699951171875,4025.60009765625,4030.699951171875,13644
2026-07-15 13:30:00,4030.699951171875,4046.5,4023.300048828125,4044.5,13812
2026-07-15 17:30:00,4044.89990234375,4080.699951171875,4041.800048828125,4053.199951171875,36729
2026-07-15 21:30:00,4053.39990234375,4089.10009765625,4033.0,4064.0,30278
2026-07-16 01:30:00,4063.699951171875,4071.89990234375,4061.10009765625,4063.60009765625,3190
2026-07-16 05:30:00,4063.800048828125,4067.10009765625,4029.39990234375,4040.699951171875,11971
2026-07-16 09:30:00,4041.800048828125,4051.800048828125,4027.699951171875,4036.10009765625,10991
2026-07-16 13:30:00,4035.5,4048.39990234375,4026.199951171875,4044.10009765625,13793
2026-07-16 17:30:00,4044.39990234375,4048.699951171875,3977.10009765625,4011.800048828125,58081
2026-07-16 21:30:00,4011.39990234375,4012.300048828125,3973.39990234375,3984.60009765625,22637
2026-07-17 01:30:00,3984.800048828125,3989.89990234375,3976.199951171875,3989.199951171875,2906
2026-07-17 05:30:00,3989.5,4012.199951171875,3974.10009765625,3995.699951171875,13820
2026-07-17 09:30:00,3995.0,4010.699951171875,3978.39990234375,3997.0,13326
2026-07-17 13:30:00,3996.60009765625,4006.5,3991.300048828125,3997.89990234375,11126
2026-07-17 17:30:00,3998.199951171875,4026.10009765625,3963.0,4024.10009765625,48607
2026-07-17 21:30:00,4024.39990234375,4028.89990234375,4006.800048828125,4019.89990234375,19291
2026-07-18 01:30:00,4019.89990234375,4023.0,4013.199951171875,4018.800048828125,0
2026-07-20 01:30:00,4001.0,4004.39990234375,3993.0,3999.199951171875,2637
2026-07-20 05:30:00,3999.60009765625,4034.199951171875,3986.5,4027.800048828125,15713
2026-07-20 09:30:00,4028.699951171875,4031.300048828125,4006.5,4022.0,10506
2026-07-20 13:30:00,4022.199951171875,4046.0,4018.699951171875,4030.5,15269
2026-07-20 17:30:00,4030.0,4030.199951171875,4001.60009765625,4016.199951171875,36522
2026-07-20 21:30:00,4016.300048828125,4022.800048828125,4005.199951171875,4010.699951171875,16887
2026-07-21 01:30:00,4011.10009765625,4015.10009765625,4003.300048828125,4014.39990234375,3392
2026-07-21 05:30:00,4014.5,4057.199951171875,4008.300048828125,4050.89990234375,15891
2026-07-21 09:30:00,4051.699951171875,4088.39990234375,4048.39990234375,4075.699951171875,21455
2026-07-21 13:30:00,4075.60009765625,4076.89990234375,4058.89990234375,4060.60009765625,18417
2026-07-21 17:30:00,4060.5,4088.0,4048.39990234375,4078.60009765625,38657
2026-07-21 21:30:00,4078.5,4092.5,4071.0,4088.60009765625,15741
2026-07-22 01:30:00,4088.60009765625,4090.89990234375,4080.89990234375,4085.199951171875,2753
2026-07-22 05:30:00,4085.5,4146.0,4081.10009765625,4135.5,22086
2026-07-22 09:30:00,4135.10009765625,4140.0,4113.2998046875,4114.60009765625,17094
2026-07-22 13:30:00,4115.0,4127.89990234375,4114.7998046875,4127.39990234375,14639
2026-07-22 17:30:00,4127.5,4171.39990234375,4110.39990234375,4164.10009765625,48871
2026-07-22 21:30:00,4164.39990234375,4164.5,4133.89990234375,4136.39990234375,21198
2026-07-23 01:30:00,4136.39990234375,4142.7998046875,4074.60009765625,4135.7998046875,6181
2026-07-23 05:30:00,4136.7998046875,4144.0,4114.7001953125,4127.60009765625,13389
2026-07-23 09:30:00,4127.7001953125,4133.39990234375,4093.0,4098.2998046875,13507
2026-07-23 13:30:00,4098.5,4102.39990234375,4075.699951171875,4088.89990234375,19012
2026-07-23 17:30:00,4088.39990234375,4089.0,4042.5,4051.199951171875,66361
2026-07-23 21:30:00,4051.5,4057.5,4042.5,4052.10009765625,30270
2026-07-24 01:30:00,4051.89990234375,4053.800048828125,4048.800048828125,4049.39990234375,3208
2026-07-24 05:30:00,4049.800048828125,4054.10009765625,4025.300048828125,4031.10009765625,13644
2026-07-24 09:30:00,4031.300048828125,4056.300048828125,4024.0,4051.10009765625,13474
2026-07-24 13:30:00,4051.199951171875,4067.0,4047.5,4060.199951171875,14839
2026-07-24 17:30:00,4060.60009765625,4085.199951171875,4046.89990234375,4079.89990234375,44103
2026-07-24 21:30:00,4080.300048828125,4080.89990234375,4051.300048828125,4056.10009765625,22001
2026-07-25 01:30:00,4055.89990234375,4070.800048828125,4053.89990234375,4070.800048828125,1967
2026-07-27 01:30:00,4091.5,4099.0,4085.800048828125,4096.89990234375,3899
2026-07-27 05:30:00,4097.2001953125,4119.2998046875,4087.0,4092.5,15102
2026-07-27 09:30:00,4093.0,4108.2998046875,4086.5,4090.699951171875,10058
2026-07-27 13:30:00,4090.89990234375,4107.0,4088.39990234375,4095.89990234375,18298
2026-07-27 17:30:00,4096.10009765625,4099.7998046875,4067.10009765625,4080.60009765625,56144
2026-07-27 21:30:00,4080.800048828125,4095.699951171875,4072.199951171875,4085.5,24812
2026-07-28 01:30:00,4085.39990234375,4086.39990234375,4071.0,4074.39990234375,2733
2026-07-28 05:30:00,4074.39990234375,4075.5,4040.699951171875,4049.60009765625,13353
2026-07-28 09:30:00,4049.0,4052.89990234375,4034.60009765625,4047.300048828125,20275
2026-07-28 13:30:00,4047.300048828125,4055.60009765625,4016.5,4027.800048828125,30203
2026-07-28 17:30:00,4027.300048828125,4047.39990234375,4011.10009765625,4046.5,59429
2026-07-28 21:30:00,4046.699951171875,4046.800048828125,4021.39990234375,4025.89990234375,38149
2026-07-29 01:30:00,4025.800048828125,4034.0,4013.199951171875,4024.300048828125,2867
2026-07-29 05:30:00,4025.0,4036.800048828125,4009.300048828125,4021.5,3480
2026-07-29 09:30:00,4022.0,4106.7001953125,4019.300048828125,4102.60009765625,17037
2026-07-29 13:30:00,4103.0,4103.5,4084.0,4091.5,17271
2026-07-29 17:30:00,4091.699951171875,4092.5,4053.89990234375,4068.5,57366
2026-07-29 21:30:00,4068.5,4176.7998046875,4066.300048828125,4104.7001953125,75346
2026-07-30 01:30:00,4104.2001953125,4158.0,4101.7001953125,4142.0,8300
2026-07-30 05:30:00,4142.5,4151.5,4107.60009765625,4114.10009765625,15872
2026-07-30 09:30:00,4115.89990234375,4117.10009765625,4085.0,4096.10009765625,18776
2026-07-30 13:30:00,4096.10009765625,4142.2001953125,4093.89990234375,4136.0,22420
2026-07-30 17:30:00,4136.0,4180.2001953125,4123.2001953125,4167.0,57675
2026-07-30 21:30:00,4166.7998046875,4178.2998046875,4157.10009765625,4171.2001953125,19785
2026-07-31 01:30:00,4171.2998046875,4176.7001953125,4158.0,4164.39990234375,4650
2026-07-31 05:30:00,4164.7998046875,4165.39990234375,4129.7001953125,4133.10009765625,10408
2026-07-31 09:30:00,4132.60009765625,4145.2998046875,4124.7001953125,4125.10009765625,10710
2026-07-31 13:30:00,4125.39990234375,4125.39990234375,4106.5,4110.0,14909
2026-07-31 17:30:00,4110.2998046875,4115.7001953125,4076.39990234375,4101.7998046875,47274
2026-07-31 21:30:00,4101.7998046875,4111.89990234375,4097.2001953125,4107.7001953125,17656
2026-08-01 01:30:00,4107.60009765625,4109.2001953125,4097.39990234375,4107.0,2513
2026-08-03 01:30:00,4131.10009765625,4135.7998046875,4119.0,4130.39990234375,4169
2026-08-03 05:30:00,4130.5,4134.7001953125,4102.7001953125,4120.0,11890
2026-08-03 09:30:00,4120.39990234375,4127.2998046875,4107.2998046875,4117.10009765625,11382
2026-08-03 13:30:00,4117.0,4119.39990234375,4101.7001953125,4118.89990234375,11670
2026-08-03 17:30:00,4119.0,4121.10009765625,4074.0,4091.60009765625,33792
2026-08-03 21:30:00,4091.60009765625,4112.0,4085.39990234375,4108.2001953125,14431
2026-08-04 01:30:00,4108.2998046875,4115.0,4104.60009765625,4109.2998046875,3619
2026-08-04 05:30:00,4109.2001953125,4125.10009765625,4098.2001953125,4108.2001953125,10832
2026-08-04 09:30:00,4107.39990234375,4123.7001953125,4106.39990234375,4121.7998046875,11501
2026-08-04 13:30:00,4121.89990234375,4141.7998046875,4101.39990234375,4132.10009765625,19760
2026-08-04 17:30:00,4132.2998046875,4151.5,4117.2001953125,4144.2001953125,44791
2026-08-04 21:30:00,4144.39990234375,4163.7998046875,4132.10009765625,4135.2998046875,22320
2026-08-05 01:30:00,4135.60009765625,4142.10009765625,4121.60009765625,4128.7001953125,4247
2026-08-05 05:30:00,4128.60009765625,4193.7998046875,4126.2998046875,4186.60009765625,19228
2026-08-05 09:30:00,4186.10009765625,4238.5,4186.0,4229.89990234375,36240
2026-08-05 13:30:00,4229.89990234375,4252.2001953125,4209.10009765625,4248.5,30316
2026-08-05 17:30:00,4248.5,4325.5,4243.10009765625,4293.0,77865
2026-08-05 21:30:00,4293.60009765625,4328.2001953125,4285.0,4307.60009765625,31775
2026-08-06 01:30:00,4307.89990234375,4341.10009765625,4303.5,4337.2998046875,6938
2026-08-06 05:30:00,4337.2001953125,4363.7001953125,4319.60009765625,4324.89990234375,32976
2026-08-06 09:30:00,4324.5,4327.5,4306.2001953125,4321.7001953125,16086
2026-08-06 13:30:00,4322.0,4344.2001953125,4312.7001953125,4322.60009765625,18844
2026-08-06 17:30:00,4322.2001953125,4334.7001953125,4285.2001953125,4291.5,59778
2026-08-06 21:30:00,4291.7998046875,4309.7998046875,4281.2001953125,4307.7998046875,24762
2026-08-07 01:30:00,4307.7001953125,4311.7998046875,4293.60009765625,4311.0,3250
2026-08-07 05:30:00,4310.7001953125,4325.0,4288.0,4322.7998046875,14776
2026-08-07 09:30:00,4325.2998046875,4358.0,4320.2001953125,4348.89990234375,23243
2026-08-07 13:30:00,4349.2001953125,4387.10009765625,4347.89990234375,4380.7998046875,28868
2026-08-07 17:30:00,4380.60009765625,4432.2998046875,4361.0,4400.39990234375,81706
2026-08-07 21:30:00,4400.39990234375,4410.60009765625,4387.39990234375,4403.10009765625,27948
2026-08-08 01:30:00,4403.0,4404.60009765625,4395.2998046875,4399.7001953125,2589
2026-08-10 01:30:00,4398.0,4408.0,4390.7998046875,4392.0,2761
2026-08-10 05:30:00,4391.89990234375,4406.0,4373.89990234375,4387.7998046875,15250
2026-08-10 09:30:00,4387.7001953125,4421.5,4383.60009765625,4414.7001953125,16661
2026-08-10 13:30:00,4415.0,4416.0,4386.2998046875,4393.89990234375,16189
2026-08-10 17:30:00,4393.7998046875,4419.2001953125,4375.0,4417.89990234375,35007
2026-08-10 21:30:00,4418.10009765625,4453.7998046875,4408.60009765625,4446.7998046875,26899
2026-08-11 01:30:00,4447.0,4462.39990234375,4443.2001953125,4462.10009765625,3847
2026-08-11 05:30:00,4462.2998046875,4495.0,4453.0,4477.0,22500
2026-08-11 09:30:00,4476.5,4480.2998046875,4415.7001953125,4416.60009765625,23988
2026-08-11 13:30:00,4417.10009765625,4451.7998046875,4416.10009765625,4446.10009765625,18589
2026-08-11 17:30:00,4446.2001953125,4463.2998046875,4428.2001953125,4443.2001953125,43120
2026-08-11 21:30:00,4443.5,4445.7001953125,4419.7001953125,4429.7001953125,21729
2026-08-12 01:30:00,4429.2998046875,4437.7998046875,4421.39990234375,4430.39990234375,4367
2026-08-12 05:30:00,4430.60009765625,4475.7001953125,4426.0,4461.7998046875,16569
2026-08-12 09:30:00,4462.39990234375,4469.5,4444.0,4465.89990234375,15869
2026-08-12 13:30:00,4465.89990234375,4484.2001953125,4460.60009765625,4472.39990234375,17724
2026-08-12 17:30:00,4472.39990234375,4502.7001953125,4440.0,4480.39990234375,66467
2026-08-12 21:30:00,4480.2001953125,4486.2001953125,4455.89990234375,4473.89990234375,23254
2026-08-13 01:30:00,4473.7001953125,4474.2998046875,4456.5,4473.10009765625,2692
2026-08-13 05:30:00,4473.2001953125,4509.10009765625,4457.0,4458.2998046875,21611
2026-08-13 09:30:00,4458.7001953125,4465.2001953125,4425.60009765625,4426.39990234375,21110
2026-08-13 13:30:00,4426.39990234375,4454.2001953125,4420.2998046875,4444.39990234375,16024
2026-08-13 17:30:00,4444.5,4460.0,4408.7998046875,4422.39990234375,46034
2026-08-13 21:30:00,4422.2998046875,4430.60009765625,4400.0,4406.2001953125,24025
2026-08-14 01:30:00,4406.2001953125,4419.39990234375,4402.89990234375,4411.7998046875,5425
2026-08-14 05:30:00,4411.60009765625,4417.39990234375,4365.5,4379.60009765625,22767
2026-08-14 09:30:00,4379.2001953125,4401.60009765625,4365.60009765625,4399.7998046875,12930
2026-08-14 13:30:00,4399.7998046875,4426.0,4398.10009765625,4425.7998046875,16257
2026-08-14 17:30:00,4425.5,4454.60009765625,4421.7998046875,4449.0,45653
2026-08-14 21:30:00,4449.0,4454.2998046875,4427.5,4431.5,18128
2026-08-15 01:30:00,4431.39990234375,4437.2998046875,4426.89990234375,4437.2998046875,1871
2026-08-17 01:30:00,4433.7001953125,4442.5,4422.2998046875,4425.5,4231
2026-08-17 05:30:00,4426.0,4473.2001953125,4423.5,4453.7001953125,17235
2026-08-17 09:30:00,4453.5,4467.89990234375,4443.39990234375,4461.5,14099
2026-08-17 13:30:00,4461.7998046875,4462.60009765625,4445.7001953125,4453.39990234375,14538
2026-08-17 17:30:00,4453.10009765625,4485.2998046875,4433.39990234375,4484.7998046875,41787
2026-08-17 21:30:00,4485.0,4486.5,4454.5,4475.7001953125,24564
2026-08-18 01:30:00,4475.89990234375,4482.10009765625,4466.0,4482.0,3239
2026-08-18 05:30:00,4482.2998046875,4493.10009765625,4446.2998046875,4448.10009765625,17889
2026-08-18 09:30:00,4447.39990234375,4459.5,4441.39990234375,4451.2001953125,12958
2026-08-18 13:30:00,4451.60009765625,4456.2001953125,4442.39990234375,4452.2998046875,11747
2026-08-18 17:30:00,4452.60009765625,4463.0,4406.7998046875,4420.2001953125,58344
2026-08-18 21:30:00,4420.2998046875,4427.0,4392.2998046875,4400.0,20583
2026-08-19 01:30:00,4400.10009765625,4401.2001953125,4379.60009765625,4386.0,6473
2026-08-19 05:30:00,4386.10009765625,4415.7998046875,4378.0,4409.0,20598
2026-08-19 09:30:00,4408.89990234375,4417.2001953125,4388.2001953125,4408.2998046875,18185
2026-08-19 13:30:00,4408.39990234375,4429.10009765625,4404.7998046875,4419.10009765625,14580
2026-08-19 17:30:00,4419.7001953125,4557.60009765625,4417.0,4552.2001953125,128900
2026-08-19 21:30:00,4552.2001953125,4569.60009765625,4530.39990234375,4568.0,46084
2026-08-20 01:30:00,4568.39990234375,4583.7998046875,4562.7998046875,4569.2001953125,8845
2026-08-20 05:30:00,4568.7001953125,4578.60009765625,4542.10009765625,4555.7001953125,20428
2026-08-20 09:30:00,4556.39990234375,4556.60009765625,4534.7998046875,4547.60009765625,17658
2026-08-20 13:30:00,4547.89990234375,4555.89990234375,4521.2001953125,4523.10009765625,24930
2026-08-20 17:30:00,4523.2998046875,4597.10009765625,4506.0,4577.2998046875,85235
2026-08-20 21:30:00,4577.5,4588.0,4559.2001953125,4584.89990234375,24901
2026-08-21 01:30:00,4584.5,4589.0,4571.0,4582.2001953125,5466
2026-08-21 05:30:00,4582.2998046875,4600.2998046875,4565.5,4590.89990234375,18292
2026-08-21 09:30:00,4591.5,4625.0,4585.39990234375,4621.0,24963
2026-08-21 13:30:00,4621.39990234375,4661.7001953125,4615.7998046875,4654.39990234375,39405
2026-08-21 17:30:00,4654.7001953125,4673.0,4620.5,4672.0,64506
2026-08-21 21:30:00,4672.10009765625,4690.39990234375,4666.2998046875,4674.7001953125,35105
2026-08-22 01:30:00,4674.60009765625,4680.60009765625,4661.0,4680.60009765625,2580
2026-08-24 01:30:00,4675.39990234375,4682.0,4661.89990234375,4681.60009765625,5610
2026-08-24 05:30:00,4681.60009765625,4713.7998046875,4651.7998046875,4698.2001953125,31983
2026-08-24 09:30:00,4698.2001953125,4716.7001953125,4685.5,4697.39990234375,22091
2026-08-24 13:30:00,4697.7998046875,4728.2998046875,4684.2001953125,4715.0,34478
2026-08-24 17:30:00,4715.2001953125,4738.5,4696.5,4706.0,63522
2026-08-24 21:30:00,4706.0,4719.60009765625,4681.2001953125,4707.5,40134
2026-08-25 01:30:00,4707.89990234375,4740.60009765625,4703.39990234375,4737.2001953125,7547
2026-08-25 05:30:00,4737.2998046875,4755.0,4670.5,4688.2998046875,36903
2026-08-25 09:30:00,4689.39990234375,4709.60009765625,4679.2998046875,4686.10009765625,19944
2026-08-25 13:30:00,4686.10009765625,4703.5,4676.2998046875,4698.39990234375,22050
2026-08-25 17:30:00,4698.7001953125,4716.39990234375,4659.5,4709.5,58301
2026-08-25 21:30:00,4709.60009765625,4725.60009765625,4691.2998046875,4723.39990234375,27741
2026-08-26 01:30:00,4723.2998046875,4730.89990234375,4710.2998046875,4712.10009765625,5551
2026-08-26 05:30:00,4711.89990234375,4728.0,4686.2001953125,4701.10009765625,20788
2026-08-26 09:30:00,4699.7998046875,4706.2998046875,4681.10009765625,4685.10009765625,14048
2026-08-26 13:30:00,4684.89990234375,4687.0,4668.7998046875,4680.2998046875,17100
2026-08-26 17:30:00,4680.60009765625,4690.0,4638.2001953125,4651.39990234375,64795
2026-08-26 21:30:00,4651.60009765625,4660.2998046875,4640.7998046875,4648.89990234375,26174
2026-08-27 01:30:00,4649.0,4678.89990234375,4638.60009765625,4677.5,5370
2026-08-27 05:30:00,4677.89990234375,4697.7001953125,4654.5,4679.0,20021
2026-08-27 09:30:00,4679.7001953125,4681.7998046875,4647.2001953125,4653.39990234375,20182
2026-08-27 13:30:00,4654.0,4660.5,4618.89990234375,4652.2998046875,26986
2026-08-27 17:30:00,4652.0,4665.5,4616.0,4664.5,43894
2026-08-27 21:30:00,4664.7001953125,4672.39990234375,4654.7001953125,4662.7001953125,18692
2026-08-28 01:30:00,4662.7998046875,4664.7998046875,4647.2998046875,4647.60009765625,3690
2026-08-28 05:30:00,4647.7998046875,4655.7001953125,4628.0,4631.39990234375,12440
2026-08-28 09:30:00,4632.2998046875,4667.39990234375,4623.0,4665.0,16913
2026-08-28 13:30:00,4664.89990234375,4667.7001953125,4643.60009765625,4645.60009765625,14471
2026-08-28 17:30:00,4645.60009765625,4688.0,4574.7998046875,4575.7001953125,129294
2026-08-28 21:30:00,4575.89990234375,4580.89990234375,4495.0,4507.89990234375,88402
2026-08-29 01:30:00,4507.89990234375,4529.89990234375,4502.7001953125,4529.89990234375,3151
2026-08-31 01:30:00,4506.2998046875,4516.60009765625,4485.2001953125,4507.7998046875,9960
2026-08-31 05:30:00,4507.7998046875,4521.5,4445.60009765625,4472.0,33443
2026-08-31 09:30:00,4472.2998046875,4498.5,4462.5,4493.2998046875,17203
2026-08-31 13:30:00,4493.2998046875,4514.89990234375,4483.89990234375,4506.2001953125,14668
2026-08-31 17:30:00,4506.10009765625,4511.89990234375,4466.39990234375,4475.5,45678
2026-08-31 21:30:00,4475.89990234375,4502.7001953125,4473.0,4502.0,22501
2026-09-01 01:30:00,4502.2998046875,4504.89990234375,4490.2998046875,4501.0,3460
2026-09-01 05:30:00,4501.2998046875,4510.5,4477.10009765625,4487.0,15711
2026-09-01 09:30:00,4485.7001953125,4494.7001953125,4460.5,4468.7001953125,18204
2026-09-01 13:30:00,4468.60009765625,4468.60009765625,4413.0,4422.89990234375,41960
2026-09-01 17:30:00,4423.0,4424.89990234375,4374.10009765625,4421.7001953125,71985
2026-09-01 21:30:00,4421.60009765625,4423.2998046875,4369.7001953125,4374.0,36138
2026-09-02 01:30:00,4374.10009765625,4382.0,4367.7001953125,4370.60009765625,7910
2026-09-02 05:30:00,4370.7001953125,4380.89990234375,4329.2001953125,4348.7998046875,39577
2026-09-02 09:30:00,4349.89990234375,4377.7998046875,4347.7998046875,4369.7998046875,19681
2026-09-02 13:30:00,4370.10009765625,4380.2001953125,4349.10009765625,4379.60009765625,21127
2026-09-02 17:30:00,4379.5,4444.39990234375,4374.39990234375,4419.89990234375,73278
2026-09-02 21:30:00,4419.7001953125,4437.89990234375,4411.10009765625,4437.7001953125,21660
2026-09-03 01:30:00,4437.39990234375,4438.2001953125,4426.7001953125,4431.0,3940
2026-09-03 05:30:00,4431.2001953125,4478.2001953125,4427.7998046875,4477.10009765625,24825
2026-09-03 09:30:00,4477.2998046875,4486.0,4462.7998046875,4474.7001953125,28001
2026-09-03 13:30:00,4474.5,4493.39990234375,4464.89990234375,4490.2001953125,28998
2026-09-03 17:30:00,4490.0,4558.5,4484.10009765625,4540.7998046875,91674
2026-09-03 21:30:00,4540.7001953125,4543.39990234375,4520.2998046875,4522.89990234375,24775
2026-09-04 01:30:00,4522.7001953125,4527.2001953125,4517.7001953125,4526.89990234375,4090
2026-09-04 05:30:00,4527.0,4533.60009765625,4513.0,4513.7998046875,13915
2026-09-04 09:30:00,4513.10009765625,4537.7998046875,4506.60009765625,4530.2998046875,18130
2026-09-04 13:30:00,4530.39990234375,4533.60009765625,4510.0,4513.10009765625,14517
2026-09-04 17:30:00,4513.2998046875,4523.5,4412.0,4483.2998046875,106863
2026-09-04 21:30:00,4483.7998046875,4491.0,4459.0,4482.0,25348
2026-09-05 01:30:00,4481.7998046875,4482.2998046875,4475.60009765625,4476.60009765625,1799
2026-09-08 09:30:00,4483.5,4488.7998046875,4434.2998046875,4436.7001953125,19273
2026-09-08 13:30:00,4436.60009765625,4452.39990234375,4432.0,4450.89990234375,17765
2026-09-08 17:30:00,4450.89990234375,4457.89990234375,4429.5,4439.7998046875,42680
2026-09-08 21:30:00,4440.0,4448.60009765625,4401.10009765625,4404.5,37909
2026-09-09 01:30:00,4404.10009765625,4409.5,4381.0,4393.10009765625,7703
2026-09-09 05:30:00,4393.2998046875,4428.39990234375,4384.10009765625,4420.39990234375,16009
2026-09-09 09:30:00,4418.7001953125,4456.2998046875,4414.2001953125,4452.89990234375,22036
2026-09-09 13:30:00,4452.7998046875,4459.89990234375,4430.0,4451.60009765625,21061
2026-09-09 17:30:00,4451.5,4479.0,4419.2998046875,4442.7001953125,71151
2026-09-09 21:30:00,4442.89990234375,4466.7001953125,4435.7998046875,4444.39990234375,25192
2026-09-10 01:30:00,4444.2001953125,4450.39990234375,4436.7001953125,4437.5,5580
2026-09-10 05:30:00,4437.7001953125,4464.5,4433.2001953125,4451.89990234375,14482
2026-09-10 09:30:00,4452.39990234375,4479.89990234375,4447.5,4454.89990234375,24542
2026-09-10 13:30:00,4454.7001953125,4455.7001953125,4415.10009765625,4416.7001953125,25064
2026-09-10 17:30:00,4416.7998046875,4419.89990234375,4365.39990234375,4407.7998046875,81721
2026-09-10 21:30:00,4408.10009765625,4412.0,4354.7001953125,4365.7001953125,39456
2026-09-11 01:30:00,4365.5,4365.7998046875,4351.2998046875,4354.5,4401
2026-09-11 05:30:00,4355.5,4380.7001953125,4341.39990234375,4345.0,20824
2026-09-11 09:30:00,4344.2001953125,4402.0,4342.39990234375,4386.10009765625,19771
2026-09-11 13:30:00,4386.2998046875,4399.2998046875,4372.10009765625,4375.0,18500
2026-09-11 17:30:00,4375.2998046875,4444.89990234375,4333.0,4408.60009765625,91994
2026-09-11 21:30:00,4408.60009765625,4414.39990234375,4384.89990234375,4391.0,29331
2026-09-12 01:30:00,4391.0,4408.89990234375,4387.2998046875,4408.89990234375,1499
2026-09-14 01:30:00,4371.89990234375,4383.0,4368.60009765625,4373.2998046875,4532
2026-09-14 05:30:00,4373.2998046875,4396.7998046875,4367.10009765625,4370.60009765625,16934
2026-09-14 09:30:00,4370.60009765625,4379.2998046875,4348.0,4350.7001953125,15751
2026-09-14 13:30:00,4350.89990234375,4358.39990234375,4317.2998046875,4326.89990234375,28295
2026-09-14 17:30:00,4327.10009765625,4339.39990234375,4293.0,4329.10009765625,59275
2026-09-14 21:30:00,4329.2998046875,4358.89990234375,4323.2001953125,4324.10009765625,30760
2026-09-15 01:30:00,4324.10009765625,4343.60009765625,4322.7998046875,4329.0,7093
2026-09-15 05:30:00,4328.89990234375,4358.2001953125,4323.7998046875,4345.10009765625,18878
2026-09-15 09:30:00,4344.0,4350.39990234375,4316.60009765625,4320.7001953125,19589
2026-09-15 13:30:00,4320.7998046875,4326.7001953125,4301.60009765625,4324.39990234375,24047
2026-09-15 17:30:00,4324.39990234375,4340.7001953125,4311.0,4329.89990234375,43698
2026-09-15 21:30:00,4329.60009765625,4350.7998046875,4325.39990234375,4337.2998046875,27888
2026-09-16 01:30:00,4337.2998046875,4339.5,4321.2001953125,4323.2998046875,7592
2026-09-16 05:30:00,4323.89990234375,4381.89990234375,4315.2001953125,4367.2001953125,30515
2026-09-16 09:30:00,4368.0,4379.10009765625,4361.5,4369.0,14285
2026-09-16 13:30:00,4369.0,4394.7998046875,4362.60009765625,4382.7998046875,30851
2026-09-16 17:30:00,4382.7998046875,4405.2001953125,4364.5,4394.7001953125,53575
2026-09-16 21:30:00,4394.89990234375,4413.10009765625,4273.2998046875,4311.39990234375,103307
2026-09-17 01:30:00,4311.2001953125,4314.0,4294.5,4309.7001953125,8743
2026-09-17 05:30:00,4309.7998046875,4356.2001953125,4304.39990234375,4335.39990234375,28433
2026-09-17 09:30:00,4334.2001953125,4374.39990234375,4323.7001953125,4366.10009765625,20175
2026-09-17 13:30:00,4366.39990234375,4393.5,4343.7998046875,4390.0,26323
2026-09-17 17:30:00,4390.0,4423.2998046875,4383.7998046875,4409.7998046875,58250
2026-09-17 21:30:00,4410.10009765625,4412.7001953125,4381.60009765625,4385.2001953125,22513
2026-09-18 01:30:00,4385.60009765625,4388.5,4378.2998046875,4385.0,4374
2026-09-18 05:30:00,4384.39990234375,4404.60009765625,4372.2001953125,4396.60009765625,19226
2026-09-18 09:30:00,4397.60009765625,4439.7998046875,4391.7998046875,4433.2998046875,22949
2026-09-18 13:30:00,4433.2001953125,4438.2998046875,4411.39990234375,4420.7998046875,18576
2026-09-18 17:30:00,4420.89990234375,4421.89990234375,4381.0,4395.0,41762
2026-09-18 21:30:00,4395.2001953125,4435.2001953125,4393.39990234375,4415.60009765625,27367
2026-09-19 01:30:00,4415.60009765625,4424.89990234375,4414.39990234375,4424.89990234375,2172
2026-09-21 01:30:00,4415.0,4417.7998046875,4406.89990234375,4411.60009765625,2868
2026-09-21 05:30:00,4411.5,4422.10009765625,4395.39990234375,4395.7998046875,19091
2026-09-21 09:30:00,4396.7998046875,4402.89990234375,4379.0,4381.60009765625,17344
2026-09-21 13:30:00,4381.5,4409.39990234375,4377.5,4407.2998046875,17939
2026-09-21 17:30:00,4407.10009765625,4413.0,4360.2998046875,4386.2998046875,48324
2026-09-21 21:30:00,4386.5,4395.7001953125,4375.7001953125,4383.0,23522
2026-09-22 01:30:00,4383.0,4408.60009765625,4377.2998046875,4406.7998046875,7520
2026-09-22 05:30:00,4407.0,4414.10009765625,4376.2998046875,4379.10009765625,19512
2026-09-22 09:30:00,4378.5,4384.2001953125,4335.5,4337.5,27469
2026-09-22 13:30:00,4337.2001953125,4375.2998046875,4327.60009765625,4359.89990234375,36107
2026-09-22 17:30:00,4360.2001953125,4381.89990234375,4351.7998046875,4368.7001953125,46503
2026-09-22 21:30:00,4368.60009765625,4409.60009765625,4359.7998046875,4401.7998046875,32629
2026-09-23 01:30:00,4402.10009765625,4404.10009765625,4393.5,4402.0,5365
2026-09-23 05:30:00,4401.39990234375,4407.5,4370.0,4380.0,15964
2026-09-23 09:30:00,4379.39990234375,4384.39990234375,4355.10009765625,4356.2001953125,16670
2026-09-23 13:30:00,4356.2001953125,4359.7998046875,4330.89990234375,4346.2998046875,18985
2026-09-23 17:30:00,4346.39990234375,4355.60009765625,4313.2998046875,4318.2998046875,56156
2026-09-23 21:30:00,4318.2998046875,4331.5,4310.7001953125,4320.60009765625,25646
2026-09-24 01:30:00,4320.2998046875,4328.7998046875,4318.39990234375,4323.7998046875,5098
2026-09-24 05:30:00,4324.10009765625,4338.0,4308.0,4318.89990234375,22309
2026-09-24 09:30:00,4320.10009765625,4331.2001953125,4309.0,4313.2998046875,13848
2026-09-24 13:30:00,4313.39990234375,4320.2998046875,4278.2998046875,4300.39990234375,30255
2026-09-24 17:30:00,4300.2001953125,4320.0,4279.5,4291.2998046875,41607
2026-09-24 21:30:00,4291.5,4324.2998046875,4287.2001953125,4309.39990234375,41772
2026-09-25 01:30:00,4309.10009765625,4312.7998046875,4299.7001953125,4300.10009765625,7932
2026-09-25 05:30:00,4299.89990234375,4331.0,4299.2998046875,4305.7001953125,11760
2026-09-25 09:30:00,4304.7998046875,4317.0,4290.2998046875,4314.7998046875,15473
2026-09-25 13:30:00,4314.5,4351.60009765625,4310.0,4338.60009765625,22335
2026-09-25 17:30:00,4339.10009765625,4345.2998046875,4289.2001953125,4326.39990234375,49733
2026-09-25 21:30:00,4326.5,4336.0,4314.5,4322.5,12948
